ax,ay,az,gx,gy,gz
-0.040701428222656245,0.97683427734375,10.517727893066406,-0.6272526807930765,-0.11790964794007493,0.6672220529761528
0.011971008300781249,1.0319009155273438,10.570400329589843,-0.053159265003491406,0.023848392069235495,-0.006128637068071691
0.031124621582031248,0.9792284790039062,10.47702646484375,-0.044099540641994124,0.024114854550456002,-0.0037304747370871167
0.05746083984375,0.9217676391601562,10.491391674804687,-0.040502297145517265,0.02011791733214838,-0.004929555902579405
0.009576806640625,0.9504980590820312,10.632649572753905,-0.03916998473941472,0.029444104174866172,0.0033307810152563544
0.031124621582031248,0.9337386474609375,10.491391674804687,-0.040768759626737774,0.02584686067838931,-0.002264931090374321
0.08140285644531249,1.0773907470703123,10.570400329589843,-0.04036906590490701,0.031042879062189218,-0.002398162330984575
0.00718260498046875,1.0869675537109373,10.51533369140625,-0.04689739669480947,0.0433001531983326,0.00013323124061025415
0.0526724365234375,0.9888052856445312,10.572794531249999,-0.0479632466196915,0.036505359927209644,0.00013323124061025415
0.02633621826171875,0.9935936889648437,10.532093103027343,-0.04783001537908124,0.036238897445989134,0.0006661562030512709
0.00718260498046875,0.9313444458007812,10.568006127929687,-0.05022817771006582,0.03397396635561481,-0.0021316998497640663
-0.011971008300781249,0.9983820922851562,10.565611926269531,-0.053159265003491406,0.03264165394951227,0.0006661562030512709
-0.047884033203124995,1.0103531005859374,10.613495959472656,-0.040768759626737774,0.026779479362661087,0.0006661562030512709
0.02633621826171875,0.9193734375,10.465055456542968,-0.04170137831100955,0.027978560528153375,-0.003464012255866608
-0.011971008300781249,1.0031704956054688,10.558429321289061,-0.03490658503988659,0.018385911204215073,-0.004663093421358896
0.05746083984375,1.0031704956054688,10.627861169433594,-0.045298621807486415,0.01971822361031762,0.000799387443661525
0.076614453125,0.9313444458007812,10.568006127929687,-0.04876263406335302,0.02105053601642016,-0.0033307810152563544
-0.0143652099609375,1.0103531005859374,10.59194814453125,-0.0415681470703993,0.02438131703167651,-0.0037304747370871167
0.009576806640625,1.005564697265625,10.520122094726561,-0.0479632466196915,0.027845329287543123,0.0003996937218307625
0.09816226806640624,0.93852705078125,10.651803186035156,-0.04729709041664023,0.04636447173236845,0.0011990811654922875
0.0,0.9816226806640624,10.632649572753905,-0.04596477801053769,0.035705972483548114,-0.004396630940138387
-0.05746083984375,1.01514150390625,10.579977136230468,-0.05062787143189658,0.0401026034236865,-0.0035972434964768626
-0.028730419921875,0.9720458740234375,10.577582934570312,-0.045165390566876164,0.0305099540997482,-0.0026646248122050836
0.0383072265625,0.9457096557617187,10.541669909667968,-0.045565084288706925,0.031575804024630234,-0.003863705977697371
0.0430956298828125,0.9624690673828125,10.682927807617187,-0.04703062793541972,0.03130934154340973,-0.007061255752343471
-0.031124621582031248,1.0534487304687499,10.606313354492187,-0.04743032165725048,0.02904441045303541,0.0
0.0718260498046875,0.9361328491210937,10.539275708007812,-0.046231240491758196,0.027978560528153375,-0.006661562030512709
0.02633621826171875,1.0007762939453124,10.558429321289061,-0.050361408950676076,0.03011026037791744,-0.005595712105630674
0.05985504150390625,0.9313444458007812,10.524910498046875,-0.04743032165725048,0.03130934154340973,-0.0035972434964768626
0.00718260498046875,1.0127473022460938,10.582371337890624,-0.049961715228845315,0.02624655440022007,-0.0009326186842717792
0.040701428222656245,1.0319009155273438,10.565611926269531,-0.0479632466196915,0.028911179212425153,-0.0037304747370871167
-0.0047884033203125,0.9648632690429687,10.539275708007812,-0.05022817771006582,0.03424042883683532,-0.0029310872934255917
0.09576806640624999,0.9840168823242187,10.568006127929687,-0.049428790266404295,0.03384073511500456,-0.007860643196004996
0.00718260498046875,1.0295067138671874,10.608707556152343,-0.05329249624410167,0.021583460978861175,-0.004130168458917879
0.06703764648437499,0.9337386474609375,10.563217724609375,-0.053026033762881154,0.03530627876171736,-0.006928024511733216
0.06703764648437499,0.97683427734375,10.579977136230468,-0.041301684589178794,0.018785604926045835,-0.005462480865020421
0.05027823486328125,1.0534487304687499,10.520122094726561,-0.046764165454199216,0.026379785640830326,-0.0031975497746461
0.0047884033203125,1.0175357055664063,10.589553942871094,-0.05342572748471192,0.03370750387439431,-0.00013323124061025415
0.028730419921875,0.928950244140625,10.54645831298828,-0.05076110267250683,0.03011026037791744,-0.0021316998497640663
-0.009576806640625,0.9504980590820312,10.587159741210938,-0.05062787143189658,0.03144257278401998,-0.0037304747370871167
0.10295067138671875,0.9457096557617187,10.572794531249999,-0.04849617158213252,0.0287779479718149,-0.005062787143189658
-0.00239420166015625,1.0462661254882812,10.560823522949217,-0.05156049011616837,0.032108728987071254,-0.003464012255866608
0.040701428222656245,0.9074024291992187,10.673351000976561,-0.05156049011616837,0.025447166956558548,-0.004396630940138387
0.086191259765625,0.9576806640625,10.532093103027343,-0.04836294034152226,0.02598009191899956,-0.005329249624410167
0.0,1.005564697265625,10.51533369140625,-0.045032159326265905,0.01971822361031762,-0.0026646248122050836
0.047884033203124995,0.967257470703125,10.601524951171875,-0.048229709100912004,0.03863705977697371,0.0018652373685435584
0.076614453125,0.9457096557617187,10.500968481445312,-0.0514272588755581,0.03397396635561481,-0.00479632466196915
-0.05746083984375,0.9624690673828125,10.620678564453124,-0.05049464019128633,0.023182235866184224,-0.0037304747370871167
0.076614453125,1.0007762939453124,10.594342346191405,-0.05529096485325548,0.037304747370871166,0.0018652373685435584
-0.00239420166015625,0.9361328491210937,10.589553942871094,-0.045165390566876164,0.035705972483548114,0.0002664624812205083
0.03591302490234375,0.9744400756835937,10.587159741210938,-0.04809647786030175,0.03424042883683532,-0.0010658499248820332
0.00718260498046875,0.9983820922851562,10.582371337890624,-0.04876263406335302,0.025180704475338038,-0.0035972434964768626
0.06943184814453125,0.9600748657226562,10.572794531249999,-0.04916232778518379,0.027712098046932865,-0.002264931090374321
0.05027823486328125,0.9959878906249999,10.582371337890624,-0.04769678413847099,0.029177641693645662,-0.0058621745868511835
0.12449848632812499,0.9648632690429687,10.505756884765624,-0.04250076575467108,0.03477335379927634,-0.0031975497746461
0.04548983154296875,0.9935936889648437,10.59194814453125,-0.04769678413847099,0.02904441045303541,0.0019984686091538122
0.06464344482421874,0.9552864624023437,10.637437976074217,-0.04929555902579404,0.044099540641994124,-0.001732006127933304
-0.00239420166015625,0.9361328491210937,10.510545288085936,-0.048229709100912004,0.036238897445989134,-0.0037304747370871167
0.00718260498046875,0.967257470703125,10.627861169433594,-0.0514272588755581,0.02131699849764067,-0.009725880564548555
0.062249243164062495,1.0103531005859374,10.541669909667968,-0.044232771882604376,0.031042879062189218,-0.004663093421358896
0.01915361328125,1.0821791503906248,10.647014782714843,-0.050361408950676076,0.035972434964768624,-0.0035972434964768626
0.0430956298828125,0.93852705078125,10.64222637939453,-0.05502450237203497,0.03264165394951227,-0.004663093421358896
0.009576806640625,1.024718310546875,10.611101757812499,-0.044632465604435144,0.029444104174866172,-0.004263399699528133
-0.0047884033203125,1.0438719238281249,10.639832177734375,-0.04849617158213252,0.025447166956558548,-0.00479632466196915
-0.033518823242187495,1.0031704956054688,10.582371337890624,-0.0514272588755581,0.031975497746460996,-0.00159877488732305
0.028730419921875,0.97683427734375,10.608707556152343,-0.05209341507860938,0.04316692195772235,0.000799387443661525
0.011971008300781249,1.0534487304687499,10.541669909667968,-0.046231240491758196,0.022516079663132953,-0.004130168458917879
0.00239420166015625,1.0319009155273438,10.572794531249999,-0.049562021507014546,0.03170903526524049,-0.00013323124061025415
0.031124621582031248,0.9600748657226562,10.59194814453125,-0.04716385917602997,0.03357427263378405,-0.0031975497746461
-0.009576806640625,1.0486603271484374,10.582371337890624,-0.04743032165725048,0.036505359927209644,-0.0031975497746461
0.0,1.005564697265625,10.582371337890624,-0.04783001537908124,0.022116385941302188,-0.004929555902579405
0.023942016601562498,0.9911994873046874,10.510545288085936,-0.04783001537908124,0.02531393571594829,-0.0002664624812205083
0.02633621826171875,1.0797849487304687,10.579977136230468,-0.0433001531983326,0.014255742745297196,-0.007860643196004996
0.023942016601562498,0.97683427734375,10.62307276611328,-0.04543185304809667,0.020650842294589397,-0.002531393571594829
0.05027823486328125,1.0295067138671874,10.635043774414061,-0.049428790266404295,0.036238897445989134,-0.0009326186842717792
0.02154781494140625,0.9576806640625,10.50815108642578,-0.049562021507014546,0.03743797861148142,-0.005462480865020421
0.086191259765625,0.9241618408203125,10.587159741210938,-0.04743032165725048,0.03077641658096871,-0.0029310872934255917
-0.023942016601562498,0.9241618408203125,10.50815108642578,-0.04862940282274277,0.033041347671343035,-0.004130168458917879
0.00718260498046875,1.024718310546875,10.572794531249999,-0.050894333913117096,0.027578866806322613,-0.0035972434964768626
-0.011971008300781249,0.9935936889648437,10.582371337890624,-0.05462480865020421,0.022249617181912446,-0.006261868308681946
0.0526724365234375,0.9504980590820312,10.556035119628906,-0.0464977029729787,0.023848392069235495,-0.008793261880276773
0.040701428222656245,0.9888052856445312,10.568006127929687,-0.0479632466196915,0.02531393571594829,-0.006928024511733216
0.0047884033203125,1.0031704956054688,10.560823522949217,-0.050894333913117096,0.03903675349880447,-0.002797856052815337
0.028730419921875,0.9409212524414062,10.58476553955078,-0.04396630940138387,0.027845329287543123,-0.008526799399056265
0.028730419921875,1.0127473022460938,10.541669909667968,-0.049029096544573526,0.03943644722063524,-0.00013323124061025415
0.03591302490234375,0.928950244140625,10.544064111328124,-0.0479632466196915,0.0334410413931738,0.0006661562030512709
-0.047884033203124995,1.0534487304687499,10.565611926269531,-0.04876263406335302,0.036505359927209644,0.0039969372183076245
-0.016759411621093748,0.9145850341796874,10.606313354492187,-0.0528928025222709,0.03757120985209167,0.004663093421358896
0.028730419921875,0.9720458740234375,10.603919152832031,-0.049029096544573526,0.03557274124293786,-0.0009326186842717792
-0.028730419921875,0.9935936889648437,10.587159741210938,-0.04689739669480947,0.0305099540997482,-0.0039969372183076245
0.06703764648437499,0.948103857421875,10.558429321289061,-0.049428790266404295,0.026113323159609816,-0.004663093421358896
0.05985504150390625,0.9792284790039062,10.663774194335938,-0.049961715228845315,0.01945176112909711,-0.00479632466196915
0.0526724365234375,0.9720458740234375,10.534487304687499,-0.04543185304809667,0.02371516082862524,-0.0035972434964768626
-0.03591302490234375,1.0558429321289062,10.582371337890624,-0.04849617158213252,0.03530627876171736,0.0010658499248820332
0.0526724365234375,0.9337386474609375,10.50815108642578,-0.041967840792230066,0.03503981628049684,-0.0030643185340358454
0.031124621582031248,0.9983820922851562,10.527304699707031,-0.05076110267250683,0.028644716731204646,-0.005062787143189658
0.02154781494140625,0.9935936889648437,10.572794531249999,-0.05102756515372735,0.024514548272286763,-0.008793261880276773
-0.03591302490234375,0.9840168823242187,10.570400329589843,-0.04663093421358895,0.02464777951289702,-0.004663093421358896
-0.04548983154296875,0.9576806640625,10.544064111328124,-0.04769678413847099,0.033307810152563545,-0.0029310872934255917
0.03591302490234375,0.8978256225585937,10.625466967773438,-0.04769678413847099,0.028111791768763626,-0.0005329249624410166
0.00718260498046875,1.0319009155273438,10.649408984374999,-0.040502297145517265,0.029310872934255914,-0.0009326186842717792
0.03591302490234375,0.9097966308593749,10.568006127929687,-0.045032159326265905,0.03583920372415837,0.0021316998497640663
0.028730419921875,1.0031704956054688,10.606313354492187,-0.045298621807486415,0.03370750387439431,-0.002531393571594829
-0.02633621826171875,0.9792284790039062,10.565611926269531,-0.04849617158213252,0.04343338443894285,0.00013323124061025415
-0.03591302490234375,0.9504980590820312,10.579977136230468,-0.04170137831100955,0.02531393571594829,-0.0003996937218307625
0.09576806640624999,1.0845733520507812,10.64222637939453,-0.04250076575467108,0.016787136316892024,-0.004263399699528133
0.040701428222656245,0.9624690673828125,10.551246716308594,-0.044099540641994124,0.041035222107958284,0.0014655436467127959
-0.011971008300781249,0.8810662109374999,10.618284362792968,-0.04276722823589159,0.04569831552931718,0.002398162330984575
0.009576806640625,1.0869675537109373,10.589553942871094,-0.03916998473941472,0.02131699849764067,-0.0075941807147844875
0.0430956298828125,0.9935936889648437,10.611101757812499,-0.04596477801053769,0.03130934154340973,-0.005595712105630674
-0.00239420166015625,0.9888052856445312,10.558429321289061,-0.04569831552931718,0.02464777951289702,-0.0014655436467127959
0.09816226806640624,0.9816226806640624,10.613495959472656,-0.046764165454199216,0.028111791768763626,-0.0021316998497640663
0.03591302490234375,0.9935936889648437,10.520122094726561,-0.044632465604435144,0.020917304775809907,-0.005196018383799912
0.047884033203124995,0.9696516723632812,10.635043774414061,-0.04689739669480947,0.04263399699528134,0.002531393571594829
-0.031124621582031248,0.9720458740234375,10.517727893066406,-0.04729709041664023,0.04223430327345057,0.0002664624812205083
0.00718260498046875,1.0319009155273438,10.503362683105468,-0.04929555902579404,0.029310872934255914,-0.0033307810152563544
0.00718260498046875,1.0199299072265624,10.50815108642578,-0.046098009251147945,0.0255803981971688,-0.005462480865020421
0.0383072265625,1.0103531005859374,10.611101757812499,-0.050094946469455566,0.02571362943777905,-0.005196018383799912
0.031124621582031248,0.9983820922851562,10.558429321289061,-0.04929555902579404,0.0095926493239383,-0.004929555902579405
-0.0143652099609375,1.01514150390625,10.551246716308594,-0.053692189965932426,0.015188361429568975,-0.000799387443661525
0.07900865478515624,0.9002198242187499,10.558429321289061,-0.046231240491758196,0.017986217482384312,-0.008260336917835759
-0.0047884033203125,1.0845733520507812,10.58476553955078,-0.046231240491758196,0.007860643196004996,-0.0074609494741742334
0.06943184814453125,1.0223241088867188,10.575188732910156,-0.04876263406335302,0.05182695259738887,-0.0019984686091538122
0.12210428466796874,1.0103531005859374,10.541669909667968,-0.054491577409593955,0.07367687605747056,0.002797856052815337
0.05027823486328125,0.9528922607421875,10.608707556152343,-0.058754977109122086,0.08060490056920376,0.0030643185340358454
0.0047884033203125,1.0606313354492187,10.58476553955078,-0.05688973974057853,0.07847320071943971,0.01052526800821008
-0.040701428222656245,1.0319009155273438,10.520122094726561,-0.05542419609386573,0.06035375199644513,0.01052526800821008
-0.06464344482421874,0.8906430175781249,10.577582934570312,-0.05209341507860938,0.048895865303963275,0.002797856052815337
-0.05027823486328125,1.0654197387695312,10.63025537109375,-0.04383307816077362,0.020517611053979142,-0.005062787143189658
-0.06703764648437499,0.967257470703125,10.59194814453125,-0.041168453348568536,0.0039969372183076245,-0.012390505376753637
0.0,1.0342951171875,10.481814868164061,-0.040502297145517265,0.0074609494741742334,-0.014122511504686942
-0.0718260498046875,0.9313444458007812,10.594342346191405,-0.04290045947650184,-0.005062787143189658,-0.018119448722994567
0.11252747802734374,1.0319009155273438,10.606313354492187,-0.044898928085655654,0.008926493120887028,-0.014655436467127957
0.11252747802734374,1.0223241088867188,10.441113439941406,-0.049961715228845315,0.023848392069235495,-0.012923430339194655
0.06464344482421874,1.0534487304687499,10.644620581054687,-0.049961715228845315,0.03450689131805583,-0.0075941807147844875
0.033518823242187495,0.9648632690429687,10.632649572753905,-0.05595712105630675,0.04809647786030175,-0.01052526800821008
0.05027823486328125,1.01514150390625,10.615890161132812,-0.05382542120654268,0.04743032165725048,-0.00159877488732305
-0.02154781494140625,1.0223241088867188,10.500968481445312,-0.05529096485325548,0.04636447173236845,-0.004529862180748642
0.00718260498046875,1.0199299072265624,10.66856259765625,-0.05395865244715294,0.040901990867348026,0.0013323124061025418
-0.03591302490234375,1.0342951171875,10.579977136230468,-0.05329249624410167,0.03477335379927634,0.001732006127933304
-0.0047884033203125,1.01514150390625,10.560823522949217,-0.046764165454199216,0.0305099540997482,-0.004263399699528133
-0.009576806640625,1.0031704956054688,10.589553942871094,-0.04583154676992743,0.023049004625573973,-0.003464012255866608
-0.0143652099609375,0.9217676391601562,10.663774194335938,-0.0511607963943376,0.02131699849764067,-0.002531393571594829
0.00239420166015625,0.9983820922851562,10.575188732910156,-0.04596477801053769,0.024514548272286763,-0.006928024511733216
0.05985504150390625,1.0582371337890624,10.54645831298828,-0.044898928085655654,0.017986217482384312,-0.006661562030512709
-0.023942016601562498,1.0175357055664063,10.551246716308594,-0.04743032165725048,0.027978560528153375,-0.005062787143189658
-0.009576806640625,1.0199299072265624,10.467449658203124,-0.04836294034152226,0.03490658503988659,-0.005329249624410167
0.047884033203124995,0.9504980590820312,10.606313354492187,-0.05209341507860938,0.027978560528153375,-0.003863705977697371
0.0143652099609375,0.9744400756835937,10.587159741210938,-0.04756355289786074,0.02584686067838931,-0.006661562030512709
-0.0430956298828125,1.0319009155273438,10.62307276611328,-0.0511607963943376,0.03357427263378405,-0.005462480865020421
-0.023942016601562498,0.9217676391601562,10.59194814453125,-0.0528928025222709,0.02398162330984575,-0.0011990811654922875
0.055066638183593745,1.0271125122070313,10.615890161132812,-0.05395865244715294,0.031575804024630234,-0.0006661562030512709
0.06943184814453125,0.9888052856445312,10.611101757812499,-0.05235987755982989,0.03757120985209167,-0.0011990811654922875
-0.05746083984375,0.9720458740234375,10.527304699707031,-0.05529096485325548,0.031975497746460996,-0.002531393571594829
0.02633621826171875,0.9026140258789062,10.603919152832031,-0.04862940282274277,0.03290811643073278,-0.005595712105630674
0.07900865478515624,0.9504980590820312,10.534487304687499,-0.04929555902579404,0.025047473234727783,-0.005196018383799912
0.0143652099609375,1.0630255371093749,10.625466967773438,-0.04729709041664023,0.02904441045303541,-0.0030643185340358454
0.0526724365234375,1.0271125122070313,10.587159741210938,-0.049828483988235056,0.032774885190122525,-0.0030643185340358454
0.076614453125,0.9504980590820312,10.544064111328124,-0.0511607963943376,0.024781010753507273,-0.0029310872934255917
0.033518823242187495,0.9600748657226562,10.572794531249999,-0.049029096544573526,0.03583920372415837,0.0009326186842717792
0.04548983154296875,0.9648632690429687,10.599130749511717,-0.05169372135677862,0.029444104174866172,0.0014655436467127959
0.05027823486328125,0.9720458740234375,10.601524951171875,-0.04862940282274277,0.036238897445989134,0.0005329249624410166
-0.0430956298828125,1.0007762939453124,10.568006127929687,-0.04862940282274277,0.0369050536490404,-0.003863705977697371
0.033518823242187495,0.9935936889648437,10.529698901367187,-0.046231240491758196,0.020517611053979142,-0.0030643185340358454
0.05985504150390625,0.9624690673828125,10.58476553955078,-0.046231240491758196,0.028644716731204646,-0.0003996937218307625
-0.033518823242187495,1.0606313354492187,10.579977136230468,-0.05209341507860938,0.03930321598002497,0.0002664624812205083
-0.00239420166015625,0.9648632690429687,10.534487304687499,-0.05169372135677862,0.028111791768763626,-0.0018652373685435584
-0.031124621582031248,1.0127473022460938,10.615890161132812,-0.036505359927209644,0.026779479362661087,-0.009459418083328047
-0.05985504150390625,1.0342951171875,10.517727893066406,-0.04849617158213252,0.02424808579106626,-0.0063950995492922
0.062249243164062495,0.9888052856445312,10.587159741210938,-0.05342572748471192,0.02971056665608668,-0.00479632466196915
0.016759411621093748,0.9528922607421875,10.565611926269531,-0.04756355289786074,0.0302434916185277,-0.0019984686091538122
0.009576806640625,0.9600748657226562,10.582371337890624,-0.04663093421358895,0.036771822408430146,-0.0002664624812205083
0.011971008300781249,1.0390835205078124,10.496180078124999,-0.049695252747624805,0.04276722823589159,-0.0006661562030512709
0.016759411621093748,0.967257470703125,10.54645831298828,-0.050094946469455566,0.03810413481453269,-0.00159877488732305
0.02633621826171875,0.9361328491210937,10.58476553955078,-0.049828483988235056,0.028111791768763626,-0.0031975497746461
-0.01915361328125,0.9792284790039062,10.575188732910156,-0.05049464019128633,0.02131699849764067,-0.00479632466196915
0.031124621582031248,1.0007762939453124,10.517727893066406,-0.04836294034152226,0.023315467106794475,-0.005462480865020421
-0.03591302490234375,0.9624690673828125,10.577582934570312,-0.04876263406335302,0.032108728987071254,-0.004396630940138387
0.02633621826171875,0.9840168823242187,10.563217724609375,-0.0514272588755581,0.027045941843881597,-0.0033307810152563544
0.016759411621093748,0.9864110839843749,10.62307276611328,-0.05076110267250683,0.032108728987071254,0.0026646248122050836
0.0,1.0390835205078124,10.603919152832031,-0.04703062793541972,0.032108728987071254,-0.0006661562030512709
0.0,0.9624690673828125,10.534487304687499,-0.05249310880044014,0.03583920372415837,-0.0011990811654922875
-0.03591302490234375,0.9097966308593749,10.541669909667968,-0.04636447173236845,0.036105666205378875,0.0035972434964768626
0.06943184814453125,0.9576806640625,10.534487304687499,-0.05062787143189658,0.035705972483548114,0.0
-0.0526724365234375,1.0295067138671874,10.563217724609375,-0.05222664631921963,0.026513016881440577,0.002264931090374321
-0.031124621582031248,0.9337386474609375,10.58476553955078,-0.054491577409593955,0.03317457891195329,0.00013323124061025415
0.00718260498046875,0.9744400756835937,10.539275708007812,-0.04916232778518379,0.026113323159609816,-0.002264931090374321
-0.06943184814453125,0.93852705078125,10.455478649902343,-0.04743032165725048,0.01958499236970736,-0.0030643185340358454
0.023942016601562498,1.0079588989257813,10.599130749511717,-0.048895865303963275,0.022382848422522698,-0.0019984686091538122
0.0047884033203125,0.9504980590820312,10.606313354492187,-0.044632465604435144,0.022382848422522698,-0.00159877488732305
0.05985504150390625,0.9433154541015625,10.505756884765624,-0.050894333913117096,0.03410719759622506,-0.0002664624812205083
0.06703764648437499,1.0031704956054688,10.611101757812499,-0.0514272588755581,0.04862940282274277,-0.003464012255866608
-0.009576806640625,1.0079588989257813,10.582371337890624,-0.05702297098118878,0.05062787143189658,0.000799387443661525
0.03591302490234375,0.9528922607421875,10.532093103027343,-0.05156049011616837,0.03810413481453269,-0.0011990811654922875
0.023942016601562498,0.8978256225585937,10.649408984374999,-0.05209341507860938,0.036105666205378875,-0.0037304747370871167
-0.08140285644531249,0.9959878906249999,10.534487304687499,-0.0479632466196915,0.02131699849764067,-0.002531393571594829
-0.023942016601562498,1.0534487304687499,10.608707556152343,-0.04716385917602997,0.02131699849764067,-0.001732006127933304
-0.0526724365234375,0.9265560424804687,10.51533369140625,-0.04583154676992743,0.009459418083328047,-0.001732006127933304
-0.00239420166015625,0.9361328491210937,10.596736547851561,-0.04436600312321464,0.0039969372183076245,-0.0039969372183076245
0.031124621582031248,1.0366893188476562,10.529698901367187,-0.041035222107958284,0.0074609494741742334,-0.0014655436467127959
0.00239420166015625,0.9983820922851562,10.486603271484375,-0.022649310903743208,-0.0013323124061025418,-0.004130168458917879
0.0909796630859375,1.0582371337890624,10.62307276611328,-0.018252679963604822,0.003464012255866608,-0.0006661562030512709
0.05746083984375,1.0031704956054688,10.529698901367187,-0.04436600312321464,0.03850382853636345,0.0031975497746461
-0.009576806640625,0.97683427734375,10.575188732910156,-0.049029096544573526,0.044898928085655654,0.0037304747370871167
0.08140285644531249,0.967257470703125,10.59194814453125,-0.06115313944010666,0.054225114928373445,0.0073277182335639785
0.0909796630859375,0.948103857421875,10.568006127929687,-0.05342572748471192,0.05262634004105039,0.005595712105630674
0.0143652099609375,1.005564697265625,10.541669909667968,-0.04569831552931718,0.04063552838612752,-0.0003996937218307625
-0.02154781494140625,1.0079588989257813,10.517727893066406,-0.044099540641994124,0.02371516082862524,-0.0003996937218307625
-0.016759411621093748,0.9935936889648437,10.55364091796875,-0.04369984692016337,-0.001732006127933304,-0.0127901990985844
0.01915361328125,1.0797849487304687,10.558429321289061,-0.04663093421358895,0.012923430339194655,-0.007860643196004996
0.031124621582031248,0.9600748657226562,10.560823522949217,-0.05489127113142472,0.015454823910789483,-0.009326186842717792
0.0526724365234375,0.9744400756835937,10.548852514648438,-0.050361408950676076,0.013589586542245924,-0.005329249624410167
0.062249243164062495,1.0606313354492187,10.517727893066406,-0.0479632466196915,0.02584686067838931,-0.009059724361497283
0.10295067138671875,0.9888052856445312,10.481814868164061,-0.05196018383799912,0.02971056665608668,-0.008926493120887028
-0.01915361328125,0.9983820922851562,10.558429321289061,-0.05022817771006582,0.032774885190122525,-0.002398162330984575
0.06943184814453125,1.0031704956054688,10.539275708007812,-0.04756355289786074,0.03797090357392244,-0.0039969372183076245
-0.00718260498046875,1.0199299072265624,10.548852514648438,-0.053692189965932426,0.037837672333312186,-0.0006661562030512709
-0.00239420166015625,1.0007762939453124,10.608707556152343,-0.049562021507014546,0.040768759626737774,0.0011990811654922875
0.031124621582031248,0.9720458740234375,10.55364091796875,-0.04862940282274277,0.03903675349880447,0.0010658499248820332
0.033518823242187495,1.0007762939453124,10.568006127929687,-0.046098009251147945,0.029310872934255914,0.000799387443661525
-0.009576806640625,1.0366893188476562,10.544064111328124,-0.029177641693645662,0.031975497746460996,0.0019984686091538122
0.05746083984375,1.0773907470703123,10.488997473144531,-0.018252679963604822,0.021983154700691936,0.0014655436467127959
0.03591302490234375,1.0103531005859374,10.632649572753905,-0.03490658503988659,0.027845329287543123,0.00013323124061025415
0.1005564697265625,1.0342951171875,10.666168395996094,-0.04543185304809667,0.03037672285913795,-0.005462480865020421
0.028730419921875,0.9935936889648437,10.568006127929687,-0.05529096485325548,0.031042879062189218,-0.003464012255866608
0.076614453125,1.0678139404296874,10.632649572753905,-0.05955436455278361,0.04436600312321464,-0.0030643185340358454
0.04548983154296875,0.9864110839843749,10.539275708007812,-0.05275957128166065,0.03916998473941472,-0.006528330789902454
0.02154781494140625,0.9935936889648437,10.54645831298828,-0.05169372135677862,0.03464012255866608,-0.0026646248122050836
-0.040701428222656245,1.0702081420898437,10.606313354492187,-0.0514272588755581,0.024781010753507273,-0.005196018383799912
0.033518823242187495,1.0223241088867188,10.64222637939453,-0.0528928025222709,0.028245023009373885,-0.004130168458917879
0.05027823486328125,0.9600748657226562,10.560823522949217,-0.04876263406335302,0.020517611053979142,-0.005062787143189658
0.02633621826171875,1.0797849487304687,10.522516296386717,-0.04809647786030175,0.028644716731204646,-0.004130168458917879
-0.011971008300781249,1.0007762939453124,10.496180078124999,-0.0528928025222709,0.03410719759622506,-0.0063950995492922
0.04548983154296875,1.0558429321289062,10.527304699707031,-0.049961715228845315,0.031176110302799476,-0.007993874436615249
0.076614453125,0.9696516723632812,10.59194814453125,-0.05595712105630675,0.032508422708902016,-0.004929555902579405
0.0,1.0079588989257813,10.577582934570312,-0.05555742733447598,0.03450689131805583,-0.004929555902579405
-0.011971008300781249,0.9576806640625,10.565611926269531,-0.059287902071563106,0.040768759626737774,-0.004263399699528133
0.023942016601562498,1.0654197387695312,10.58476553955078,-0.05342572748471192,0.032774885190122525,-0.0029310872934255917
0.01915361328125,1.0414777221679687,10.54645831298828,-0.05649004601874777,0.033041347671343035,-0.0018652373685435584
0.08858546142578125,1.0175357055664063,10.606313354492187,-0.057422664703019544,0.02997702913730719,0.0026646248122050836
0.00718260498046875,1.0223241088867188,10.654197387695312,-0.06461715169597326,0.03410719759622506,0.0
0.011971008300781249,1.0175357055664063,10.615890161132812,-0.05968759579339387,0.036238897445989134,-0.000799387443661525
0.031124621582031248,0.928950244140625,10.556035119628906,-0.058888208349732345,0.031575804024630234,-0.006261868308681946
0.033518823242187495,0.9816226806640624,10.517727893066406,-0.05942113331217336,0.028644716731204646,-0.006128637068071691
-0.00718260498046875,1.0271125122070313,10.589553942871094,-0.057156202221799034,0.0255803981971688,-0.0057289433462409285
0.05746083984375,0.9864110839843749,10.51533369140625,-0.0558238898156965,0.029177641693645662,-0.003464012255866608
0.07900865478515624,0.9504980590820312,10.50815108642578,-0.05062787143189658,0.03477335379927634,-0.006261868308681946
0.011971008300781249,0.9050082275390624,10.512939489746094,-0.05076110267250683,0.019052067407266345,-0.008393568158446012
0.02154781494140625,0.9528922607421875,10.579977136230468,-0.05395865244715294,0.027578866806322613,-0.005595712105630674
0.016759411621093748,0.9720458740234375,10.493785876464843,-0.04263399699528134,0.028378254249984136,-0.005462480865020421
-0.023942016601562498,0.9121908325195311,10.58476553955078,-0.049695252747624805,0.022782542144353463,-0.0010658499248820332
0.05746083984375,0.97683427734375,10.59194814453125,-0.0514272588755581,0.04290045947650184,0.0009326186842717792
0.0143652099609375,0.9959878906249999,10.539275708007812,-0.04849617158213252,0.03903675349880447,0.000799387443661525
0.011971008300781249,1.0295067138671874,10.625466967773438,-0.05022817771006582,0.03490658503988659,-0.003464012255866608
0.06703764648437499,0.9528922607421875,10.596736547851561,-0.049828483988235056,0.026513016881440577,-0.0013323124061025418
0.02154781494140625,1.0007762939453124,10.532093103027343,-0.04743032165725048,0.028111791768763626,-0.0057289433462409285
0.0526724365234375,0.948103857421875,10.618284362792968,-0.05502450237203497,0.018652373685435583,-0.0063950995492922
0.028730419921875,0.93852705078125,10.615890161132812,-0.048895865303963275,0.03384073511500456,-0.0039969372183076245
0.10773907470703124,0.9744400756835937,10.596736547851561,-0.05342572748471192,0.026779479362661087,-0.004396630940138387
0.023942016601562498,0.9457096557617187,10.594342346191405,-0.049029096544573526,0.02851148549059439,-0.0037304747370871167
0.05985504150390625,0.9696516723632812,10.594342346191405,-0.049828483988235056,0.031176110302799476,-0.0026646248122050836
0.03591302490234375,1.0079588989257813,10.649408984374999,-0.05076110267250683,0.032375191468291764,-0.0009326186842717792
0.05027823486328125,0.9169792358398436,10.55364091796875,-0.0464977029729787,0.032108728987071254,-0.0029310872934255917
0.031124621582031248,1.024718310546875,10.579977136230468,-0.05102756515372735,0.031975497746460996,-0.0058621745868511835
-0.0143652099609375,1.0582371337890624,10.51533369140625,-0.05475803989081446,0.03543951000232761,-0.002398162330984575
0.033518823242187495,0.928950244140625,10.635043774414061,-0.05622358353752725,0.035972434964768624,-0.0026646248122050836
0.0526724365234375,0.9959878906249999,10.589553942871094,-0.05342572748471192,0.026379785640830326,-0.006661562030512709
0.04548983154296875,1.0127473022460938,10.570400329589843,-0.04236753451406082,0.01372281778285618,-0.004529862180748642
0.01915361328125,1.0031704956054688,10.599130749511717,-0.04689739669480947,0.031042879062189218,-0.00159877488732305
0.03591302490234375,0.9911994873046874,10.512939489746094,-0.046098009251147945,0.02971056665608668,-0.0002664624812205083
0.033518823242187495,0.9864110839843749,10.618284362792968,-0.04729709041664023,0.028644716731204646,-0.004396630940138387
0.02633621826171875,1.01514150390625,10.594342346191405,-0.046098009251147945,0.030909647821578966,0.0009326186842717792
0.016759411621093748,0.9648632690429687,10.594342346191405,-0.0464977029729787,0.035173047521107094,-0.000799387443661525
0.04548983154296875,0.9074024291992187,10.589553942871094,-0.05169372135677862,0.031842266505850744,-0.0013323124061025418
0.031124621582031248,0.9744400756835937,10.647014782714843,-0.046231240491758196,0.021983154700691936,-0.0030643185340358454
0.0,0.9840168823242187,10.527304699707031,-0.04916232778518379,0.03490658503988659,-0.00479632466196915
-0.016759411621093748,0.9624690673828125,10.50815108642578,-0.05062787143189658,0.023448698347404734,-0.0006661562030512709
0.02633621826171875,0.967257470703125,10.556035119628906,-0.0464977029729787,0.03290811643073278,-0.00159877488732305
0.105344873046875,0.9121908325195311,10.55364091796875,-0.05102756515372735,0.031176110302799476,-0.003863705977697371
0.05027823486328125,0.9935936889648437,10.565611926269531,-0.045565084288706925,0.029444104174866172,0.0026646248122050836
-0.00239420166015625,0.9816226806640624,10.63025537109375,-0.0528928025222709,0.032774885190122525,-0.00013323124061025415
0.047884033203124995,0.9888052856445312,10.558429321289061,-0.05382542120654268,0.03144257278401998,0.002797856052815337
0.011971008300781249,0.9720458740234375,10.654197387695312,-0.05728943346240929,0.018918836166656093,0.0057289433462409285
0.06703764648437499,0.9792284790039062,10.575188732910156,-0.04703062793541972,0.018785604926045835,0.0002664624812205083
0.00239420166015625,0.9792284790039062,10.59194814453125,-0.044898928085655654,0.02531393571594829,-0.00159877488732305
-0.00718260498046875,1.0271125122070313,10.524910498046875,-0.046231240491758196,0.0305099540997482,-0.0006661562030512709
0.033518823242187495,0.948103857421875,10.577582934570312,-0.04236753451406082,0.03370750387439431,-0.003863705977697371
-0.08858546142578125,0.9840168823242187,10.601524951171875,-0.03970290970185574,0.014655436467127957,-0.004130168458917879
0.0718260498046875,0.9792284790039062,10.517727893066406,-0.03930321598002497,0.026113323159609816,-0.003863705977697371
0.076614453125,0.9528922607421875,10.582371337890624,-0.044232771882604376,0.027578866806322613,-0.0002664624812205083
0.00239420166015625,0.9816226806640624,10.544064111328124,-0.04263399699528134,0.03557274124293786,0.002531393571594829
0.10295067138671875,0.9911994873046874,10.577582934570312,-0.050361408950676076,0.03477335379927634,0.0013323124061025418
0.00239420166015625,0.9361328491210937,10.625466967773438,-0.04290045947650184,0.03903675349880447,0.0
0.028730419921875,0.9720458740234375,10.635043774414061,-0.04583154676992743,0.032375191468291764,-0.004130168458917879
0.016759411621093748,0.9959878906249999,10.536881506347656,-0.04543185304809667,0.01971822361031762,-0.002398162330984575
0.08858546142578125,1.0582371337890624,10.599130749511717,-0.04596477801053769,0.02717917308449185,-0.004929555902579405
0.02633621826171875,0.9864110839843749,10.58476553955078,-0.04809647786030175,0.02011791733214838,-0.004130168458917879
0.00239420166015625,0.9911994873046874,10.589553942871094,-0.05395865244715294,0.020517611053979142,-0.00159877488732305
0.055066638183593745,0.9792284790039062,10.647014782714843,-0.05529096485325548,0.022249617181912446,0.0005329249624410166
-0.00718260498046875,1.0271125122070313,10.517727893066406,-0.0511607963943376,0.026646248122050836,-0.0005329249624410166
0.08858546142578125,0.9552864624023437,10.63025537109375,-0.0433001531983326,0.045032159326265905,0.0009326186842717792
0.06464344482421874,0.9648632690429687,10.524910498046875,-0.04729709041664023,0.029444104174866172,-0.003863705977697371
0.00718260498046875,0.9050082275390624,10.532093103027343,-0.048229709100912004,0.040502297145517265,-0.00013323124061025415
0.02154781494140625,0.9792284790039062,10.644620581054687,-0.04543185304809667,0.0302434916185277,-0.0018652373685435584
0.0526724365234375,1.0103531005859374,10.479420666503906,-0.04689739669480947,0.02904441045303541,-0.0009326186842717792
-0.023942016601562498,1.0534487304687499,10.517727893066406,-0.04849617158213252,0.024914241994117528,0.0006661562030512709
0.016759411621093748,0.9504980590820312,10.493785876464843,-0.03863705977697371,0.03943644722063524,-0.0029310872934255917
-0.023942016601562498,1.005564697265625,10.47702646484375,-0.045165390566876164,0.004663093421358896,-0.0063950995492922
0.0526724365234375,0.9959878906249999,10.579977136230468,-0.056090352296917,0.006661562030512709,-0.004263399699528133
0.1005564697265625,0.97683427734375,10.63025537109375,-0.04396630940138387,0.01438897398590745,-0.005462480865020421
0.009576806640625,1.0127473022460938,10.532093103027343,-0.05022817771006582,0.032375191468291764,-0.002398162330984575
0.062249243164062495,0.9576806640625,10.596736547851561,-0.0415681470703993,0.035705972483548114,-0.0005329249624410166
0.12689268798828124,0.9816226806640624,10.637437976074217,-0.04223430327345057,0.03370750387439431,-0.006661562030512709
0.09337386474609374,1.01514150390625,10.503362683105468,-0.04663093421358895,0.03503981628049684,-0.0033307810152563544
0.009576806640625,0.9911994873046874,10.64222637939453,-0.0514272588755581,0.036638591167819895,-0.006661562030512709
0.0526724365234375,0.9935936889648437,10.611101757812499,-0.053159265003491406,0.045032159326265905,-0.004130168458917879
0.0047884033203125,0.9888052856445312,10.55364091796875,-0.049695252747624805,0.026513016881440577,-0.0029310872934255917
0.02154781494140625,0.9840168823242187,10.551246716308594,-0.04809647786030175,0.03424042883683532,-0.0013323124061025418
0.01915361328125,1.0103531005859374,10.603919152832031,-0.049029096544573526,0.028245023009373885,-0.002531393571594829
-0.0383072265625,0.9121908325195311,10.570400329589843,-0.045165390566876164,0.036238897445989134,-0.004929555902579405
0.08140285644531249,1.0079588989257813,10.500968481445312,-0.0433001531983326,0.027312404325102103,-0.0030643185340358454
0.05985504150390625,0.9911994873046874,10.496180078124999,-0.045565084288706925,0.032108728987071254,-0.005462480865020421
0.0,1.0821791503906248,10.558429321289061,-0.050894333913117096,0.037837672333312186,-0.005462480865020421
-0.009576806640625,0.9840168823242187,10.503362683105468,-0.045165390566876164,0.035173047521107094,-0.00159877488732305
0.055066638183593745,1.0271125122070313,10.575188732910156,-0.04862940282274277,0.03170903526524049,-0.0035972434964768626
0.07422025146484375,0.9121908325195311,10.534487304687499,-0.049695252747624805,0.03264165394951227,-0.006528330789902454
-0.0526724365234375,1.0438719238281249,10.565611926269531,-0.04849617158213252,0.02997702913730719,-0.004263399699528133
0.055066638183593745,1.0079588989257813,10.548852514648438,-0.0528928025222709,0.022649310903743208,-0.006261868308681946
0.13407529296874998,0.9145850341796874,10.524910498046875,-0.04836294034152226,0.02105053601642016,-0.005196018383799912
0.08379705810546874,0.9864110839843749,10.505756884765624,-0.05102756515372735,0.016653905076281773,-0.005462480865020421
0.06703764648437499,1.0797849487304687,10.663774194335938,-0.050361408950676076,0.031575804024630234,-0.0037304747370871167
0.0718260498046875,0.9935936889648437,10.589553942871094,-0.04743032165725048,0.0401026034236865,-0.002531393571594829
-0.00718260498046875,0.9600748657226562,10.541669909667968,-0.05022817771006582,0.03770444109270193,0.0013323124061025418
0.05027823486328125,1.0103531005859374,10.649408984374999,-0.04756355289786074,0.03077641658096871,-0.004396630940138387
0.00239420166015625,1.0654197387695312,10.613495959472656,-0.053159265003491406,0.032774885190122525,-0.004929555902579405
-0.00239420166015625,1.0702081420898437,10.551246716308594,-0.0543583461689837,0.03890352225819422,-0.0035972434964768626
0.06943184814453125,0.967257470703125,10.541669909667968,-0.054091883687763194,0.02078407353519965,-0.0005329249624410166
0.16998831787109375,1.024718310546875,10.541669909667968,-0.05169372135677862,0.015588055151399738,-0.006794793271122962
0.02633621826171875,0.9337386474609375,10.575188732910156,-0.0433001531983326,0.025447166956558548,-0.0033307810152563544
0.086191259765625,1.0007762939453124,10.512939489746094,-0.04436600312321464,0.03877029101758396,-0.0029310872934255917
0.047884033203124995,0.9600748657226562,10.59194814453125,-0.0514272588755581,0.026513016881440577,-0.0033307810152563544
0.02154781494140625,1.0127473022460938,10.556035119628906,-0.04876263406335302,0.03983614094246599,-0.0010658499248820332
0.03591302490234375,1.005564697265625,10.563217724609375,-0.0464977029729787,0.035705972483548114,-0.0003996937218307625
0.011971008300781249,0.9792284790039062,10.414777221679687,-0.05249310880044014,0.03703828488965066,-0.002264931090374321
0.009576806640625,0.9864110839843749,10.520122094726561,-0.053692189965932426,0.03823736605514295,-0.0014655436467127959
0.08140285644531249,0.9145850341796874,10.548852514648438,-0.04929555902579404,0.03064318534035846,-0.005329249624410167
0.03591302490234375,1.0007762939453124,10.582371337890624,-0.04396630940138387,0.01945176112909711,-0.008127105677225504
0.0,1.024718310546875,10.503362683105468,-0.04716385917602997,0.03011026037791744,-0.004396630940138387
0.09337386474609374,0.9241618408203125,10.556035119628906,-0.04756355289786074,0.023049004625573973,-0.0035972434964768626
0.05985504150390625,0.9983820922851562,10.548852514648438,-0.04250076575467108,0.02598009191899956,-0.002797856052815337
0.08140285644531249,1.0175357055664063,10.639832177734375,-0.04916232778518379,0.041834609551619814,-0.0009326186842717792
-0.0047884033203125,1.0127473022460938,10.603919152832031,-0.04769678413847099,0.04223430327345057,-0.0019984686091538122
0.05985504150390625,1.0510545288085937,10.615890161132812,-0.04929555902579404,0.036771822408430146,-0.004130168458917879
0.00239420166015625,1.01514150390625,10.606313354492187,-0.049961715228845315,0.023315467106794475,-0.007194486992953725
0.03591302490234375,0.9840168823242187,10.582371337890624,-0.05702297098118878,0.04916232778518379,0.0005329249624410166
-0.05027823486328125,0.8978256225585937,10.505756884765624,-0.0464977029729787,0.020384379813368887,-0.00866003063966652
0.055066638183593745,1.180341418457031,10.596736547851561,-0.054491577409593955,0.018119448722994567,-0.0031975497746461
0.105344873046875,0.8930372192382812,10.46984385986328,-0.05649004601874777,0.044898928085655654,-0.0018652373685435584
-0.01915361328125,1.0654197387695312,10.582371337890624,-0.050894333913117096,0.017719755001163805,-0.005196018383799912
0.09816226806640624,0.9935936889648437,10.524910498046875,-0.05728943346240929,0.03077641658096871,0.000799387443661525
0.0526724365234375,0.9648632690429687,10.539275708007812,-0.049828483988235056,0.012923430339194655,-0.0010658499248820332
0.07422025146484375,0.9528922607421875,10.560823522949217,-0.04783001537908124,0.04170137831100955,-0.0006661562030512709
-0.02633621826171875,1.0007762939453124,10.560823522949217,-0.04636447173236845,0.03823736605514295,-0.001732006127933304
0.09816226806640624,0.9265560424804687,10.582371337890624,-0.045565084288706925,0.013323124061025418,-0.003464012255866608
0.086191259765625,0.9361328491210937,10.594342346191405,-0.05249310880044014,0.035705972483548114,0.00013323124061025415
0.02633621826171875,1.0127473022460938,10.529698901367187,-0.049562021507014546,0.025447166956558548,-0.0037304747370871167
-0.040701428222656245,0.9720458740234375,10.635043774414061,-0.04223430327345057,0.02744563556571236,-0.00013323124061025415
0.02154781494140625,0.9888052856445312,10.618284362792968,-0.0464977029729787,0.018252679963604822,-0.0073277182335639785
-0.033518823242187495,0.9720458740234375,10.560823522949217,-0.046231240491758196,0.02438131703167651,0.0033307810152563544
0.09576806640624999,0.9744400756835937,10.527304699707031,-0.04449923436382489,0.026379785640830326,0.0031975497746461
0.01915361328125,1.0271125122070313,10.603919152832031,-0.05662327725935802,0.041035222107958284,0.0013323124061025418
0.07422025146484375,1.0127473022460938,10.594342346191405,-0.05022817771006582,0.05262634004105039,-0.0031975497746461
0.028730419921875,0.9648632690429687,10.673351000976561,-0.049428790266404295,0.02971056665608668,-0.006261868308681946
0.02633621826171875,0.967257470703125,10.582371337890624,-0.04876263406335302,0.03503981628049684,-0.007727411955394742
0.04548983154296875,1.0342951171875,10.589553942871094,-0.05156049011616837,0.03743797861148142,-0.0011990811654922875
0.04548983154296875,0.9600748657226562,10.582371337890624,-0.050094946469455566,0.036505359927209644,-0.004396630940138387
0.023942016601562498,0.9313444458007812,10.51533369140625,-0.046098009251147945,0.02424808579106626,-0.0026646248122050836
0.00239420166015625,1.1252747802734375,10.568006127929687,-0.044632465604435144,0.02145022973825092,-0.0019984686091538122
0.0718260498046875,0.9696516723632812,10.512939489746094,-0.044632465604435144,0.03557274124293786,0.0006661562030512709
-0.00239420166015625,0.9911994873046874,10.611101757812499,-0.04316692195772235,0.028911179212425153,-0.0006661562030512709
0.07422025146484375,1.0295067138671874,10.51533369140625,-0.049961715228845315,0.040502297145517265,-0.0018652373685435584
0.05027823486328125,0.9792284790039062,10.563217724609375,-0.04689739669480947,0.033307810152563545,-0.004396630940138387
-0.0047884033203125,0.9959878906249999,10.572794531249999,-0.053159265003491406,0.04449923436382489,-0.0031975497746461
-0.0047884033203125,0.9816226806640624,10.663774194335938,-0.04809647786030175,0.027845329287543123,-0.0037304747370871167
0.028730419921875,0.967257470703125,10.579977136230468,-0.04769678413847099,0.03130934154340973,-0.0039969372183076245
0.00718260498046875,0.9624690673828125,10.58476553955078,-0.045165390566876164,0.01851914244482533,-0.0013323124061025418
0.0,0.9983820922851562,10.50815108642578,-0.045032159326265905,0.021849923460081685,0.000799387443661525
0.0,1.0749965454101562,10.551246716308594,-0.045565084288706925,0.01958499236970736,0.001732006127933304
0.02154781494140625,0.97683427734375,10.615890161132812,-0.05049464019128633,0.017986217482384312,-0.0019984686091538122
0.09576806640624999,0.9457096557617187,10.532093103027343,-0.0369050536490404,0.022382848422522698,-0.002398162330984575
0.062249243164062495,1.0582371337890624,10.541669909667968,-0.05049464019128633,0.02424808579106626,-0.0021316998497640663
0.08140285644531249,0.9600748657226562,10.527304699707031,-0.05129402763494785,0.04703062793541972,0.00013323124061025415
0.0047884033203125,0.9935936889648437,10.520122094726561,-0.04703062793541972,0.03290811643073278,-0.008127105677225504
0.08140285644531249,0.8882488159179687,10.541669909667968,-0.04703062793541972,0.028378254249984136,-0.006928024511733216
0.02154781494140625,1.0007762939453124,10.582371337890624,-0.04596477801053769,0.026113323159609816,-0.0074609494741742334
-0.023942016601562498,1.1156979736328125,10.534487304687499,-0.04743032165725048,0.03557274124293786,-0.0011990811654922875
0.01915361328125,0.9121908325195311,10.539275708007812,-0.0464977029729787,0.03144257278401998,-0.002264931090374321
0.10773907470703124,1.0438719238281249,10.558429321289061,-0.04343338443894285,0.02078407353519965,-0.0014655436467127959
0.0383072265625,1.0414777221679687,10.548852514648438,-0.04290045947650184,0.018652373685435583,0.0013323124061025418
0.10295067138671875,1.0342951171875,10.632649572753905,-0.050094946469455566,0.0334410413931738,0.002264931090374321
0.05027823486328125,0.9744400756835937,10.532093103027343,-0.04849617158213252,0.030909647821578966,-0.002531393571594829
0.1484405029296875,0.9720458740234375,10.474632263183594,-0.048229709100912004,0.031975497746460996,-0.0011990811654922875
0.02633621826171875,0.9864110839843749,10.582371337890624,-0.04809647786030175,0.032508422708902016,-0.004396630940138387
0.06703764648437499,0.9792284790039062,10.500968481445312,-0.04862940282274277,0.028378254249984136,-0.0035972434964768626
-0.016759411621093748,0.9648632690429687,10.505756884765624,-0.044765696845045395,0.02717917308449185,-0.0029310872934255917
0.0718260498046875,0.9696516723632812,10.635043774414061,-0.0464977029729787,0.036771822408430146,-0.0039969372183076245
-0.12449848632812499,1.0103531005859374,10.556035119628906,-0.04862940282274277,0.02997702913730719,-0.0039969372183076245
0.3399766357421875,0.7948749511718749,10.579977136230468,-0.04036906590490701,0.013056661579804908,0.0006661562030512709
0.06464344482421874,1.2737152832031249,10.627861169433594,-0.031176110302799476,0.001732006127933304,-0.008127105677225504
-0.00718260498046875,1.13006318359375,10.570400329589843,-0.0668820827863476,0.06634915782390657,0.012390505376753637
-0.0047884033203125,0.9935936889648437,10.544064111328124,-0.04250076575467108,0.028111791768763626,-0.005462480865020421
0.15322890625,0.9840168823242187,10.524910498046875,-0.04343338443894285,0.023848392069235495,0.004663093421358896
0.16519991455078123,1.0199299072265624,10.524910498046875,-0.04449923436382489,0.018385911204215073,-0.003464012255866608
-0.023942016601562498,1.1037269653320312,10.532093103027343,-0.05275957128166065,0.05529096485325548,-0.0006661562030512709
0.03591302490234375,0.9720458740234375,10.565611926269531,-0.049562021507014546,0.0287779479718149,-0.0030643185340358454
0.09576806640624999,1.0486603271484374,10.678139404296875,-0.04223430327345057,0.012257274136143382,-0.0033307810152563544
0.09576806640624999,1.0295067138671874,10.496180078124999,-0.04783001537908124,0.03264165394951227,0.0010658499248820332
0.06464344482421874,1.01514150390625,10.637437976074217,-0.05329249624410167,0.045565084288706925,-0.0010658499248820332
-0.2825157958984375,1.1923124267578125,10.556035119628906,-0.0558238898156965,0.06288514556803997,-0.010791730489430587
0.00239420166015625,0.9313444458007812,10.517727893066406,-0.055690658575086247,0.014122511504686942,0.008793261880276773
0.43574470214843747,0.7278373046875,10.520122094726561,-0.036238897445989134,-0.0073277182335639785,-0.0063950995492922
-0.07900865478515624,1.235408056640625,10.58476553955078,-0.044898928085655654,0.04583154676992743,-0.007061255752343471
-0.16280571289062498,1.0678139404296874,10.563217724609375,-0.06501684541780403,0.06594946410207582,0.006528330789902454
0.15562310791015624,0.8714894042968749,10.565611926269531,-0.04636447173236845,0.007727411955394742,-0.006528330789902454
0.055066638183593745,1.0295067138671874,10.520122094726561,-0.04250076575467108,0.017852986241774057,-0.004396630940138387
0.076614453125,1.024718310546875,10.503362683105468,-0.050894333913117096,0.037304747370871166,-0.0030643185340358454
0.04548983154296875,1.0821791503906248,10.47702646484375,-0.054091883687763194,0.046764165454199216,-0.002398162330984575
0.03591302490234375,0.9026140258789062,10.670956799316405,-0.04849617158213252,0.027845329287543123,-0.0035972434964768626
0.105344873046875,0.9457096557617187,10.603919152832031,-0.04383307816077362,0.014921898948348467,-0.009192955602107537
-0.00239420166015625,1.0342951171875,10.601524951171875,-0.04809647786030175,0.026379785640830326,-0.0003996937218307625
0.05985504150390625,0.9864110839843749,10.582371337890624,-0.0464977029729787,0.03357427263378405,-0.0011990811654922875
0.0526724365234375,1.0989385620117187,10.544064111328124,-0.049428790266404295,0.03943644722063524,-0.0031975497746461
0.08858546142578125,1.0606313354492187,10.488997473144531,-0.04756355289786074,0.03384073511500456,-0.0021316998497640663
0.04548983154296875,0.9337386474609375,10.589553942871094,-0.05209341507860938,0.019984686091538122,-0.006661562030512709
0.0383072265625,1.024718310546875,10.51533369140625,-0.048229709100912004,0.03424042883683532,-0.005462480865020421
-0.0143652099609375,0.9983820922851562,10.62307276611328,-0.05555742733447598,0.032508422708902016,-0.006128637068071691
0.011971008300781249,0.9648632690429687,10.529698901367187,-0.045298621807486415,0.03037672285913795,-0.005595712105630674
0.055066638183593745,0.9361328491210937,10.587159741210938,-0.05076110267250683,0.029444104174866172,-0.004663093421358896
0.028730419921875,1.0223241088867188,10.594342346191405,-0.050361408950676076,0.026513016881440577,-0.0029310872934255917
0.009576806640625,0.9576806640625,10.520122094726561,-0.05076110267250683,0.03943644722063524,-0.002398162330984575
0.0383072265625,0.9864110839843749,10.448296044921875,-0.049029096544573526,0.036238897445989134,-0.0014655436467127959
-0.02633621826171875,0.967257470703125,10.589553942871094,-0.05196018383799912,0.02904441045303541,0.0011990811654922875
0.06703764648437499,0.9648632690429687,10.46984385986328,-0.05209341507860938,0.03583920372415837,-0.002797856052815337
0.047884033203124995,0.9744400756835937,10.575188732910156,-0.04716385917602997,0.027045941843881597,-0.005329249624410167
0.028730419921875,1.0223241088867188,10.570400329589843,-0.04783001537908124,0.03290811643073278,-0.004396630940138387
0.06703764648437499,0.9911994873046874,10.570400329589843,-0.056090352296917,0.031842266505850744,-0.00159877488732305
0.028730419921875,0.9935936889648437,10.544064111328124,-0.044898928085655654,0.029444104174866172,-0.006794793271122962
0.02633621826171875,1.0582371337890624,10.601524951171875,-0.04569831552931718,0.01971822361031762,-0.010924961730040842
0.028730419921875,1.0007762939453124,10.512939489746094,-0.04703062793541972,0.025180704475338038,-0.0037304747370871167
0.062249243164062495,0.9983820922851562,10.620678564453124,-0.04743032165725048,0.026379785640830326,0.0002664624812205083
0.1149216796875,0.9792284790039062,10.491391674804687,-0.044099540641994124,0.026513016881440577,-0.002264931090374321
0.05985504150390625,1.0390835205078124,10.556035119628906,-0.04436600312321464,0.031176110302799476,-0.0003996937218307625
0.07900865478515624,1.01514150390625,10.498574279785156,-0.050094946469455566,0.03970290970185574,-0.00479632466196915
-0.009576806640625,1.0678139404296874,10.625466967773438,-0.04836294034152226,0.027712098046932865,-0.0058621745868511835
0.05985504150390625,1.0103531005859374,10.556035119628906,-0.05062787143189658,0.025447166956558548,-0.0005329249624410166
0.05985504150390625,1.0175357055664063,10.656591589355468,-0.04449923436382489,0.03370750387439431,-0.007061255752343471
-0.0047884033203125,0.9528922607421875,10.560823522949217,-0.049428790266404295,0.036505359927209644,-0.0037304747370871167
0.028730419921875,0.9169792358398436,10.510545288085936,-0.04756355289786074,0.021983154700691936,-0.006528330789902454
0.10773907470703124,0.9624690673828125,10.575188732910156,-0.04809647786030175,0.019984686091538122,-0.004396630940138387
0.055066638183593745,1.0295067138671874,10.620678564453124,-0.04929555902579404,0.040768759626737774,-0.004929555902579405
-0.0047884033203125,1.0869675537109373,10.594342346191405,-0.04916232778518379,0.03810413481453269,-0.0002664624812205083
0.08858546142578125,0.9409212524414062,10.556035119628906,-0.044632465604435144,0.027578866806322613,-0.00159877488732305
0.076614453125,0.928950244140625,10.568006127929687,-0.04769678413847099,0.029177641693645662,0.0010658499248820332
0.0,1.0726023437499999,10.532093103027343,-0.053026033762881154,0.03037672285913795,-0.0063950995492922
-0.03591302490234375,1.0462661254882812,10.558429321289061,-0.05702297098118878,0.0464977029729787,-0.0026646248122050836
0.076614453125,0.8762778076171874,10.568006127929687,-0.04769678413847099,0.027312404325102103,-0.0073277182335639785
0.20829554443359374,0.9433154541015625,10.527304699707031,-0.046764165454199216,0.002797856052815337,-0.007194486992953725
0.01915361328125,1.0462661254882812,10.551246716308594,-0.04436600312321464,0.023448698347404734,-0.00479632466196915
0.0,1.0749965454101562,10.572794531249999,-0.0511607963943376,0.048229709100912004,-0.0037304747370871167
0.07422025146484375,0.8643067993164062,10.496180078124999,-0.04916232778518379,0.020384379813368887,-0.006128637068071691
0.10773907470703124,0.9648632690429687,10.613495959472656,-0.04316692195772235,0.025047473234727783,-0.0019984686091538122
0.1292868896484375,1.0845733520507812,10.582371337890624,-0.04862940282274277,0.044898928085655654,0.0009326186842717792
-0.047884033203124995,0.9840168823242187,10.579977136230468,-0.05062787143189658,0.04729709041664023,-0.0031975497746461
0.02633621826171875,0.9840168823242187,10.618284362792968,-0.049562021507014546,0.03144257278401998,-0.004130168458917879
0.09337386474609374,0.9888052856445312,10.558429321289061,-0.045165390566876164,0.014522205226517705,-0.007061255752343471
0.028730419921875,1.0534487304687499,10.558429321289061,-0.049029096544573526,0.03290811643073278,0.0003996937218307625
0.040701428222656245,0.9624690673828125,10.601524951171875,-0.058888208349732345,0.0401026034236865,-0.0010658499248820332
0.09816226806640624,0.9648632690429687,10.632649572753905,-0.04916232778518379,0.024781010753507273,-0.00479632466196915
0.07900865478515624,1.0462661254882812,10.565611926269531,-0.048229709100912004,0.031176110302799476,-0.0029310872934255917
-0.0143652099609375,1.0702081420898437,10.560823522949217,-0.048895865303963275,0.02997702913730719,-0.002398162330984575
0.06464344482421874,1.0606313354492187,10.572794531249999,-0.049961715228845315,0.037837672333312186,-0.003464012255866608
-0.02154781494140625,0.9457096557617187,10.66137999267578,-0.05022817771006582,0.022382848422522698,-0.0057289433462409285
0.11013327636718749,1.1348515869140625,10.587159741210938,-0.05502450237203497,0.037304747370871166,0.004529862180748642
0.009576806640625,0.7900865478515624,10.63025537109375,-0.053159265003491406,0.05076110267250683,-0.002797856052815337
0.076614453125,1.0989385620117187,10.579977136230468,-0.04636447173236845,0.003464012255866608,-0.0009326186842717792
0.08379705810546874,1.0893617553710937,10.582371337890624,-0.0514272588755581,0.03757120985209167,-0.00013323124061025415
0.016759411621093748,0.8858546142578124,10.539275708007812,-0.05515773361264523,0.04343338443894285,-0.0014655436467127959
0.076614453125,0.9720458740234375,10.651803186035156,-0.036771822408430146,0.00866003063966652,-0.00866003063966652
0.040701428222656245,1.1013327636718748,10.568006127929687,-0.04689739669480947,0.014788667707738212,-0.005995405827461438
0.047884033203124995,0.9504980590820312,10.594342346191405,-0.04929555902579404,0.03557274124293786,-0.002797856052815337
0.055066638183593745,1.0127473022460938,10.500968481445312,-0.040768759626737774,0.029177641693645662,-0.0033307810152563544
0.1005564697265625,1.0199299072265624,10.596736547851561,-0.046098009251147945,0.028245023009373885,-0.00159877488732305
0.040701428222656245,1.0319009155273438,10.529698901367187,-0.048895865303963275,0.04449923436382489,-0.0014655436467127959
0.028730419921875,0.9720458740234375,10.510545288085936,-0.04636447173236845,0.03850382853636345,0.00013323124061025415
0.02154781494140625,1.0917559570312498,10.62307276611328,-0.05182695259738887,0.029444104174866172,-0.0021316998497640663
0.040701428222656245,1.0127473022460938,10.582371337890624,-0.05235987755982989,0.031842266505850744,-0.008127105677225504
0.07422025146484375,1.0319009155273438,10.575188732910156,-0.054225114928373445,0.03797090357392244,-0.0018652373685435584
-0.0143652099609375,0.9864110839843749,10.570400329589843,-0.04756355289786074,0.023448698347404734,-0.007727411955394742
0.009576806640625,1.1085153686523437,10.68053360595703,-0.04449923436382489,0.026113323159609816,-0.003863705977697371
0.01915361328125,1.0438719238281249,10.572794531249999,-0.04876263406335302,0.030909647821578966,-0.003863705977697371
0.055066638183593745,0.9792284790039062,10.510545288085936,-0.0433001531983326,0.02531393571594829,0.001732006127933304
0.06464344482421874,1.0989385620117187,10.544064111328124,-0.05102756515372735,0.031842266505850744,0.0035972434964768626
0.02154781494140625,0.9528922607421875,10.627861169433594,-0.049695252747624805,0.044232771882604376,0.0
0.0526724365234375,0.9361328491210937,10.615890161132812,-0.0479632466196915,0.028245023009373885,0.0005329249624410166
0.0383072265625,1.0486603271484374,10.558429321289061,-0.0464977029729787,0.021583460978861175,-0.0029310872934255917
0.086191259765625,1.0079588989257813,10.544064111328124,-0.05049464019128633,0.03357427263378405,-0.0014655436467127959
0.009576806640625,0.9911994873046874,10.63025537109375,-0.04729709041664023,0.02904441045303541,0.0009326186842717792
0.03591302490234375,1.0103531005859374,10.587159741210938,-0.05022817771006582,0.029444104174866172,0.0013323124061025418
0.05027823486328125,0.9840168823242187,10.536881506347656,-0.04316692195772235,0.023049004625573973,-0.0033307810152563544
0.0,0.9696516723632812,10.532093103027343,-0.040502297145517265,0.026779479362661087,-0.002531393571594829
0.028730419921875,1.005564697265625,10.536881506347656,-0.04223430327345057,0.023182235866184224,-0.0039969372183076245
0.08379705810546874,0.9648632690429687,10.455478649902343,-0.04849617158213252,0.03317457891195329,0.00013323124061025415
0.05985504150390625,0.9983820922851562,10.54645831298828,-0.04383307816077362,0.017186830038722786,-0.004929555902579405
0.06943184814453125,1.0223241088867188,10.560823522949217,-0.046098009251147945,0.036238897445989134,0.0026646248122050836
0.062249243164062495,0.9959878906249999,10.568006127929687,-0.05169372135677862,0.03810413481453269,-0.0010658499248820332
0.040701428222656245,0.9983820922851562,10.512939489746094,-0.044765696845045395,0.02744563556571236,-0.0002664624812205083
0.10295067138671875,1.0414777221679687,10.517727893066406,-0.048895865303963275,0.026779479362661087,-0.002531393571594829
0.031124621582031248,1.0103531005859374,10.500968481445312,-0.048229709100912004,0.03357427263378405,-0.0030643185340358454
0.031124621582031248,0.9696516723632812,10.534487304687499,-0.045565084288706925,0.03317457891195329,-0.002531393571594829
0.047884033203124995,0.9600748657226562,10.520122094726561,-0.045298621807486415,0.017852986241774057,-0.004130168458917879
0.03591302490234375,0.9792284790039062,10.63025537109375,-0.0479632466196915,0.03450689131805583,-0.0010658499248820332
0.00239420166015625,0.9816226806640624,10.568006127929687,-0.04836294034152226,0.022116385941302188,-0.0013323124061025418
0.09576806640624999,1.0486603271484374,10.536881506347656,-0.05342572748471192,0.03357427263378405,0.004130168458917879
0.02633621826171875,1.0007762939453124,10.579977136230468,-0.0514272588755581,0.041035222107958284,0.0011990811654922875
0.06464344482421874,1.0175357055664063,10.596736547851561,-0.05102756515372735,0.03863705977697371,-0.000799387443661525
0.0718260498046875,1.0223241088867188,10.539275708007812,-0.049828483988235056,0.02904441045303541,0.0002664624812205083
0.016759411621093748,1.0175357055664063,10.599130749511717,-0.05235987755982989,0.03450689131805583,-0.000799387443661525
0.08858546142578125,1.0079588989257813,10.611101757812499,-0.05049464019128633,0.03450689131805583,-0.00479632466196915
0.031124621582031248,0.9983820922851562,10.520122094726561,-0.0528928025222709,0.03797090357392244,-0.0074609494741742334
-0.016759411621093748,0.9911994873046874,10.589553942871094,-0.04369984692016337,0.025447166956558548,-0.002531393571594829
-0.00239420166015625,0.9888052856445312,10.589553942871094,-0.04569831552931718,0.02078407353519965,0.0002664624812205083
0.05027823486328125,0.9935936889648437,10.670956799316405,-0.044765696845045395,0.03503981628049684,-0.002264931090374321
0.04548983154296875,0.9935936889648437,10.611101757812499,-0.05156049011616837,0.025447166956558548,-0.0010658499248820332
0.05027823486328125,0.9792284790039062,10.627861169433594,-0.053558958725322174,0.03903675349880447,-0.00159877488732305
0.05027823486328125,1.0103531005859374,10.608707556152343,-0.0543583461689837,0.03970290970185574,0.0003996937218307625
-0.023942016601562498,0.9959878906249999,10.618284362792968,-0.049428790266404295,0.0305099540997482,-0.0073277182335639785
0.03591302490234375,1.024718310546875,10.548852514648438,-0.05049464019128633,0.025180704475338038,-0.005595712105630674
0.076614453125,1.0271125122070313,10.481814868164061,-0.05675650849996827,0.03064318534035846,-0.004130168458917879
-0.011971008300781249,0.9457096557617187,10.524910498046875,-0.049428790266404295,0.032241960227681506,-0.006794793271122962
0.0,1.0630255371093749,10.517727893066406,-0.04876263406335302,0.027312404325102103,-0.004663093421358896
0.08379705810546874,1.0175357055664063,10.649408984374999,-0.05235987755982989,0.03823736605514295,0.0006661562030512709
0.062249243164062495,0.9792284790039062,10.596736547851561,-0.0479632466196915,0.03477335379927634,-0.0031975497746461
0.07422025146484375,1.0319009155273438,10.572794531249999,-0.045165390566876164,0.02971056665608668,-0.0018652373685435584
0.09576806640624999,0.948103857421875,10.611101757812499,-0.05502450237203497,0.03530627876171736,0.0011990811654922875
0.07900865478515624,1.0103531005859374,10.563217724609375,-0.048895865303963275,0.04729709041664023,-0.0006661562030512709
-0.062249243164062495,0.8738836059570312,10.522516296386717,-0.05076110267250683,0.027978560528153375,-0.004529862180748642
0.09337386474609374,1.0127473022460938,10.570400329589843,-0.05156049011616837,0.028911179212425153,-0.006528330789902454
0.0526724365234375,0.9888052856445312,10.565611926269531,-0.049695252747624805,0.03543951000232761,-0.0029310872934255917
0.08858546142578125,1.0223241088867188,10.50815108642578,-0.0528928025222709,0.03797090357392244,-0.0019984686091538122
0.031124621582031248,0.9840168823242187,10.606313354492187,-0.0430336907171121,0.02571362943777905,-0.0063950995492922
0.04548983154296875,1.0366893188476562,10.568006127929687,-0.04929555902579404,0.02464777951289702,-0.004396630940138387
0.05027823486328125,0.9911994873046874,10.558429321289061,-0.046098009251147945,0.024514548272286763,-0.003464012255866608
0.00718260498046875,0.9433154541015625,10.601524951171875,-0.04449923436382489,0.02438131703167651,-0.003464012255866608
0.11013327636718749,1.0319009155273438,10.51533369140625,-0.04756355289786074,0.02744563556571236,-0.0057289433462409285
0.0047884033203125,1.024718310546875,10.544064111328124,-0.05249310880044014,0.03943644722063524,-0.0029310872934255917
0.07900865478515624,0.8978256225585937,10.544064111328124,-0.04663093421358895,0.03370750387439431,-0.002264931090374321
0.02633621826171875,1.0534487304687499,10.601524951171875,-0.048229709100912004,0.035705972483548114,-0.005062787143189658
0.028730419921875,1.0007762939453124,10.556035119628906,-0.05515773361264523,0.026513016881440577,-0.009326186842717792
0.06943184814453125,0.9433154541015625,10.54645831298828,-0.048895865303963275,0.032508422708902016,-0.0058621745868511835
0.07422025146484375,0.9433154541015625,10.594342346191405,-0.04849617158213252,0.03170903526524049,-0.0057289433462409285
0.009576806640625,0.9361328491210937,10.488997473144531,-0.04716385917602997,0.031575804024630234,-0.0014655436467127959
0.04548983154296875,1.0678139404296874,10.541669909667968,-0.048229709100912004,0.029310872934255914,-0.002531393571594829
0.055066638183593745,0.9648632690429687,10.524910498046875,-0.049961715228845315,0.036771822408430146,0.0005329249624410166
-0.02154781494140625,0.9744400756835937,10.529698901367187,-0.05102756515372735,0.03530627876171736,-0.004929555902579405
0.00718260498046875,1.005564697265625,10.560823522949217,-0.05102756515372735,0.03863705977697371,0.0002664624812205083
0.09337386474609374,0.9720458740234375,10.548852514648438,-0.049029096544573526,0.04036906590490701,-0.0030643185340358454
0.047884033203124995,1.0127473022460938,10.613495959472656,-0.04596477801053769,0.029310872934255914,-0.004130168458917879
0.08858546142578125,1.01514150390625,10.548852514648438,-0.048895865303963275,0.026779479362661087,-0.0037304747370871167
0.086191259765625,0.9959878906249999,10.51533369140625,-0.05022817771006582,0.036771822408430146,-0.0021316998497640663
0.02633621826171875,1.0103531005859374,10.496180078124999,-0.05156049011616837,0.02717917308449185,-0.003464012255866608
0.011971008300781249,0.9935936889648437,10.582371337890624,-0.0464977029729787,0.014522205226517705,-0.008926493120887028
0.02633621826171875,0.9983820922851562,10.608707556152343,-0.045298621807486415,0.02531393571594829,-0.0014655436467127959
0.06464344482421874,0.9983820922851562,10.539275708007812,-0.0479632466196915,0.022516079663132953,-0.0005329249624410166
-0.031124621582031248,1.024718310546875,10.512939489746094,-0.049428790266404295,0.03703828488965066,0.0002664624812205083
0.040701428222656245,0.97683427734375,10.541669909667968,-0.04583154676992743,0.035972434964768624,-0.0009326186842717792
0.09337386474609374,1.0031704956054688,10.697293017578124,-0.04716385917602997,0.03384073511500456,-0.005062787143189658
0.03591302490234375,1.0678139404296874,10.551246716308594,-0.05169372135677862,0.03810413481453269,-0.0063950995492922
-0.01915361328125,0.9504980590820312,10.579977136230468,-0.05515773361264523,0.029843797896696934,-0.0035972434964768626
0.0383072265625,0.9528922607421875,10.589553942871094,-0.048229709100912004,0.03264165394951227,-0.004130168458917879
0.05746083984375,1.0773907470703123,10.505756884765624,-0.0528928025222709,0.033041347671343035,-0.0005329249624410166
0.07422025146484375,0.9888052856445312,10.58476553955078,-0.05102756515372735,0.026113323159609816,-0.002264931090374321
0.05985504150390625,1.0271125122070313,10.510545288085936,-0.044632465604435144,0.031575804024630234,-0.0021316998497640663
-0.011971008300781249,1.0223241088867188,10.575188732910156,-0.046098009251147945,0.027578866806322613,-0.0035972434964768626
0.06703764648437499,0.9169792358398436,10.572794531249999,-0.045565084288706925,0.03850382853636345,0.00013323124061025415
0.02633621826171875,1.0319009155273438,10.551246716308594,-0.049828483988235056,0.026379785640830326,0.0018652373685435584
0.0383072265625,1.0582371337890624,10.606313354492187,-0.05049464019128633,0.044765696845045395,-0.0057289433462409285
-0.00718260498046875,0.9720458740234375,10.54645831298828,-0.05382542120654268,0.03970290970185574,-0.0019984686091538122
-0.028730419921875,0.9217676391601562,10.594342346191405,-0.04263399699528134,0.022382848422522698,-0.008393568158446012
-0.055066638183593745,1.1540052001953125,10.625466967773438,-0.0558238898156965,0.03757120985209167,-0.001732006127933304
0.09576806640624999,0.7302315063476562,10.524910498046875,-0.05529096485325548,0.03703828488965066,0.0003996937218307625
0.12449848632812499,1.01514150390625,10.54645831298828,-0.03863705977697371,-0.009059724361497283,-0.01185758041431262
0.055066638183593745,1.1372457885742187,10.498574279785156,-0.04369984692016337,0.025180704475338038,-0.0037304747370871167
0.031124621582031248,0.8930372192382812,10.539275708007812,-0.04769678413847099,0.04663093421358895,0.003464012255866608
0.09337386474609374,0.9600748657226562,10.560823522949217,-0.041967840792230066,0.008926493120887028,-0.00013323124061025415
0.11013327636718749,1.0797849487304687,10.663774194335938,-0.04716385917602997,0.03703828488965066,0.0018652373685435584
0.03591302490234375,0.9864110839843749,10.505756884765624,-0.0479632466196915,0.0401026034236865,-0.001732006127933304
0.11252747802734374,1.005564697265625,10.548852514648438,-0.05342572748471192,0.0063950995492922,0.007061255752343471
0.10773907470703124,1.0319009155273438,10.615890161132812,-0.04236753451406082,0.031975497746460996,0.001732006127933304
0.06703764648437499,0.9241618408203125,10.503362683105468,-0.04783001537908124,0.01732006127933304,-0.007194486992953725
-0.02154781494140625,1.0989385620117187,10.582371337890624,-0.048895865303963275,0.0401026034236865,-0.006794793271122962
0.05027823486328125,1.0319009155273438,10.637437976074217,-0.04543185304809667,0.02078407353519965,-0.0037304747370871167
0.1197100830078125,0.9576806640625,10.512939489746094,-0.041301684589178794,0.01185758041431262,-0.002398162330984575
0.08140285644531249,1.0103531005859374,10.59194814453125,-0.04250076575467108,0.031842266505850744,-0.0026646248122050836
-0.13407529296874998,1.1276689819335937,10.55364091796875,-0.049695252747624805,0.0415681470703993,-0.0033307810152563544
-0.0383072265625,1.0821791503906248,10.608707556152343,-0.049961715228845315,0.03970290970185574,-0.000799387443661525
0.354341845703125,0.7876923461914062,10.58476553955078,-0.044232771882604376,-0.004130168458917879,0.0018652373685435584
0.0909796630859375,1.0749965454101562,10.608707556152343,-0.049029096544573526,0.019984686091538122,-0.002398162330984575
-0.18435352783203124,1.1180921752929687,10.613495959472656,-0.06115313944010666,0.07767381327577817,0.006928024511733216
0.00239420166015625,0.9528922607421875,10.611101757812499,-0.045032159326265905,0.01572128639200999,-0.0039969372183076245
0.20829554443359374,0.9026140258789062,10.498574279785156,-0.04663093421358895,0.01732006127933304,0.0002664624812205083
0.07900865478515624,1.0007762939453124,10.496180078124999,-0.03903675349880447,0.019318529888486854,-0.004663093421358896
-0.0430956298828125,1.0175357055664063,10.572794531249999,-0.053159265003491406,0.05102756515372735,-0.0009326186842717792
-0.18914193115234373,1.01514150390625,10.50815108642578,-0.04729709041664023,0.0511607963943376,-0.0039969372183076245
0.047884033203124995,0.9888052856445312,10.527304699707031,-0.03757120985209167,-0.005062787143189658,-0.0021316998497640663
0.2753331909179687,0.8786720092773437,10.577582934570312,-0.036238897445989134,0.0063950995492922,0.0
0.028730419921875,1.1444283935546875,10.577582934570312,-0.04223430327345057,0.036372128686599385,-0.005995405827461438
0.05746083984375,0.9792284790039062,10.556035119628906,-0.05728943346240929,0.04929555902579404,0.00866003063966652
0.0909796630859375,0.9026140258789062,10.556035119628906,-0.04596477801053769,0.017719755001163805,-0.004663093421358896
0.09337386474609374,0.9959878906249999,10.54645831298828,-0.050894333913117096,0.03530627876171736,-0.0029310872934255917
0.0909796630859375,1.0534487304687499,10.556035119628906,-0.049695252747624805,0.017586523760553547,-0.0013323124061025418
-0.0430956298828125,1.1252747802734375,10.505756884765624,-0.0511607963943376,0.05329249624410167,-0.007194486992953725
-0.06464344482421874,1.005564697265625,10.541669909667968,-0.05595712105630675,0.05382542120654268,0.00159877488732305
0.09816226806640624,0.8499415893554687,10.582371337890624,-0.035705972483548114,-0.005196018383799912,-0.01345635530163567
0.1580173095703125,1.1444283935546875,10.62307276611328,-0.04769678413847099,0.03130934154340973,-0.0010658499248820332
0.02633621826171875,0.967257470703125,10.474632263183594,-0.0558238898156965,0.04250076575467108,-0.0002664624812205083
-0.03591302490234375,1.0702081420898437,10.534487304687499,-0.05502450237203497,0.049029096544573526,-0.0014655436467127959
0.016759411621093748,0.9648632690429687,10.522516296386717,-0.05156049011616837,0.016787136316892024,-0.0030643185340358454
0.14604630126953125,0.9337386474609375,10.462661254882812,-0.04663093421358895,0.015987748873230498,-0.005196018383799912
0.01915361328125,1.0678139404296874,10.541669909667968,-0.05329249624410167,0.04596477801053769,-0.005196018383799912
0.00239420166015625,1.1468225952148436,10.520122094726561,-0.057156202221799034,0.023049004625573973,0.0029310872934255917
0.20350714111328125,0.7829039428710937,10.625466967773438,-0.045298621807486415,0.04036906590490701,-0.006928024511733216
-0.09576806640624999,1.2330138549804688,10.601524951171875,-0.04929555902579404,0.004263399699528133,-0.0021316998497640663
0.07900865478515624,0.9265560424804687,10.524910498046875,-0.045165390566876164,0.05395865244715294,-0.008793261880276773
-0.0383072265625,1.1563994018554686,10.484209069824217,-0.045298621807486415,0.03557274124293786,-0.0058621745868511835
0.040701428222656245,1.0271125122070313,10.544064111328124,-0.0430336907171121,0.0063950995492922,-0.0033307810152563544
0.41898529052734373,0.7948749511718749,10.486603271484375,-0.04689739669480947,0.036638591167819895,-0.0030643185340358454
-0.1867477294921875,1.1372457885742187,10.644620581054687,-0.04716385917602997,0.04876263406335302,-0.010791730489430587
-0.047884033203124995,1.01514150390625,10.618284362792968,-0.06315160804926047,0.06275191432742971,0.006661562030512709
0.016759411621093748,0.8810662109374999,10.579977136230468,-0.050094946469455566,0.020917304775809907,-0.01345635530163567
0.00718260498046875,1.0917559570312498,10.635043774414061,-0.0433001531983326,-0.0010658499248820332,-0.008926493120887028
0.354341845703125,0.8595183959960937,10.532093103027343,-0.04250076575467108,0.02118376725703041,-0.005462480865020421
0.04548983154296875,1.1516109985351561,10.627861169433594,-0.0479632466196915,0.01945176112909711,-0.011324655451871604
-0.16519991455078123,1.0749965454101562,10.572794531249999,-0.06115313944010666,0.08593415019361393,-0.0019984686091538122
-0.033518823242187495,0.8882488159179687,10.656591589355468,-0.05049464019128633,0.019052067407266345,0.00479632466196915
0.30406361083984373,0.948103857421875,10.611101757812499,-0.03583920372415837,-0.007194486992953725,-0.011058192970651094
0.17477672119140625,1.0821791503906248,10.524910498046875,-0.049029096544573526,0.03450689131805583,-0.0019984686091538122
-0.028730419921875,1.1731588134765625,10.63025537109375,-0.05529096485325548,0.044232771882604376,-0.008260336917835759
-0.00718260498046875,0.9959878906249999,10.51533369140625,-0.0604869832370554,0.05822205214668107,0.0006661562030512709
-0.0143652099609375,0.93852705078125,10.62307276611328,-0.04729709041664023,0.02105053601642016,-0.005196018383799912
0.08379705810546874,0.852335791015625,10.50815108642578,-0.04769678413847099,0.04036906590490701,0.0006661562030512709
-0.0143652099609375,1.0869675537109373,10.47702646484375,-0.03850382853636345,0.014655436467127957,0.0002664624812205083
0.17238251953125,0.8834604125976562,10.548852514648438,-0.04210107203284032,0.012257274136143382,-0.006128637068071691
-0.13407529296874998,1.1947066284179686,10.587159741210938,-0.05395865244715294,0.036105666205378875,0.0037304747370871167
0.3016694091796875,0.6751648681640625,10.436325036621094,-0.04396630940138387,0.021849923460081685,0.00159877488732305
-0.04548983154296875,1.1947066284179686,10.488997473144531,-0.037171516130260915,0.023182235866184224,-0.012523736617363892
-0.07900865478515624,0.8906430175781249,10.670956799316405,-0.06861408891428089,0.10565237380393155,0.024114854550456002
-0.3112462158203125,1.2425906616210938,10.448296044921875,-0.015188361429568975,-0.041834609551619814,-0.04636447173236845
0.622492431640625,0.9720458740234375,10.570400329589843,-0.0863338439154447,0.06368453301170149,0.0464977029729787
0.14125789794921875,0.49799394531249996,10.462661254882812,-0.005196018383799912,-0.035173047521107094,-0.05169372135677862
-0.5698199951171875,2.1164742675781247,10.702081420898438,-0.08353598786262936,0.10805053613491612,0.01345635530163567
0.3687070556640625,0.16041151123046873,10.484209069824217,-0.0433001531983326,0.015454823910789483,-0.02145022973825092
0.19871873779296872,1.1324573852539062,10.568006127929687,-0.03543951000232761,-0.014255742745297196,-0.015188361429568975
-0.17477672119140625,1.2904746948242187,10.606313354492187,-0.0528928025222709,0.03583920372415837,0.0039969372183076245
0.2059013427734375,0.9361328491210937,10.58476553955078,-0.05728943346240929,0.06515007665841428,-0.002398162330984575
-0.11252747802734374,1.0510545288085937,10.548852514648438,-0.05076110267250683,0.028245023009373885,-0.005595712105630674
0.16041151123046873,0.7445967163085937,10.548852514648438,-0.0464977029729787,0.041168453348568536,0.009326186842717792
0.0909796630859375,0.9959878906249999,10.560823522949217,-0.035705972483548114,-0.0014655436467127959,-0.013856049023466432
-0.07900865478515624,1.197100830078125,10.644620581054687,-0.057422664703019544,0.06275191432742971,0.004663093421358896
0.16280571289062498,0.8475473876953125,10.558429321289061,-0.0543583461689837,0.036238897445989134,0.0018652373685435584
0.07900865478515624,0.9409212524414062,10.59194814453125,-0.044765696845045395,0.01372281778285618,-0.011990811654922875
-0.00718260498046875,1.0726023437499999,10.577582934570312,-0.049562021507014546,0.02717917308449185,-0.0005329249624410166
0.10773907470703124,0.9840168823242187,10.589553942871094,-0.04756355289786074,0.011591117933092112,-0.008393568158446012
-0.040701428222656245,1.1061211669921875,10.55364091796875,-0.04876263406335302,0.03916998473941472,-0.00013323124061025415
0.1005564697265625,1.0127473022460938,10.603919152832031,-0.04929555902579404,0.011591117933092112,-0.005062787143189658
0.1484405029296875,1.0175357055664063,10.687716210937499,-0.04276722823589159,0.026646248122050836,-0.006794793271122962
-0.047884033203124995,1.1659762084960936,10.639832177734375,-0.058355283387291325,0.05049464019128633,0.0031975497746461
0.19153613281249998,0.8092401611328125,10.512939489746094,-0.04703062793541972,0.04876263406335302,-0.002264931090374321
-0.040701428222656245,1.0390835205078124,10.520122094726561,-0.04769678413847099,0.02464777951289702,-0.0075941807147844875
-0.033518823242187495,1.0558429321289062,10.637437976074217,-0.04929555902579404,0.022516079663132953,-0.006661562030512709
0.16280571289062498,1.0486603271484374,10.587159741210938,-0.0511607963943376,0.02571362943777905,-0.006261868308681946
0.10773907470703124,0.9528922607421875,10.536881506347656,-0.044765696845045395,0.02464777951289702,-0.0057289433462409285
-0.02633621826171875,1.0534487304687499,10.579977136230468,-0.044632465604435144,0.029310872934255914,-0.004396630940138387
-0.02633621826171875,1.0630255371093749,10.575188732910156,-0.04716385917602997,0.022782542144353463,-0.0033307810152563544
0.05027823486328125,0.9528922607421875,10.692504614257812,-0.04236753451406082,0.031842266505850744,0.0014655436467127959
0.06943184814453125,0.9959878906249999,10.541669909667968,-0.04263399699528134,0.010791730489430587,-0.0057289433462409285
0.06943184814453125,1.0319009155273438,10.651803186035156,-0.04316692195772235,0.02584686067838931,-0.004529862180748642
0.08140285644531249,1.0486603271484374,10.55364091796875,-0.045565084288706925,0.037304747370871166,0.0002664624812205083
0.06943184814453125,0.9265560424804687,10.520122094726561,-0.03970290970185574,0.023315467106794475,-0.003464012255866608
0.1149216796875,1.1180921752929687,10.493785876464843,-0.054491577409593955,0.04636447173236845,0.0058621745868511835
0.07422025146484375,0.9648632690429687,10.568006127929687,-0.048895865303963275,0.058888208349732345,-0.0003996937218307625
0.040701428222656245,1.1228805786132812,10.606313354492187,-0.050894333913117096,0.06115313944010666,0.002797856052815337
0.06464344482421874,0.97683427734375,10.558429321289061,-0.053159265003491406,0.041035222107958284,-0.0018652373685435584
0.0143652099609375,0.9888052856445312,10.541669909667968,-0.04916232778518379,0.0305099540997482,-0.0018652373685435584
0.05027823486328125,0.9959878906249999,10.603919152832031,-0.0401026034236865,0.013989280264076687,-0.007860643196004996
-0.028730419921875,1.01514150390625,10.55364091796875,-0.04369984692016337,0.01851914244482533,-0.0031975497746461
0.076614453125,0.9816226806640624,10.522516296386717,-0.037837672333312186,0.004529862180748642,-0.0075941807147844875
0.12210428466796874,1.0678139404296874,10.548852514648438,-0.036638591167819895,0.012923430339194655,-0.007727411955394742
0.05027823486328125,1.0390835205078124,10.637437976074217,-0.04596477801053769,0.023049004625573973,-0.004529862180748642
0.0909796630859375,1.1180921752929687,10.55364091796875,-0.041434915829789046,0.0383705972957532,0.0002664624812205083
0.04548983154296875,1.0582371337890624,10.565611926269531,-0.04689739669480947,0.03850382853636345,-0.0006661562030512709
0.09816226806640624,0.948103857421875,10.55364091796875,-0.04703062793541972,0.03890352225819422,-0.00013323124061025415
0.0526724365234375,1.1037269653320312,10.54645831298828,-0.049695252747624805,0.0415681470703993,-0.0006661562030512709
0.08379705810546874,1.0414777221679687,10.572794531249999,-0.048895865303963275,0.050094946469455566,0.00013323124061025415
0.0143652099609375,1.0103531005859374,10.565611926269531,-0.05062787143189658,0.04369984692016337,0.0006661562030512709
0.12210428466796874,1.0342951171875,10.620678564453124,-0.05329249624410167,0.02997702913730719,0.0039969372183076245
0.07422025146484375,1.0534487304687499,10.517727893066406,-0.05235987755982989,0.028644716731204646,-0.0011990811654922875
0.01915361328125,1.0486603271484374,10.635043774414061,-0.05595712105630675,0.03384073511500456,-0.0011990811654922875
0.00239420166015625,1.0678139404296874,10.544064111328124,-0.0543583461689837,0.03823736605514295,-0.0074609494741742334
0.08379705810546874,1.0462661254882812,10.63025537109375,-0.05182695259738887,0.019052067407266345,-0.00479632466196915
0.05027823486328125,1.0510545288085937,10.544064111328124,-0.049562021507014546,0.025180704475338038,-0.0029310872934255917
0.047884033203124995,0.9361328491210937,10.512939489746094,-0.050361408950676076,0.02851148549059439,-0.002264931090374321
0.0526724365234375,0.9959878906249999,10.551246716308594,-0.044765696845045395,0.03956967846124549,-0.002797856052815337
0.062249243164062495,0.9504980590820312,10.582371337890624,-0.046098009251147945,0.027712098046932865,-0.002264931090374321
0.0909796630859375,1.0678139404296874,10.417171423339843,-0.04663093421358895,0.03477335379927634,-0.0003996937218307625
-0.00239420166015625,1.024718310546875,10.611101757812499,-0.048229709100912004,0.0401026034236865,-0.003863705977697371
0.0430956298828125,1.0079588989257813,10.577582934570312,-0.045565084288706925,0.023848392069235495,-0.0005329249624410166
0.0526724365234375,1.0558429321289062,10.484209069824217,-0.04916232778518379,0.03583920372415837,-0.00013323124061025415
0.05985504150390625,1.0007762939453124,10.627861169433594,-0.05209341507860938,0.03490658503988659,-0.005062787143189658
0.00239420166015625,1.0319009155273438,10.635043774414061,-0.0479632466196915,0.026779479362661087,-0.011058192970651094
0.0718260498046875,1.0390835205078124,10.582371337890624,-0.05182695259738887,0.0334410413931738,-0.004263399699528133
0.02154781494140625,0.9744400756835937,10.620678564453124,-0.05049464019128633,0.02691271060327134,-0.00479632466196915
0.076614453125,0.9504980590820312,10.46984385986328,-0.048229709100912004,0.033041347671343035,-0.0057289433462409285
0.0047884033203125,1.0271125122070313,10.565611926269531,-0.0528928025222709,0.03290811643073278,-0.0039969372183076245
0.11731588134765625,1.01514150390625,10.529698901367187,-0.0464977029729787,0.03930321598002497,-0.0030643185340358454
0.07900865478515624,0.9935936889648437,10.587159741210938,-0.0464977029729787,0.033307810152563545,-0.0037304747370871167
0.08379705810546874,1.0103531005859374,10.63025537109375,-0.04862940282274277,0.03011026037791744,-0.0026646248122050836
0.0383072265625,1.0486603271484374,10.58476553955078,-0.04716385917602997,0.03530627876171736,-0.005462480865020421
0.01915361328125,1.0773907470703123,10.59194814453125,-0.0514272588755581,0.03037672285913795,-0.000799387443661525
-0.00718260498046875,1.0223241088867188,10.536881506347656,-0.04743032165725048,0.03144257278401998,-0.002264931090374321
0.009576806640625,0.9864110839843749,10.55364091796875,-0.045032159326265905,0.027845329287543123,-0.002531393571594829
0.009576806640625,1.0582371337890624,10.503362683105468,-0.04862940282274277,0.0305099540997482,-0.0037304747370871167
0.06943184814453125,0.9911994873046874,10.548852514648438,-0.05169372135677862,0.032774885190122525,-0.002797856052815337
0.033518823242187495,1.0007762939453124,10.627861169433594,-0.04689739669480947,0.02717917308449185,-0.004929555902579405
-0.0383072265625,1.0630255371093749,10.529698901367187,-0.04356661567955311,0.012656967857974145,-0.007727411955394742
0.0526724365234375,1.0654197387695312,10.620678564453124,-0.04689739669480947,0.02904441045303541,-0.002797856052815337
0.062249243164062495,1.0893617553710937,10.639832177734375,-0.049428790266404295,0.027978560528153375,-0.006128637068071691
0.06943184814453125,1.005564697265625,10.565611926269531,-0.04396630940138387,0.0383705972957532,-0.005196018383799912
0.0718260498046875,1.0941501586914062,10.603919152832031,-0.04836294034152226,0.03530627876171736,-0.0026646248122050836
0.055066638183593745,1.0007762939453124,10.539275708007812,-0.05169372135677862,0.031042879062189218,-0.0002664624812205083
-0.0143652099609375,1.0366893188476562,10.594342346191405,-0.04836294034152226,0.032375191468291764,-0.010392036767599824
0.06464344482421874,1.01514150390625,10.453084448242187,-0.04929555902579404,0.03011026037791744,-0.006794793271122962
0.011971008300781249,0.9576806640625,10.548852514648438,-0.048895865303963275,0.030909647821578966,-0.0035972434964768626
0.06703764648437499,1.0510545288085937,10.500968481445312,-0.053026033762881154,0.03290811643073278,-0.005196018383799912
0.00239420166015625,1.0175357055664063,10.556035119628906,-0.04783001537908124,0.023848392069235495,-0.002264931090374321
0.076614453125,1.0103531005859374,10.75714805908203,-0.04769678413847099,0.023049004625573973,-0.003863705977697371
0.06703764648437499,1.0271125122070313,10.539275708007812,-0.04769678413847099,0.02744563556571236,-0.0002664624812205083
0.011971008300781249,1.0199299072265624,10.618284362792968,-0.049695252747624805,0.03370750387439431,0.0014655436467127959
0.05985504150390625,1.01514150390625,10.658985791015624,-0.05156049011616837,0.04583154676992743,-0.0002664624812205083
0.031124621582031248,1.0295067138671874,10.50815108642578,-0.050094946469455566,0.03916998473941472,0.0011990811654922875
-0.0143652099609375,1.0366893188476562,10.596736547851561,-0.04862940282274277,0.03490658503988659,-0.0002664624812205083
0.05985504150390625,1.0390835205078124,10.505756884765624,-0.049029096544573526,0.03424042883683532,0.0003996937218307625
0.055066638183593745,1.0079588989257813,10.613495959472656,-0.05102756515372735,0.0334410413931738,-0.004263399699528133
0.06703764648437499,1.0390835205078124,10.613495959472656,-0.04543185304809667,0.023581929588014985,-0.004130168458917879
0.05985504150390625,1.0510545288085937,10.675745202636719,-0.04170137831100955,0.01572128639200999,-0.005595712105630674
0.08858546142578125,1.0678139404296874,10.558429321289061,-0.04449923436382489,0.015588055151399738,-0.0035972434964768626
0.0047884033203125,0.9744400756835937,10.632649572753905,-0.045565084288706925,0.02531393571594829,-0.00013323124061025415
0.0430956298828125,1.0127473022460938,10.541669909667968,-0.049029096544573526,0.027578866806322613,-0.0006661562030512709
0.08858546142578125,1.0103531005859374,10.517727893066406,-0.048229709100912004,0.04756355289786074,-0.0005329249624410166
0.033518823242187495,1.0175357055664063,10.532093103027343,-0.04876263406335302,0.04356661567955311,0.002264931090374321
0.13407529296874998,1.0103531005859374,10.541669909667968,-0.04876263406335302,0.032375191468291764,-0.002398162330984575
0.05027823486328125,1.0175357055664063,10.496180078124999,-0.04703062793541972,0.028911179212425153,-0.0031975497746461
-0.01915361328125,1.0749965454101562,10.510545288085936,-0.05076110267250683,0.0302434916185277,-0.007727411955394742
0.031124621582031248,0.9911994873046874,10.532093103027343,-0.048229709100912004,0.022116385941302188,-0.0033307810152563544
0.0430956298828125,1.0295067138671874,10.524910498046875,-0.0415681470703993,0.02078407353519965,-0.000799387443661525
-0.0430956298828125,1.0127473022460938,10.558429321289061,-0.05022817771006582,0.02691271060327134,-0.0031975497746461
0.05746083984375,1.0295067138671874,10.582371337890624,-0.04849617158213252,0.026646248122050836,-0.0006661562030512709
0.13646949462890623,1.0558429321289062,10.579977136230468,-0.04543185304809667,0.03863705977697371,-0.0010658499248820332
0.028730419921875,0.9744400756835937,10.608707556152343,-0.04663093421358895,0.035705972483548114,-0.000799387443661525
0.04548983154296875,1.024718310546875,10.572794531249999,-0.04743032165725048,0.0415681470703993,0.0014655436467127959
0.086191259765625,1.0007762939453124,10.613495959472656,-0.04316692195772235,0.03450689131805583,-0.0011990811654922875
0.05985504150390625,1.0654197387695312,10.565611926269531,-0.04543185304809667,0.027978560528153375,-0.0058621745868511835
0.02633621826171875,0.9840168823242187,10.548852514648438,-0.04583154676992743,0.026113323159609816,-0.0035972434964768626
0.02154781494140625,1.1061211669921875,10.520122094726561,-0.049828483988235056,0.03077641658096871,-0.0039969372183076245
0.1005564697265625,0.9840168823242187,10.560823522949217,-0.044632465604435144,0.024914241994117528,-0.006794793271122962
0.033518823242187495,1.0797849487304687,10.534487304687499,-0.041434915829789046,0.015188361429568975,-0.0058621745868511835
0.086191259765625,1.0702081420898437,10.599130749511717,-0.044765696845045395,0.02691271060327134,-0.0019984686091538122
0.11252747802734374,1.0702081420898437,10.539275708007812,-0.04263399699528134,0.0287779479718149,-0.00159877488732305
0.06703764648437499,1.0797849487304687,10.524910498046875,-0.044898928085655654,0.032508422708902016,-0.0014655436467127959
0.009576806640625,1.0271125122070313,10.556035119628906,-0.044099540641994124,0.03757120985209167,0.0009326186842717792
0.016759411621093748,1.0199299072265624,10.512939489746094,-0.04689739669480947,0.03530627876171736,-0.0019984686091538122
-0.02154781494140625,0.9911994873046874,10.613495959472656,-0.05156049011616837,0.02997702913730719,-0.0033307810152563544
0.0047884033203125,1.0342951171875,10.544064111328124,-0.04636447173236845,0.02584686067838931,-0.008260336917835759
0.00239420166015625,1.0103531005859374,10.539275708007812,-0.045565084288706925,0.024514548272286763,-0.002398162330984575
0.08379705810546874,1.0821791503906248,10.522516296386717,-0.046231240491758196,0.031042879062189218,-0.0037304747370871167
0.02154781494140625,0.9600748657226562,10.524910498046875,-0.045298621807486415,0.027045941843881597,-0.004130168458917879
0.06703764648437499,1.0462661254882812,10.524910498046875,-0.0430336907171121,0.027845329287543123,-0.0033307810152563544
0.05746083984375,1.0510545288085937,10.601524951171875,-0.040768759626737774,0.03144257278401998,-0.0010658499248820332
0.05985504150390625,1.0127473022460938,10.517727893066406,-0.046764165454199216,0.03357427263378405,-0.00013323124061025415
0.0718260498046875,1.0223241088867188,10.611101757812499,-0.046764165454199216,0.0305099540997482,-0.0013323124061025418
0.04548983154296875,1.0869675537109373,10.582371337890624,-0.04663093421358895,0.03357427263378405,-0.002797856052815337
0.05746083984375,1.0510545288085937,10.568006127929687,-0.04743032165725048,0.03543951000232761,-0.0018652373685435584
0.00718260498046875,1.0079588989257813,10.568006127929687,-0.048895865303963275,0.023581929588014985,-0.0019984686091538122
0.028730419921875,1.0199299072265624,10.62307276611328,-0.03850382853636345,0.03543951000232761,-0.0019984686091538122
0.016759411621093748,1.1348515869140625,10.556035119628906,-0.050094946469455566,0.033041347671343035,-0.0019984686091538122
0.033518823242187495,1.0199299072265624,10.656591589355468,-0.04703062793541972,0.028911179212425153,-0.0037304747370871167
0.016759411621093748,1.0869675537109373,10.532093103027343,-0.04436600312321464,0.017186830038722786,-0.004663093421358896
0.00718260498046875,1.0821791503906248,10.599130749511717,-0.04170137831100955,0.020650842294589397,-0.0009326186842717792
0.016759411621093748,1.0199299072265624,10.678139404296875,-0.040502297145517265,0.021983154700691936,-0.002398162330984575
0.031124621582031248,1.1109095703125,10.560823522949217,-0.04290045947650184,0.03011026037791744,-0.0037304747370871167
0.040701428222656245,1.0295067138671874,10.572794531249999,-0.04636447173236845,0.03011026037791744,0.0005329249624410166
0.0909796630859375,1.0007762939453124,10.551246716308594,-0.044898928085655654,0.035705972483548114,0.0
0.10295067138671875,1.0319009155273438,10.565611926269531,-0.04356661567955311,0.02691271060327134,-0.004929555902579405
0.08379705810546874,1.0630255371093749,10.599130749511717,-0.045032159326265905,0.036505359927209644,-0.002531393571594829
-0.0047884033203125,1.1013327636718748,10.532093103027343,-0.04769678413847099,0.03956967846124549,-0.004130168458917879
0.031124621582031248,1.1061211669921875,10.558429321289061,-0.049562021507014546,0.027845329287543123,-0.002398162330984575
0.011971008300781249,1.0726023437499999,10.577582934570312,-0.05182695259738887,0.03823736605514295,-0.00866003063966652
0.10295067138671875,1.0462661254882812,10.606313354492187,-0.05235987755982989,0.028111791768763626,-0.0095926493239383
0.03591302490234375,1.0486603271484374,10.594342346191405,-0.05342572748471192,0.024914241994117528,-0.006661562030512709
0.07900865478515624,1.0414777221679687,10.565611926269531,-0.049695252747624805,0.026113323159609816,-0.007860643196004996
0.02633621826171875,1.0319009155273438,10.488997473144531,-0.045298621807486415,0.029843797896696934,-0.005462480865020421
0.055066638183593745,1.0390835205078124,10.587159741210938,-0.045165390566876164,0.03397396635561481,0.00013323124061025415
0.07422025146484375,1.0797849487304687,10.58476553955078,-0.04716385917602997,0.03357427263378405,-0.004929555902579405
0.09337386474609374,1.0295067138671874,10.505756884765624,-0.045565084288706925,0.03410719759622506,-0.004663093421358896
0.1388636962890625,1.0175357055664063,10.548852514648438,-0.05728943346240929,0.0369050536490404,-0.0030643185340358454
0.062249243164062495,1.1037269653320312,10.618284362792968,-0.05489127113142472,0.04250076575467108,-0.004663093421358896
0.01915361328125,1.0558429321289062,10.635043774414061,-0.05529096485325548,0.03916998473941472,0.0010658499248820332
0.011971008300781249,1.0582371337890624,10.608707556152343,-0.05235987755982989,0.02744563556571236,-0.002398162330984575
0.028730419921875,1.0749965454101562,10.654197387695312,-0.05182695259738887,0.020650842294589397,-0.0011990811654922875
0.03591302490234375,1.0223241088867188,10.55364091796875,-0.04396630940138387,0.016254211354451008,0.0005329249624410166
0.05985504150390625,1.024718310546875,10.565611926269531,-0.0464977029729787,0.022249617181912446,0.0002664624812205083
0.023942016601562498,1.1013327636718748,10.512939489746094,-0.048895865303963275,0.032375191468291764,0.00013323124061025415
0.076614453125,1.0893617553710937,10.568006127929687,-0.054491577409593955,0.03890352225819422,-0.0021316998497640663
0.086191259765625,1.0749965454101562,10.589553942871094,-0.0543583461689837,0.03503981628049684,-0.005995405827461438
0.06703764648437499,1.0606313354492187,10.644620581054687,-0.055690658575086247,0.033307810152563545,-0.005462480865020421
0.07422025146484375,1.0678139404296874,10.563217724609375,-0.057822358424850305,0.03503981628049684,-0.002531393571594829
0.047884033203124995,0.9792284790039062,10.539275708007812,-0.06328483928987072,0.03903675349880447,0.0019984686091538122
0.05985504150390625,1.024718310546875,10.575188732910156,-0.050361408950676076,0.039969372183076245,0.0014655436467127959
-0.0047884033203125,1.0893617553710937,10.618284362792968,-0.055690658575086247,0.03583920372415837,0.006128637068071691
0.06703764648437499,1.0462661254882812,10.500968481445312,-0.0415681470703993,0.03144257278401998,0.004663093421358896
0.06464344482421874,1.0462661254882812,10.484209069824217,-0.041834609551619814,0.03317457891195329,0.0037304747370871167
0.1005564697265625,1.1109095703125,10.54645831298828,-0.04756355289786074,0.025447166956558548,0.0
0.05027823486328125,1.0534487304687499,10.568006127929687,-0.05076110267250683,0.03064318534035846,0.002264931090374321
0.06943184814453125,1.0773907470703123,10.577582934570312,-0.05382542120654268,0.031042879062189218,0.0018652373685435584
0.076614453125,0.9935936889648437,10.594342346191405,-0.0479632466196915,0.03370750387439431,-0.002797856052815337
0.00239420166015625,1.0007762939453124,10.563217724609375,-0.04716385917602997,0.012656967857974145,-0.0033307810152563544
0.04548983154296875,1.0366893188476562,10.522516296386717,-0.04756355289786074,0.02118376725703041,0.0
0.07422025146484375,0.9983820922851562,10.568006127929687,-0.032774885190122525,0.0002664624812205083,-0.006261868308681946
0.0430956298828125,1.0606313354492187,10.522516296386717,-0.031842266505850744,0.004929555902579405,-0.003464012255866608
0.09337386474609374,1.0175357055664063,10.55364091796875,-0.029177641693645662,0.027845329287543123,0.00479632466196915
0.08858546142578125,1.0319009155273438,10.615890161132812,-0.03170903526524049,0.035972434964768624,0.003863705977697371
0.0909796630859375,1.0869675537109373,10.563217724609375,-0.03397396635561481,0.050361408950676076,0.012923430339194655
-0.028730419921875,0.9864110839843749,10.635043774414061,-0.04276722823589159,0.049562021507014546,0.011058192970651094
0.0383072265625,1.005564697265625,10.556035119628906,-0.046231240491758196,0.04436600312321464,-0.0019984686091538122
0.011971008300781249,1.0007762939453124,10.589553942871094,-0.03583920372415837,0.026646248122050836,-0.0075941807147844875
0.076614453125,1.0845733520507812,10.536881506347656,-0.026513016881440577,0.02371516082862524,-0.016120980113840753
0.03591302490234375,1.0606313354492187,10.551246716308594,-0.04023583466429676,0.016520673835671518,-0.013189892820415163
0.11731588134765625,1.0845733520507812,10.498574279785156,-0.04583154676992743,0.022782542144353463,-0.008260336917835759
0.08858546142578125,1.1109095703125,10.603919152832031,-0.04716385917602997,0.04449923436382489,-0.0029310872934255917
0.06703764648437499,1.0366893188476562,10.544064111328124,-0.050894333913117096,0.037837672333312186,0.0009326186842717792
0.0,1.0390835205078124,10.589553942871094,-0.04689739669480947,0.03464012255866608,-0.0014655436467127959
0.1292868896484375,1.0678139404296874,10.522516296386717,-0.050894333913117096,0.027045941843881597,-0.0029310872934255917
0.09337386474609374,1.0223241088867188,10.488997473144531,-0.044099540641994124,0.027312404325102103,-0.006794793271122962
0.040701428222656245,1.0534487304687499,10.520122094726561,-0.04929555902579404,0.03077641658096871,-0.0063950995492922
0.08379705810546874,1.0462661254882812,10.524910498046875,-0.044765696845045395,0.037304747370871166,-0.004263399699528133
0.00718260498046875,1.120486376953125,10.606313354492187,-0.045032159326265905,0.03983614094246599,-0.007727411955394742
0.0526724365234375,1.149216796875,10.524910498046875,-0.04276722823589159,0.036105666205378875,-0.008127105677225504
0.055066638183593745,1.120486376953125,10.54645831298828,-0.045565084288706925,0.03703828488965066,-0.008393568158446012
-0.009576806640625,1.0558429321289062,10.505756884765624,-0.044898928085655654,0.02118376725703041,-0.008393568158446012
0.0430956298828125,1.0965443603515623,10.536881506347656,-0.04583154676992743,0.013856049023466432,-0.010658499248820334
-0.0047884033203125,1.1061211669921875,10.570400329589843,-0.04876263406335302,0.01692036755750228,-0.004663093421358896
0.0526724365234375,1.1348515869140625,10.589553942871094,-0.05395865244715294,0.028111791768763626,-0.007727411955394742
0.00718260498046875,1.0582371337890624,10.55364091796875,-0.049428790266404295,0.026113323159609816,-0.004663093421358896
0.031124621582031248,1.0893617553710937,10.603919152832031,-0.0514272588755581,0.03410719759622506,0.00013323124061025415
0.12449848632812499,1.0438719238281249,10.376469995117187,-0.05275957128166065,0.03424042883683532,-0.0026646248122050836
0.028730419921875,1.1372457885742187,10.556035119628906,-0.04703062793541972,0.02997702913730719,-0.005062787143189658
0.05746083984375,1.0582371337890624,10.575188732910156,-0.044765696845045395,0.032375191468291764,-0.0011990811654922875
0.09576806640624999,1.1180921752929687,10.510545288085936,-0.04689739669480947,0.029843797896696934,-0.006661562030512709
0.033518823242187495,1.0654197387695312,10.563217724609375,-0.045298621807486415,0.0191852986478766,-0.006261868308681946
0.055066638183593745,1.1061211669921875,10.505756884765624,-0.04290045947650184,0.025180704475338038,-0.004396630940138387
0.1484405029296875,1.1109095703125,10.455478649902343,-0.046231240491758196,0.03424042883683532,-0.004929555902579405
0.10295067138671875,1.0438719238281249,10.527304699707031,-0.04583154676992743,0.0383705972957532,-0.003863705977697371
0.06943184814453125,1.0366893188476562,10.589553942871094,-0.049961715228845315,0.0514272588755581,-0.0003996937218307625
0.040701428222656245,1.0654197387695312,10.503362683105468,-0.05076110267250683,0.04729709041664023,-0.0013323124061025418
0.0430956298828125,1.0462661254882812,10.512939489746094,-0.0558238898156965,0.04316692195772235,-0.0021316998497640663
0.016759411621093748,0.9911994873046874,10.500968481445312,-0.05235987755982989,0.03264165394951227,-0.006661562030512709
-0.0047884033203125,1.0893617553710937,10.558429321289061,-0.05129402763494785,0.03543951000232761,-0.0005329249624410166
0.062249243164062495,1.0654197387695312,10.522516296386717,-0.05222664631921963,0.021583460978861175,-0.0019984686091538122
0.04548983154296875,1.0726023437499999,10.481814868164061,-0.048895865303963275,0.017586523760553547,-0.004263399699528133
0.05985504150390625,1.0726023437499999,10.568006127929687,-0.05156049011616837,0.017986217482384312,-0.0037304747370871167
0.05746083984375,1.0821791503906248,10.517727893066406,-0.04876263406335302,0.023049004625573973,-0.0033307810152563544
0.05985504150390625,1.0678139404296874,10.608707556152343,-0.053026033762881154,0.03384073511500456,-0.0013323124061025418
0.12210428466796874,1.1348515869140625,10.534487304687499,-0.05249310880044014,0.041301684589178794,-0.0002664624812205083
0.09816226806640624,1.0342951171875,10.568006127929687,-0.053692189965932426,0.03983614094246599,0.0002664624812205083
-0.06703764648437499,1.1037269653320312,10.558429321289061,-0.04769678413847099,0.032774885190122525,-0.0013323124061025418
-0.011971008300781249,1.01514150390625,10.58476553955078,-0.05196018383799912,0.021849923460081685,-0.0029310872934255917
0.011971008300781249,1.0342951171875,10.536881506347656,-0.04743032165725048,0.017852986241774057,-0.0014655436467127959
0.08379705810546874,1.0654197387695312,10.579977136230468,-0.04929555902579404,0.01505513018895872,-0.002398162330984575
0.0909796630859375,1.0941501586914062,10.613495959472656,-0.04583154676992743,0.030909647821578966,-0.004263399699528133
0.009576806640625,1.1061211669921875,10.488997473144531,-0.04783001537908124,0.03077641658096871,-0.0019984686091538122
0.04548983154296875,1.0558429321289062,10.608707556152343,-0.05129402763494785,0.032508422708902016,-0.002398162330984575
0.1292868896484375,1.1133037719726562,10.63025537109375,-0.04929555902579404,0.03890352225819422,0.0031975497746461
0.0383072265625,1.0534487304687499,10.589553942871094,-0.05555742733447598,0.03264165394951227,-0.0014655436467127959
0.09576806640624999,1.0845733520507812,10.558429321289061,-0.05502450237203497,0.03424042883683532,-0.0002664624812205083
0.05027823486328125,1.0390835205078124,10.62307276611328,-0.05502450237203497,0.031575804024630234,-0.0002664624812205083
0.009576806640625,1.0749965454101562,10.534487304687499,-0.05515773361264523,0.02624655440022007,-0.0019984686091538122
0.02154781494140625,1.1276689819335937,10.529698901367187,-0.054091883687763194,0.02011791733214838,-0.0009326186842717792
0.11013327636718749,1.0462661254882812,10.575188732910156,-0.04783001537908124,0.027312404325102103,-0.0029310872934255917
0.031124621582031248,1.0558429321289062,10.570400329589843,-0.04290045947650184,0.0302434916185277,-0.0029310872934255917
0.0383072265625,1.1013327636718748,10.62307276611328,-0.0479632466196915,0.023581929588014985,-0.0010658499248820332
-0.011971008300781249,1.0390835205078124,10.512939489746094,-0.04729709041664023,0.021583460978861175,-0.0010658499248820332
0.07900865478515624,1.0797849487304687,10.46984385986328,-0.05102756515372735,0.022516079663132953,-0.001732006127933304
0.0383072265625,1.0606313354492187,10.486603271484375,-0.04596477801053769,0.02464777951289702,-0.0002664624812205083
0.03591302490234375,1.0749965454101562,10.63025537109375,-0.05062787143189658,0.03850382853636345,-0.0014655436467127959
0.17477672119140625,1.1324573852539062,10.493785876464843,-0.053558958725322174,0.033307810152563545,0.0037304747370871167
0.12689268798828124,1.0989385620117187,10.563217724609375,-0.05235987755982989,0.036638591167819895,0.0009326186842717792
0.01915361328125,1.0319009155273438,10.572794531249999,-0.04569831552931718,0.04343338443894285,-0.0002664624812205083
0.00718260498046875,1.024718310546875,10.512939489746094,-0.04716385917602997,0.022382848422522698,-0.006928024511733216
0.04548983154296875,1.1156979736328125,10.548852514648438,-0.048229709100912004,0.027312404325102103,-0.003863705977697371
0.11013327636718749,1.0845733520507812,10.558429321289061,-0.046764165454199216,0.026779479362661087,-0.0026646248122050836
0.031124621582031248,1.0534487304687499,10.532093103027343,-0.04783001537908124,0.022516079663132953,-0.007860643196004996
0.07422025146484375,1.0797849487304687,10.527304699707031,-0.04396630940138387,0.028644716731204646,-0.0033307810152563544
0.07900865478515624,1.0749965454101562,10.512939489746094,-0.04783001537908124,0.031842266505850744,0.0005329249624410166
0.06464344482421874,1.0749965454101562,10.608707556152343,-0.04596477801053769,0.031575804024630234,-0.0030643185340358454
0.1580173095703125,1.0749965454101562,10.520122094726561,-0.04716385917602997,0.036105666205378875,0.0021316998497640663
0.031124621582031248,1.0319009155273438,10.50815108642578,-0.049562021507014546,0.03703828488965066,0.000799387443661525
0.023942016601562498,1.0702081420898437,10.632649572753905,-0.0479632466196915,0.036638591167819895,-0.0013323124061025418
0.08379705810546874,1.024718310546875,10.529698901367187,-0.045565084288706925,0.03144257278401998,-0.002264931090374321
0.047884033203124995,1.0486603271484374,10.572794531249999,-0.048895865303963275,0.03410719759622506,0.0002664624812205083
0.11731588134765625,1.0558429321289062,10.541669909667968,-0.04849617158213252,0.029577335415476424,-0.0058621745868511835
0.09337386474609374,1.0678139404296874,10.488997473144531,-0.044099540641994124,0.018785604926045835,-0.0035972434964768626
0.047884033203124995,1.0510545288085937,10.551246716308594,-0.0430336907171121,0.008526799399056265,-0.004130168458917879
0.08858546142578125,1.0749965454101562,10.539275708007812,-0.04263399699528134,0.02424808579106626,-0.004396630940138387
0.07900865478515624,1.0965443603515623,10.608707556152343,-0.04636447173236845,0.02118376725703041,-0.0013323124061025418
0.1388636962890625,1.0295067138671874,10.587159741210938,-0.05049464019128633,0.03503981628049684,-0.00159877488732305
0.086191259765625,1.0726023437499999,10.532093103027343,-0.05049464019128633,0.033041347671343035,-0.003863705977697371
0.016759411621093748,1.1156979736328125,10.522516296386717,-0.053026033762881154,0.036105666205378875,-0.0014655436467127959
0.076614453125,1.0223241088867188,10.548852514648438,-0.04916232778518379,0.031575804024630234,-0.005329249624410167
0.09337386474609374,1.0989385620117187,10.544064111328124,-0.04862940282274277,0.029177641693645662,-0.004663093421358896
0.05027823486328125,1.0630255371093749,10.637437976074217,-0.04743032165725048,0.03170903526524049,-0.0005329249624410166
0.009576806640625,1.0749965454101562,10.560823522949217,-0.04596477801053769,0.03357427263378405,-0.00159877488732305
0.05746083984375,1.0678139404296874,10.503362683105468,-0.05169372135677862,0.0302434916185277,0.0003996937218307625
0.06703764648437499,1.0486603271484374,10.694898815917968,-0.05169372135677862,0.029444104174866172,-0.002531393571594829
0.11731588134765625,1.1348515869140625,10.50815108642578,-0.04876263406335302,0.0383705972957532,-0.002531393571594829
0.10295067138671875,1.1228805786132812,10.572794531249999,-0.05275957128166065,0.03464012255866608,-0.0033307810152563544
0.040701428222656245,1.0510545288085937,10.658985791015624,-0.05502450237203497,0.041434915829789046,-0.0010658499248820332
0.023942016601562498,1.0749965454101562,10.517727893066406,-0.05196018383799912,0.031176110302799476,-0.0073277182335639785
-0.016759411621093748,1.1252747802734375,10.582371337890624,-0.0514272588755581,0.031176110302799476,-0.003464012255866608
0.10295067138671875,1.1420341918945311,10.479420666503906,-0.05102756515372735,0.037171516130260915,-0.0018652373685435584
0.02633621826171875,1.0342951171875,10.565611926269531,-0.04876263406335302,0.028911179212425153,-0.0035972434964768626
0.031124621582031248,1.0749965454101562,10.596736547851561,-0.045165390566876164,0.024914241994117528,0.0019984686091538122
-0.009576806640625,1.0342951171875,10.532093103027343,-0.04023583466429676,0.012523736617363892,-0.005062787143189658
0.13168109130859373,1.0630255371093749,10.570400329589843,-0.04343338443894285,0.02371516082862524,-0.0058621745868511835
0.047884033203124995,1.0821791503906248,10.568006127929687,-0.045298621807486415,0.03370750387439431,-0.0021316998497640663
0.06464344482421874,1.1109095703125,10.615890161132812,-0.04596477801053769,0.027045941843881597,-0.0026646248122050836
0.03591302490234375,1.0893617553710937,10.54645831298828,-0.041301684589178794,0.0383705972957532,-0.0019984686091538122
0.05985504150390625,1.1276689819335937,10.536881506347656,-0.04716385917602997,0.04223430327345057,-0.0013323124061025418
0.09816226806640624,1.0534487304687499,10.568006127929687,-0.049828483988235056,0.03424042883683532,-0.0039969372183076245
0.15083470458984374,1.0917559570312498,10.568006127929687,-0.04596477801053769,0.03943644722063524,-0.004396630940138387
0.03591302490234375,1.0534487304687499,10.570400329589843,-0.04876263406335302,0.031176110302799476,-0.00013323124061025415
0.09576806640624999,1.0630255371093749,10.596736547851561,-0.0543583461689837,0.03557274124293786,-0.003464012255866608
0.05746083984375,1.0965443603515623,10.548852514648438,-0.04849617158213252,0.035705972483548114,-0.008127105677225504
0.07900865478515624,1.1133037719726562,10.55364091796875,-0.04783001537908124,0.027045941843881597,-0.008260336917835759
0.086191259765625,1.0582371337890624,10.544064111328124,-0.04663093421358895,0.028644716731204646,-0.0029310872934255917
0.01915361328125,1.139639990234375,10.484209069824217,-0.04716385917602997,0.02398162330984575,-0.007194486992953725
0.040701428222656245,1.1061211669921875,10.524910498046875,-0.03943644722063524,0.023848392069235495,-0.002531393571594829
0.047884033203124995,1.0917559570312498,10.551246716308594,-0.039969372183076245,0.022782542144353463,-0.000799387443661525
0.09576806640624999,1.0965443603515623,10.556035119628906,-0.04210107203284032,0.03877029101758396,0.002531393571594829
0.05746083984375,0.9816226806640624,10.589553942871094,-0.049029096544573526,0.03916998473941472,0.004396630940138387
0.040701428222656245,1.0726023437499999,10.59194814453125,-0.041834609551619814,0.027845329287543123,-0.004396630940138387
0.08140285644531249,1.0917559570312498,10.59194814453125,-0.03797090357392244,0.02531393571594829,-0.002797856052815337
0.02633621826171875,1.0606313354492187,10.503362683105468,-0.0430336907171121,0.039969372183076245,-0.0029310872934255917
0.07900865478515624,1.1061211669921875,10.594342346191405,-0.0401026034236865,0.032508422708902016,-0.004929555902579405
0.04548983154296875,1.149216796875,10.505756884765624,-0.041967840792230066,0.027045941843881597,-0.007061255752343471
0.09576806640624999,1.1707646118164061,10.55364091796875,-0.05262634004105039,0.03397396635561481,-0.006528330789902454
0.05985504150390625,1.0079588989257813,10.544064111328124,-0.050094946469455566,0.0191852986478766,-0.007061255752343471
0.028730419921875,1.1252747802734375,10.560823522949217,-0.045298621807486415,0.020251148572758632,-0.0029310872934255917
0.08858546142578125,1.0630255371093749,10.563217724609375,-0.041834609551619814,0.022915773384963714,-0.0021316998497640663
0.0909796630859375,1.1013327636718748,10.582371337890624,-0.04862940282274277,0.022649310903743208,0.0003996937218307625
0.19153613281249998,1.0726023437499999,10.594342346191405,-0.056090352296917,0.035972434964768624,0.0037304747370871167
0.06464344482421874,1.0534487304687499,10.596736547851561,-0.05102756515372735,0.041434915829789046,-0.005329249624410167
0.07422025146484375,1.0295067138671874,10.678139404296875,-0.04769678413847099,0.03890352225819422,-0.004396630940138387
0.05027823486328125,1.0965443603515623,10.541669909667968,-0.049029096544573526,0.02971056665608668,-0.0018652373685435584
0.09816226806640624,1.0726023437499999,10.601524951171875,-0.0528928025222709,0.024514548272286763,-0.006261868308681946
0.023942016601562498,1.0917559570312498,10.488997473144531,-0.05169372135677862,0.029310872934255914,-0.013856049023466432
0.06943184814453125,1.13006318359375,10.58476553955078,-0.05169372135677862,0.032508422708902016,-0.0021316998497640663
0.05027823486328125,1.1420341918945311,10.551246716308594,-0.0543583461689837,0.04036906590490701,-0.006528330789902454
0.055066638183593745,1.0366893188476562,10.510545288085936,-0.044898928085655654,0.03530627876171736,-0.003464012255866608
0.05985504150390625,1.1061211669921875,10.579977136230468,-0.0430336907171121,0.02011791733214838,-0.005196018383799912
0.031124621582031248,1.0414777221679687,10.64222637939453,-0.04290045947650184,0.012523736617363892,-0.0033307810152563544
0.05746083984375,1.0869675537109373,10.558429321289061,-0.04783001537908124,0.046231240491758196,0.002797856052815337
-0.016759411621093748,1.0773907470703123,10.596736547851561,-0.036105666205378875,0.0287779479718149,0.0013323124061025418
0.2059013427734375,1.2018892333984375,10.524910498046875,-0.04396630940138387,0.028378254249984136,0.005062787143189658
0.031124621582031248,0.9217676391601562,10.496180078124999,-0.04543185304809667,0.037837672333312186,0.0003996937218307625
0.00718260498046875,1.3072341064453123,10.474632263183594,-0.037171516130260915,0.029577335415476424,-0.005062787143189658
0.11252747802734374,0.9696516723632812,10.560823522949217,-0.04170137831100955,0.008793261880276773,-0.010258805526989571
0.19393033447265623,1.2593500732421874,10.625466967773438,-0.0511607963943376,0.03450689131805583,-0.005462480865020421
0.055066638183593745,0.8475473876953125,10.558429321289061,-0.031176110302799476,0.01945176112909711,-0.011591117933092112
0.016759411621093748,1.4006079711914061,10.62307276611328,-0.039969372183076245,0.01185758041431262,-0.0011990811654922875
0.09576806640624999,0.7948749511718749,10.491391674804687,-0.04689739669480947,0.054225114928373445,-0.002531393571594829
0.016759411621093748,1.3000515014648437,10.575188732910156,-0.032108728987071254,0.0014655436467127959,-0.006794793271122962
0.11731588134765625,1.024718310546875,10.536881506347656,-0.040768759626737774,0.03464012255866608,-0.002797856052815337
0.076614453125,1.2521674682617188,10.601524951171875,-0.03850382853636345,0.03890352225819422,0.005595712105630674
0.0909796630859375,0.9959878906249999,10.520122094726561,-0.0255803981971688,0.062218989364988694,0.007727411955394742
0.023942016601562498,1.369483349609375,10.560823522949217,-0.02717917308449185,0.029843797896696934,0.018785604926045835
0.10295067138671875,0.9026140258789062,10.606313354492187,-0.032108728987071254,0.05329249624410167,0.014122511504686942
0.0047884033203125,1.2569558715820313,10.615890161132812,-0.03317457891195329,-0.010658499248820334,-0.0033307810152563544
0.10295067138671875,1.1252747802734375,10.568006127929687,-0.05382542120654268,0.03370750387439431,0.008793261880276773
0.062249243164062495,1.0271125122070313,10.582371337890624,-0.041434915829789046,0.0005329249624410166,0.00479632466196915
0.105344873046875,1.1516109985351561,10.649408984374999,-0.02145022973825092,0.014921898948348467,-0.002398162330984575
0.05746083984375,1.2832920898437499,10.517727893066406,-0.03850382853636345,0.03370750387439431,0.009059724361497283
0.03591302490234375,1.1228805786132812,10.534487304687499,-0.0514272588755581,0.05235987755982989,0.006794793271122962
0.08858546142578125,1.2521674682617188,10.55364091796875,-0.07287748861380902,0.07327718233563979,0.006928024511733216
0.086191259765625,1.0510545288085937,10.615890161132812,-0.07460949474174233,0.07980551312554225,0.0005329249624410166
0.0047884033203125,1.0414777221679687,10.488997473144531,-0.05169372135677862,-0.018385911204215073,-0.024114854550456002
0.055066638183593745,1.1324573852539062,10.596736547851561,-0.05222664631921963,0.0035972434964768626,-0.02145022973825092
0.08379705810546874,1.218648645019531,10.529698901367187,-0.04250076575467108,-0.00479632466196915,-0.02105053601642016
0.09576806640624999,1.2330138549804688,10.536881506347656,-0.05182695259738887,0.03410719759622506,-0.01372281778285618
0.01915361328125,1.1731588134765625,10.577582934570312,-0.05995405827461438,0.06448392045536301,-0.0018652373685435584
0.09816226806640624,1.16837041015625,10.558429321289061,-0.05822205214668107,0.06381776425231174,-0.004130168458917879
-0.0143652099609375,1.1276689819335937,10.594342346191405,-0.045032159326265905,0.03264165394951227,-0.0075941807147844875
0.09816226806640624,1.139639990234375,10.493785876464843,-0.04836294034152226,0.025047473234727783,-0.013856049023466432
0.08858546142578125,1.1061211669921875,10.536881506347656,-0.03703828488965066,0.016787136316892024,-0.014921898948348467
0.040701428222656245,1.1348515869140625,10.64222637939453,-0.033307810152563545,0.008393568158446012,-0.010392036767599824
0.0909796630859375,1.2042834350585936,10.587159741210938,-0.031176110302799476,0.046098009251147945,0.009192955602107537
0.1771709228515625,1.1324573852539062,10.541669909667968,-0.028245023009373885,0.046231240491758196,0.0074609494741742334
0.143652099609375,1.1923124267578125,10.59194814453125,-0.05062787143189658,0.07407656977930133,0.013189892820415163
0.0526724365234375,1.0558429321289062,10.647014782714843,-0.050894333913117096,0.06554977038024505,0.0019984686091538122
-0.07422025146484375,1.1109095703125,10.620678564453124,-0.027312404325102103,0.04263399699528134,-0.000799387443661525
0.02154781494140625,1.0845733520507812,10.510545288085936,-0.02997702913730719,0.013589586542245924,-0.0002664624812205083
0.03591302490234375,1.0486603271484374,10.510545288085936,-0.0031975497746461,-0.026379785640830326,-0.008260336917835759
0.08379705810546874,1.1827356201171875,10.575188732910156,-0.005329249624410167,-0.03530627876171736,-0.013589586542245924
0.06943184814453125,1.2282254516601563,10.589553942871094,-0.03264165394951227,0.0029310872934255917,-0.010924961730040842
0.22744915771484372,1.1923124267578125,10.512939489746094,-0.02131699849764067,0.024781010753507273,-0.016254211354451008
0.1771709228515625,1.209071838378906,10.587159741210938,-0.03930321598002497,0.053692189965932426,-0.01971822361031762
0.16280571289062498,1.2210428466796874,10.541669909667968,-0.04236753451406082,0.06901378263611166,-0.024781010753507273
0.06943184814453125,1.2976572998046874,10.532093103027343,-0.057156202221799034,0.07967228188493199,-0.01438897398590745
0.07422025146484375,1.2138602416992186,10.579977136230468,-0.05342572748471192,0.09246248098351639,-0.0057289433462409285
-0.0526724365234375,1.0726023437499999,10.548852514648438,-0.0479632466196915,0.0464977029729787,-0.001732006127933304
-0.12210428466796874,1.189918225097656,10.527304699707031,-0.041967840792230066,0.000799387443661525,0.000799387443661525
0.0047884033203125,0.8667010009765624,10.510545288085936,0.02531393571594829,-0.06941347635794241,-0.041035222107958284
0.373495458984375,1.3479355346679687,10.601524951171875,0.06288514556803997,0.007727411955394742,-0.05262634004105039
-0.5602431884765625,2.001552587890625,10.620678564453124,-0.06648238906451683,0.215434916066781,0.08953139369009079
0.00718260498046875,1.7094599853515624,10.512939489746094,-0.3394732010749276,0.05649004601874777,0.280984686447026
-0.19871873779296872,0.8499415893554687,10.673351000976561,-0.23262174610550376,0.15681317019826913,0.2456784076853087
0.3902548706054687,-0.04548983154296875,10.503362683105468,-0.0604869832370554,-0.041834609551619814,0.12004134778983899
-0.12210428466796874,0.4860229370117187,10.769119067382812,0.07154517620770649,-0.06594946410207582,-0.02078407353519965
-0.0143652099609375,1.1659762084960936,10.87206973876953,-0.04809647786030175,-0.16094333865718705,-0.08033843808798326
-0.033518823242187495,1.5873557006835937,10.682927807617187,-0.31735681513362546,-0.15388208290484356,-0.06967993883916293
0.3064578125,0.5099649536132812,10.647014782714843,-0.35652679987304015,-0.2302235837745192,-0.06794793271122962
0.373495458984375,1.8507178833007811,10.800243688964843,-0.4861607969868174,-0.28618070483082597,-0.013323124061025418
0.02154781494140625,0.6943184814453125,11.116278308105468,-0.5275957128166066,-0.18012863730506362,0.0575558959436298
0.7206546997070312,1.3120225097656248,12.732364428710937,-0.7151852995958444,-0.20437672309612986,0.05942113331217336
0.7230489013671875,0.9313444458007812,11.29344923095703,-0.5419846868025139,0.10618529876637257,-0.023315467106794475
0.2609679809570312,-0.086191259765625,12.215216870117187,-0.44792343093167447,-0.877460950659134,-0.1342970905351362
0.5003881469726562,0.22505495605468748,12.638990563964843,0.01692036755750228,-0.47510260401616633,-0.17160183790600736
0.7733271362304687,0.0383072265625,12.689268798828124,0.2113047476078631,-0.5715620222179904,-0.17599846884614573
0.6248866333007812,0.26815058593749996,11.583147631835937,0.3048330785162615,-0.030909647821578966,-0.10365390519477774
0.047884033203124995,0.30406361083984373,9.909600671386718,0.32388514592352785,0.14495558978395653,-0.009192955602107537
0.22505495605468748,0.4836287353515625,9.392453112792968,0.4913568153706174,0.003464012255866608,-0.12430474748936714
0.603338818359375,1.0127473022460938,9.751583361816406,0.4757687602192176,-0.39689586577794717,-0.23581929588014985
0.3902548706054687,1.5107412475585937,8.473079675292968,0.43273506950210555,-0.8841225126896467,-0.43233537578027476
1.7238251953125,1.656787548828125,9.526528405761718,0.42660643243403384,-0.2523399697158214,-0.4764349164222689
1.8507178833007811,0.6679822631835937,9.794678991699218,0.5796891278952159,0.552509954810724,-0.42554058250915183
1.714248388671875,1.1085153686523437,9.6917283203125,0.8256339980617451,0.025047473234727783,0.03890352225819422
1.4724340209960938,1.448492004394531,9.789890588378906,0.3630551306629426,0.13549617170062847,-0.31962174622399975
1.5897499023437498,1.7836802368164062,10.342951171874999,0.5070781017626274,0.4139494645760597,-0.5168039823271758
1.5179238525390624,1.9680337646484374,10.47702646484375,0.6456385919972917,0.3578591122791427,-0.43806431912651567
0.9720458740234375,2.43250888671875,10.82179150390625,0.2923093418988976,0.4118177647262956,-0.2851148549059439
0.967257470703125,2.473210314941406,10.448296044921875,0.17253445659027913,0.29377488554561043,-0.22995712129329868
0.35194764404296874,1.9488801513671874,10.134655627441406,0.34160490092469165,0.36372128686599386,-0.27418989317590303
0.6464344482421874,2.001552587890625,10.68053360595703,0.4347335381112593,0.01052526800821008,-0.3230857584798663
0.45010991210937495,2.243366955566406,11.006145031738281,0.3959632470936754,0.7447626350113208,-0.1386937214752746
1.0271125122070313,2.612074011230469,10.589553942871094,0.54518223657716,0.5890153147379336,-0.04263399699528134
0.031124621582031248,2.932897033691406,10.153809240722655,0.6066018384984873,0.3575926497979222,-0.20997243520176057
-0.30406361083984373,3.019088293457031,9.2320416015625,0.586084227444508,-0.03823736605514295,-0.30869678449395893
-0.34715924072265625,3.296815686035156,9.267954626464844,0.3234854522016971,0.20384379813368886,-0.247943338775683
-0.40462008056640625,3.5410242553710933,9.179369165039063,0.21316998497640668,-0.1825267996360482,-0.44179479386360276
-0.63206923828125,3.5314474487304683,9.5384994140625,0.5712955597367698,-0.3771776421676295,-0.5959433392496668
-0.9911994873046874,3.189076611328125,9.926360083007811,0.6349800927484713,-0.582353752707421,-0.26699540618294937
-2.0925322509765625,4.778826513671874,10.103531005859374,1.0028315480733831,-0.24980857614422658,-0.10298774899172647
0.6655880615234374,4.946420629882812,10.527304699707031,0.6618928033517426,-0.25846860678389305,-0.14428943358090526
1.5227122558593749,5.944802722167968,11.247959399414063,0.24607810140713945,-0.47909954123447396,-0.22236294057851422
1.7357962036132812,5.238513232421875,10.81460889892578,0.11897549786495697,-0.35572741242937866,-0.7209142429420853
1.687912170410156,4.402936853027343,10.412383020019531,-0.11897549786495697,-0.2685941810702724,-0.7700765707272691
1.458068811035156,4.304774584960938,9.967061511230469,-0.5034808582661505,-0.3554609499481581,-0.6329816241393176
1.8698714965820311,3.7038299682617186,9.828197814941406,-0.12750229726401321,-0.4563169990901205,-1.0142894347658649
2.128445275878906,1.8363526733398436,10.180145458984374,-0.027845329287543123,-0.5082771829281196,-1.0563905067987052
2.042254016113281,1.1372457885742187,10.311826550292968,-0.49615314003258654,-0.34333690705262493,-0.5518437986076727
1.8602946899414061,1.8818425048828125,9.852139831542969,-0.5323920374785757,0.18359264956093024,-0.01851914244482533
1.4149731811523436,3.1771056030273437,9.138667736816405,-0.19171975523815574,0.16733843820647926,0.03264165394951227
1.3407529296874998,3.8762124877929685,8.781931689453124,-0.21676722847288354,0.45418529924035644,-0.04170137831100955
0.7733271362304687,3.0813375366210938,8.769960681152343,-0.1955834612158531,0.38677029149156783,-0.1532159267017923
0.8020575561523438,3.2225954345703123,9.404424121093749,-0.2789862178378722,0.4918897403330584,0.016254211354451008
0.4477157104492187,3.375824340820312,9.270348828125,-0.4227427264563364,0.4186125579974186,0.11790964794007493
0.23223756103515625,3.7134067749023436,9.093177905273437,-0.29550689167354377,0.26366462516769296,-0.03797090357392244
0.08379705810546874,3.4644098022460934,9.050082275390624,-0.2985712102075796,0.03357427263378405,-0.16107656989779728
0.07422025146484375,3.0071172851562498,9.411606726074218,-0.2863139360714362,0.016120980113840753,-0.06901378263611166
0.4333505004882812,3.1507693847656246,9.775525378417969,-0.23088973997757045,0.09486064331450096,-0.0010658499248820332
0.5027823486328125,3.0214824951171875,9.758765966796874,-0.2046431855773504,0.16214241982267932,0.02691271060327134
0.4525041137695312,3.095702746582031,9.449913952636718,-0.13509647797879773,0.09259571222412663,-0.03357427263378405
0.36152445068359373,2.9185318237304685,9.86411083984375,-0.05515773361264523,0.08100459429103453,0.03956967846124549
0.488417138671875,3.327940307617187,10.259154113769531,0.0030643185340358454,0.09526033703633173,0.07714088831333717
0.3184288208007812,3.5913024902343746,9.943119494628906,-0.07873966320066021,0.07047932628282445,0.05995405827461438
0.30885201416015623,3.124433166503906,9.907206469726562,-0.15854517632620244,0.06768147023000912,0.08127105677225505
0.30885201416015623,2.940079638671875,9.897629663085937,-0.10432006139782901,-0.005462480865020421,-0.003863705977697371
0.28730419921875,2.7629087158203123,10.065223779296874,-0.09006431865253181,0.07341041357625004,-0.028111791768763626
0.07900865478515624,2.9089550170898435,9.737218151855469,-0.16440735091305364,0.05915467083095285,0.016387442595061263
0.06943184814453125,3.0430303100585934,9.974244116210937,-0.21197090381091438,-0.09046401237436258,-0.004263399699528133
0.22266075439453123,3.1794998046874996,9.442731347656249,-0.16933690681563304,-0.07887289444127048,0.03011026037791744
0.277727392578125,3.239354846191406,9.708487731933593,-0.1310995407604901,-0.15974425749169474,0.0
0.3758896606445312,3.0454245117187497,9.595960253906249,-0.07807350699760894,-0.20624196046467347,-0.03144257278401998
0.5530605834960938,2.849099975585937,10.096348400878906,-0.07567534466662437,-0.06408422673353224,0.011990811654922875
0.47165772705078124,2.849099975585937,10.433930834960936,-0.09712557440487528,-0.007727411955394742,0.05462480865020421
0.46208092041015625,3.1004911499023438,10.374075793457031,-0.02571362943777905,0.004130168458917879,0.017719755001163805
0.4381389038085937,2.925714428710937,10.455478649902343,-0.08859877500581902,-0.11058192970651096,-0.020650842294589397
0.5291185668945312,2.844311572265625,10.134655627441406,-0.15015160816775644,-0.1594777950104742,0.014921898948348467
0.6703764648437499,2.6767174560546874,10.350133776855468,-0.0415681470703993,-0.13749464030978228,0.0511607963943376
0.565031591796875,2.882618798828125,10.28549033203125,0.0009326186842717792,0.08513476274995241,0.12017457903044926
0.7302315063476562,3.0526071166992184,10.230423693847655,0.03477335379927634,0.13522970921940797,0.0770076570727269
0.6416460449218749,3.076549133300781,10.307038146972655,-0.031176110302799476,0.12950076587316706,0.05129402763494785
0.5315127685546874,3.0358477050781247,10.297461340332031,-0.039969372183076245,-0.026113323159609816,0.0031975497746461
0.48123453369140623,2.8850130004882812,10.656591589355468,-0.0671485452675681,-0.05342572748471192,0.03424042883683532
0.5698199951171875,3.201047619628906,10.436325036621094,-0.03530627876171736,-0.06701531402695785,0.032375191468291764
0.6679822631835937,2.9544448486328125,10.072406384277343,-0.13229862192598238,0.12057427275228003,0.04916232778518379
0.5363011718749999,2.8993782104492185,9.888052856445311,-0.14841960203982313,0.07167840744831674,0.011724349173702367
0.5267243652343749,2.8323405639648436,10.184933862304687,-0.09579326199877274,0.059287902071563106,-0.0127901990985844
0.6536170532226562,2.952050646972656,9.952696301269532,-0.10272128651050597,0.13629555914429,0.013056661579804908
0.5363011718749999,2.7964275390625,9.911994873046874,-0.12523736617363893,0.06328483928987072,0.009459418083328047
0.7062894897460937,2.7269956909179687,9.85692823486328,-0.12030781027105951,0.010392036767599824,0.012390505376753637
0.7613561279296874,2.607285607910156,10.180145458984374,-0.0021316998497640663,0.06461715169597326,0.009059724361497283
1.1228805786132812,2.896984008789062,10.599130749511717,-0.3406722822404199,0.4388637065701772,0.3236186834423074
0.4572925170898437,2.77727392578125,10.20887587890625,-0.41248392092934694,0.4062220526206649,0.0401026034236865
0.3232172241210937,2.7820623291015623,10.110713610839843,-0.41501531450094176,0.3899678412662139,-0.029444104174866172
-1.189918225097656,2.683900061035156,9.909600671386718,-0.29683920407964626,0.4980183774011301,-0.33880704487187635
0.7757213378906249,2.7820623291015623,10.302249743652343,-0.3048330785162615,0.38317304799509094,-0.4086202149516495
0.19393033447265623,2.24097275390625,10.498574279785156,-0.3001699850949026,0.6487029105313276,-0.5750260344738569
-0.6607996582031249,2.5067291381835934,10.134655627441406,-0.19052067407266346,0.14788667707738212,-0.11964165406800824
-0.47644613037109373,2.300827795410156,10.070012182617187,-0.1264364473391312,-0.0814042880128653,-0.20224502324636584
-0.34237083740234375,2.4133552734375,10.321403356933594,-0.0063950995492922,0.05196018383799912,-0.14708728963372059
-0.34237083740234375,2.3678654418945313,10.206481677246094,-0.0668820827863476,0.021983154700691936,-0.1124471670750545
-0.15322890625,2.068590234375,10.196904870605469,-0.09113016857741385,-0.001732006127933304,-0.008526799399056265
-0.29448680419921874,2.446874096679687,10.374075793457031,-0.012390505376753637,-0.03557274124293786,-0.04383307816077362
-0.20350714111328125,2.4660277099609376,10.328585961914062,0.028111791768763626,0.019052067407266345,-0.1316324657229311
-0.16998831787109375,2.4349030883789062,10.20887587890625,-0.031176110302799476,0.06408422673353224,-0.05688973974057853
-0.15083470458984374,2.221819140625,9.93354268798828,-0.08953139369009079,-0.11870903538373646,0.031575804024630234
-0.11252747802734374,2.2553379638671873,10.129867224121092,-0.10765084241308535,-0.11977488530861849,0.016787136316892024
-0.04548983154296875,2.365471240234375,10.342951171874999,-0.04862940282274277,-0.19331853012547878,-0.026646248122050836
0.10773907470703124,2.4947581298828125,10.493785876464843,-0.022516079663132953,-0.01505513018895872,-0.07367687605747056
-0.1149216796875,2.2768857788085937,10.220846887207031,-0.018119448722994567,-0.04290045947650184,-0.023581929588014985
-0.20829554443359374,2.2577321655273437,10.180145458984374,-0.1020551303074547,-0.08806585004337801,0.005329249624410167
-0.12689268798828124,2.2864625854492187,10.371681591796875,-0.05728943346240929,-0.11657733553397238,0.02105053601642016
-0.0430956298828125,2.5713725830078125,10.548852514648438,-0.037837672333312186,-0.09645941820182401,-0.006261868308681946
-0.25139117431640623,2.2194249389648437,10.192116467285155,-0.0671485452675681,0.003863705977697371,0.002264931090374321
0.07900865478515624,2.2361843505859373,10.579977136230468,-0.045165390566876164,-0.05475803989081446,0.0006661562030512709
0.16998831787109375,2.3223756103515623,10.512939489746094,-0.04703062793541972,0.032508422708902016,0.014921898948348467
0.143652099609375,2.29843359375,10.46984385986328,-0.032108728987071254,0.07261102613258852,0.002264931090374321
-0.009576806640625,2.221819140625,10.383652600097655,-0.015188361429568975,0.04236753451406082,-0.009192955602107537
0.03591302490234375,2.3726538452148436,10.309432348632813,-0.016387442595061263,-0.03557274124293786,0.0026646248122050836
0.05985504150390625,2.4013842651367185,10.460267053222656,-0.07367687605747056,-0.011324655451871604,0.0302434916185277
0.1867477294921875,2.3726538452148436,10.505756884765624,-0.04743032165725048,0.03410719759622506,0.011324655451871604
0.08379705810546874,2.3726538452148436,10.225635290527343,0.001732006127933304,0.04449923436382489,-0.0031975497746461
0.16519991455078123,2.3319524169921872,10.244788903808594,-0.023581929588014985,0.006928024511733216,0.0037304747370871167
0.17956512451171874,2.2553379638671873,10.302249743652343,-0.08100459429103453,-0.007061255752343471,0.017586523760553547
0.14604630126953125,1.9991583862304687,10.295067138671874,-0.03384073511500456,0.023448698347404734,0.04849617158213252
-0.12210428466796874,2.389413256835937,10.24000050048828,0.0033307810152563544,0.06062021447766565,0.03863705977697371
0.009576806640625,2.7150246826171873,10.060435375976562,-0.041434915829789046,0.018918836166656093,0.046098009251147945
0.143652099609375,2.473210314941406,10.072406384277343,-0.06528330789902453,-0.059021439590342596,0.008526799399056265
0.1867477294921875,2.5426421630859375,10.340556970214843,-0.02105053601642016,-0.040768759626737774,-0.00479632466196915
0.27293898925781246,2.482787121582031,10.575188732910156,-0.06515007665841428,0.018252679963604822,0.010791730489430587
0.1149216796875,2.528276953125,10.448296044921875,-0.0255803981971688,0.024514548272286763,-0.0255803981971688
0.24660277099609373,2.521094348144531,10.455478649902343,-0.0383705972957532,-0.006928024511733216,-0.02464777951289702
0.33039982910156246,2.3870190551757813,10.714052429199219,-0.03424042883683532,0.027045941843881597,0.0005329249624410166
0.19632453613281248,2.463633508300781,10.733206042480468,-0.010924961730040842,0.0369050536490404,0.004396630940138387
0.4070142822265625,2.24097275390625,10.426748229980468,-0.045298621807486415,0.03970290970185574,-0.041434915829789046
0.5243301635742187,2.123656872558594,10.769119067382812,-0.004929555902579405,-0.03916998473941472,0.020384379813368887
0.239420166015625,2.4851813232421875,11.042058056640624,-0.06235222060559895,-0.005995405827461438,0.05808882090607082
0.0383072265625,2.5953145996093747,10.70686982421875,-0.17080245046234582,-0.07887289444127048,0.06008728951522463
0.23223756103515625,2.540247961425781,10.139444030761718,-0.06328483928987072,0.046764165454199216,0.0063950995492922
-0.033518823242187495,2.346317626953125,9.79946739501953,0.05942113331217336,-0.08326952538140886,0.03290811643073278
0.05746083984375,2.3367408203125,9.797073193359374,0.028911179212425153,-0.08819908128398825,0.04210107203284032
0.3136404174804687,2.437297290039062,10.058041174316406,-0.016254211354451008,-0.05622358353752725,0.044232771882604376
0.3327940307617187,2.3127988037109373,10.077194787597655,0.03264165394951227,-0.045565084288706925,0.02464777951289702
0.28012159423828126,2.3223756103515623,9.995791931152343,0.01532159267017923,-0.08553445647178318,0.02131699849764067
0.41898529052734373,2.501940734863281,10.235212097167969,-0.02598009191899956,-0.06808116395183987,0.03543951000232761
0.4333505004882812,2.5522189697265625,10.189722265624999,0.021849923460081685,-0.005462480865020421,0.018119448722994567
0.5003881469726562,2.6192566162109374,10.204087475585936,0.01971822361031762,0.037837672333312186,0.04916232778518379
0.411802685546875,2.741360900878906,10.134655627441406,-0.008127105677225504,0.0019984686091538122,0.03424042883683532
0.4261678955078125,2.7341782958984373,10.345345373535155,-0.027845329287543123,-0.04809647786030175,-0.03703828488965066
0.4860229370117187,2.6144682128906247,10.084377392578125,-0.01505513018895872,0.03890352225819422,-0.04436600312321464
0.4261678955078125,2.518700146484375,10.292672937011718,-0.0005329249624410166,0.0464977029729787,-0.022915773384963714
0.3447650390625,2.5857377929687497,10.347739575195313,0.026646248122050836,0.040901990867348026,-0.0415681470703993
0.277727392578125,2.6001030029296874,10.39322940673828,0.015588055151399738,0.03144257278401998,-0.033307810152563545
0.26815058593749996,2.5857377929687497,10.266336718749999,0.015987748873230498,-0.016653905076281773,-0.026379785640830326
0.5363011718749999,2.6695348510742187,10.414777221679687,-0.02398162330984575,0.04263399699528134,-0.05542419609386573
0.36391865234375,2.4756045166015626,10.359710583496094,0.012257274136143382,0.06741500774878861,-0.03543951000232761
0.4381389038085937,2.5330653564453125,10.194510668945313,-0.040502297145517265,-0.00479632466196915,-0.032774885190122525
0.42377369384765623,2.492363928222656,10.488997473144531,-0.03930321598002497,0.02438131703167651,-0.009725880564548555
0.4908113403320312,2.607285607910156,10.350133776855468,-0.05462480865020421,0.0927289434647369,-0.01705359879811253
0.26815058593749996,2.4947581298828125,9.926360083007811,-0.11564471684970061,0.03757120985209167,-0.0011990811654922875
0.3447650390625,2.4492682983398435,9.952696301269532,-0.08500153150934216,-0.0026646248122050836,-0.0075941807147844875
0.5434837768554687,2.499546533203125,10.20169327392578,-0.021849923460081685,0.0334410413931738,-0.000799387443661525
0.469263525390625,2.583343591308594,10.141838232421874,-0.045165390566876164,0.03770444109270193,-0.0021316998497640663
0.4644751220703125,2.4756045166015626,10.043675964355469,-0.09992343045769063,0.009326186842717792,0.012257274136143382
0.59376201171875,2.422932080078125,10.259154113769531,-0.07514241970418334,0.017453292519943295,-0.06128637068071692
0.3758896606445312,2.540247961425781,10.378864196777343,-0.0074609494741742334,0.11071516094712121,-0.09312863718656766
0.2657563842773437,2.8227637573242186,10.448296044921875,-0.048229709100912004,0.053026033762881154,0.053558958725322174
0.5147533569335937,2.7629087158203123,10.376469995117187,-0.10138897410440342,-0.016653905076281773,0.08673353763727547
0.4285620971679687,2.8514941772460936,10.383652600097655,-0.06408422673353224,0.05968759579339387,-0.07847320071943971
0.35673604736328124,2.961627453613281,10.527304699707031,-0.10485298636027003,0.046764165454199216,-0.018785604926045835
0.37828386230468747,2.6048914062499997,10.43871923828125,-0.07807350699760894,0.07141194496709623,-0.014122511504686942
0.40940848388671874,2.6479870361328124,10.225635290527343,-0.061952526883768184,0.06661562030512709,0.010258805526989571
0.2825157958984375,2.7054478759765623,10.225635290527343,-0.09406125587083944,0.049029096544573526,0.0019984686091538122
0.41898529052734373,2.722207287597656,10.180145458984374,-0.05235987755982989,-0.05262634004105039,-0.06035375199644513
0.38307226562499996,2.501940734863281,10.290278735351562,-0.04849617158213252,-0.05475803989081446,-0.05475803989081446
0.6081272216796875,2.492363928222656,10.51533369140625,-0.0927289434647369,-0.03011026037791744,-0.020384379813368887
0.37828386230468747,2.370259643554687,10.352527978515624,-0.07727411955394742,0.014522205226517705,0.01705359879811253
0.38786066894531246,2.5474305664062498,10.225635290527343,-0.016787136316892024,0.058754977109122086,-0.011591117933092112
0.33039982910156246,2.5474305664062498,10.09395419921875,-0.08406891282507037,0.02851148549059439,0.006128637068071691
0.35673604736328124,2.4756045166015626,10.196904870605469,-0.06022052075583488,0.0037304747370871167,0.01572128639200999
0.2825157958984375,2.6719290527343746,10.606313354492187,-0.0415681470703993,0.13829402775344382,-0.13336447185086442
0.36631285400390623,2.626439221191406,10.194510668945313,-0.06328483928987072,0.049029096544573526,0.017186830038722786
0.46686932373046874,2.636016027832031,10.091559997558592,-0.03810413481453269,0.01372281778285618,-0.01185758041431262
0.48123453369140623,2.5665841796874997,10.072406384277343,-0.025180704475338038,-0.04290045947650184,-0.02571362943777905
0.4285620971679687,2.4444798950195312,10.421959826660157,-0.035705972483548114,-0.03956967846124549,-0.014122511504686942
0.4261678955078125,2.4516625,10.522516296386717,-0.013856049023466432,0.055690658575086247,-0.04663093421358895
0.4525041137695312,2.5139117431640625,10.364498986816406,-0.05635681477813751,0.050894333913117096,-0.026646248122050836
0.3232172241210937,2.50912333984375,10.218452685546874,-0.05529096485325548,0.058888208349732345,-0.06648238906451683
0.3112462158203125,2.6767174560546874,10.24718310546875,-0.03557274124293786,0.03703828488965066,-0.028111791768763626
0.29927520751953124,2.5617957763671875,10.199299072265624,-0.08073813180981403,-0.011591117933092112,-0.020517611053979142
0.44532150878906246,2.327164013671875,10.218452685546874,-0.06315160804926047,0.09046401237436258,-0.04703062793541972
0.33518823242187495,2.2744915771484373,9.947907897949218,0.012656967857974145,0.05129402763494785,-0.0464977029729787
0.33518823242187495,2.540247961425781,10.275913525390624,-0.07287748861380902,-0.019984686091538122,-0.04036906590490701
0.29927520751953124,2.6815058593749996,10.304643945312499,-0.09152986229924462,0.018252679963604822,-0.013989280264076687
0.36631285400390623,2.6791116577148437,10.335768566894531,-0.029577335415476424,0.011591117933092112,-0.035705972483548114
0.34715924072265625,2.6408044311523438,10.43153663330078,-0.0401026034236865,0.032241960227681506,-0.03810413481453269
0.39983167724609375,2.6623522460937497,10.500968481445312,-0.06062021447766565,0.006128637068071691,-0.022382848422522698
0.30885201416015623,2.6312276245117188,10.359710583496094,-0.06395099549292199,0.022116385941302188,-0.03384073511500456
0.3495534423828125,2.5258827514648434,10.740388647460938,-0.04596477801053769,-0.014788667707738212,-0.05209341507860938
0.5339069702148437,2.3870190551757813,10.565611926269531,-0.1028545177511162,0.08846554376520875,-0.0302434916185277
0.49799394531249996,2.04943662109375,10.35492218017578,-0.07980551312554225,0.016254211354451008,-0.008393568158446012
0.5746083984375,2.2385785522460937,10.199299072265624,-0.11697702925580315,0.015987748873230498,0.0610199081994964
0.4572925170898437,2.4971523315429685,10.338162768554687,-0.1209739664741108,0.11857580414312621,0.06408422673353224
0.27293898925781246,2.626439221191406,9.842563024902343,0.050894333913117096,0.10098928038257265,-0.058355283387291325
0.16041151123046873,2.6384102294921874,9.70369932861328,0.030909647821578966,-0.05968759579339387,-0.08819908128398825
0.3758896606445312,2.712630480957031,10.486603271484375,0.021583460978861175,-0.0464977029729787,-0.03956967846124549
0.45010991210937495,2.597708801269531,10.615890161132812,0.08220367545652682,0.06035375199644513,-0.07487595722296284
0.3184288208007812,2.4157494750976563,10.378864196777343,0.009192955602107537,0.004529862180748642,-0.04210107203284032
0.5051765502929687,2.511517541503906,10.50815108642578,-0.0846018377875114,-0.020251148572758632,-0.016787136316892024
0.4165910888671875,2.6791116577148437,10.654197387695312,-0.03077641658096871,0.0528928025222709,0.02131699849764067
0.40462008056640625,2.7629087158203123,10.517727893066406,-0.040901990867348026,0.058488514627901576,0.018252679963604822
0.354341845703125,2.760514514160156,10.17056865234375,-0.07794027575699868,0.006794793271122962,0.005062787143189658
0.5051765502929687,2.729389892578125,10.302249743652343,-0.04769678413847099,-0.02717917308449185,-0.021716692219471426
0.48123453369140623,2.583343591308594,10.139444030761718,-0.02624655440022007,0.0011990811654922875,-0.028111791768763626
0.4261678955078125,2.5905261962890624,10.249577307128906,0.014921898948348467,-0.03450689131805583,-0.026779479362661087
0.45489831542968745,2.5234885498046875,10.206481677246094,-0.0035972434964768626,0.003863705977697371,-0.0033307810152563544
0.507570751953125,2.645592834472656,10.582371337890624,-0.01345635530163567,0.05635681477813751,0.032108728987071254
0.507570751953125,2.6982652709960937,10.402806213378906,-0.022116385941302188,0.07487595722296284,0.02105053601642016
0.45489831542968745,2.77727392578125,10.058041174316406,-0.07434303226052183,-0.05182695259738887,0.027578866806322613
0.4955997436523437,2.779668127441406,10.474632263183594,-0.04663093421358895,-0.0191852986478766,0.0010658499248820332
0.4908113403320312,2.7724855224609373,10.402806213378906,-0.03464012255866608,0.05635681477813751,-0.004529862180748642
0.4333505004882812,2.4851813232421875,10.1131078125,-0.0668820827863476,0.01851914244482533,0.011990811654922875
0.4644751220703125,2.530671154785156,10.206481677246094,-0.0334410413931738,0.028378254249984136,0.008793261880276773
0.3854664672851562,2.6599580444335937,10.321403356933594,-0.03064318534035846,0.04396630940138387,0.044232771882604376
0.3806780639648437,2.7198130859375,10.254365710449218,-0.06581623286146555,0.041301684589178794,0.012923430339194655
0.34715924072265625,2.6575638427734374,10.01733974609375,-0.07007963256099368,0.0369050536490404,0.011724349173702367
0.40940848388671874,2.6192566162109374,10.002974536132811,-0.0433001531983326,-0.03450689131805583,-0.0029310872934255917
0.5530605834960938,2.655169641113281,10.302249743652343,-0.050094946469455566,-0.023182235866184224,-0.001732006127933304
0.6584054565429687,2.5378537597656248,10.228029492187499,-0.03770444109270193,0.018785604926045835,-0.020517611053979142
0.3854664672851562,2.6982652709960937,10.182539660644531,-0.07487595722296284,-0.005062787143189658,-0.0063950995492922
0.47644613037109373,2.612074011230469,10.165780249023436,-0.05595712105630675,0.03370750387439431,0.002797856052815337
0.5530605834960938,2.7269956909179687,10.307038146972655,-0.054491577409593955,0.07594180714784488,-0.007194486992953725
0.4836287353515625,2.729389892578125,10.156203442382813,-0.08127105677225505,0.028911179212425153,0.009725880564548555
0.488417138671875,2.6599580444335937,10.441113439941406,-0.06994640132038345,-0.004929555902579405,-0.01185758041431262
0.41419688720703124,2.8203695556640622,10.436325036621094,-0.05209341507860938,0.0334410413931738,-0.016787136316892024
0.40462008056640625,2.770091320800781,10.31661495361328,-0.07607503838845513,0.015188361429568975,0.015588055151399738
0.5315127685546874,2.6791116577148437,10.206481677246094,-0.06941347635794241,-0.0014655436467127959,-0.028644716731204646
0.603338818359375,2.518700146484375,10.409988818359375,-0.05382542120654268,-0.057955589665460557,-0.0528928025222709
0.6679822631835937,2.4779987182617185,10.342951171874999,-0.0764747321102859,0.027312404325102103,0.013189892820415163
0.6153098266601562,2.5665841796874997,10.271125122070313,-0.05342572748471192,0.04849617158213252,0.03863705977697371
0.5458779785156249,2.5953145996093747,10.046070166015625,-0.022516079663132953,0.036372128686599385,-0.028245023009373885
0.5434837768554687,2.5737667846679684,10.0748005859375,-0.03317457891195329,-0.010258805526989571,-0.036238897445989134
0.7757213378906249,2.6479870361328124,10.342951171874999,-0.05555742733447598,0.04383307816077362,-0.020650842294589397
0.5817910034179687,2.5713725830078125,10.244788903808594,0.023448698347404734,0.015987748873230498,-0.0287779479718149
0.5363011718749999,2.786850732421875,10.709264025878905,-0.002797856052815337,-0.019984686091538122,-0.03503981628049684
0.507570751953125,2.602497204589844,10.51533369140625,0.0058621745868511835,0.03903675349880447,-0.0334410413931738
0.3711012573242187,2.6575638427734374,10.31661495361328,-0.021716692219471426,0.04343338443894285,-0.007993874436615249
0.258573779296875,2.549824768066406,10.050858569335936,-0.06768147023000912,-0.00866003063966652,0.016520673835671518
0.354341845703125,2.6431986328124997,10.211270080566406,-0.04396630940138387,0.037837672333312186,-0.017453292519943295
0.4333505004882812,2.3151930053710936,9.849745629882811,-0.004929555902579405,-0.004263399699528133,-0.024114854550456002
0.3758896606445312,2.5737667846679684,9.988609326171874,-0.06874732015489114,-0.009059724361497283,0.01052526800821008
0.6344634399414062,2.4444798950195312,10.108319409179687,-0.0654165391396348,-0.010392036767599824,-0.0037304747370871167
0.7589619262695312,2.4253262817382812,10.371681591796875,-0.04356661567955311,0.03130934154340973,-0.004929555902579405
0.7398083129882812,2.5330653564453125,10.32379755859375,-0.07607503838845513,0.03770444109270193,-0.009326186842717792
0.5817910034179687,2.5139117431640625,10.091559997558592,-0.017852986241774057,0.05076110267250683,-0.0058621745868511835
0.7876923461914062,2.760514514160156,10.335768566894531,-0.049828483988235056,0.0305099540997482,0.01732006127933304
0.584185205078125,2.6336218261718747,10.098742602539062,-0.07047932628282445,0.023315467106794475,0.03357427263378405
0.5099649536132812,2.6144682128906247,10.376469995117187,-0.022649310903743208,0.03583920372415837,0.004663093421358896
0.4908113403320312,2.674323254394531,10.31661495361328,-0.025047473234727783,0.08060490056920376,0.017852986241774057
0.40940848388671874,2.6886884643554687,10.268730920410155,-0.06621592658329632,0.05915467083095285,0.050094946469455566
0.6153098266601562,2.607285607910156,10.079588989257813,-0.01372281778285618,0.036638591167819895,-0.01212404289553313
0.46208092041015625,2.6192566162109374,9.945513696289062,-0.05049464019128633,0.0014655436467127959,0.012923430339194655
0.4213794921875,2.712630480957031,10.046070166015625,-0.08113782553164478,-0.06594946410207582,0.0073277182335639785
0.4525041137695312,2.798821740722656,10.232817895507813,-0.005462480865020421,-0.03464012255866608,-0.019984686091538122
0.469263525390625,2.8945898071289062,10.16338604736328,0.03410719759622506,0.01372281778285618,-0.06435068921475276
0.5434837768554687,2.7269956909179687,9.904812268066406,0.005595712105630674,0.015987748873230498,-0.014655436467127957
0.603338818359375,2.77727392578125,10.28549033203125,-0.04170137831100955,0.024514548272286763,0.0026646248122050836
0.51714755859375,2.750937707519531,10.311826550292968,-0.004663093421358896,0.05342572748471192,-0.03264165394951227
0.5506663818359374,2.8227637573242186,10.237606298828124,-0.05196018383799912,0.021849923460081685,0.015188361429568975
0.7613561279296874,2.597708801269531,10.237606298828124,-0.06608269534268607,-0.025180704475338038,0.006661562030512709
0.8212111694335937,2.492363928222656,10.067617980957031,-0.01851914244482533,0.027578866806322613,-0.040502297145517265
0.6919242797851562,2.4684219116210935,9.988609326171874,0.011990811654922875,0.028378254249984136,-0.011191424211261349
0.7709329345703124,2.6791116577148437,10.184933862304687,0.024514548272286763,-0.04236753451406082,-0.03757120985209167
0.6296750366210937,2.583343591308594,10.47702646484375,0.022516079663132953,0.05129402763494785,-0.04836294034152226
0.6464344482421874,2.4947581298828125,10.13226142578125,-0.009326186842717792,0.08926493120887029,-0.0005329249624410166
0.6536170532226562,2.5258827514648434,10.359710583496094,-0.07460949474174233,-0.037171516130260915,-0.022915773384963714
0.6440402465820312,2.6623522460937497,10.474632263183594,-0.07127871372648598,-0.046764165454199216,-0.029177641693645662
0.6464344482421874,2.5809493896484375,10.381258398437499,-0.07927258816310122,-0.04316692195772235,0.1293675346325568
0.6607996582031249,2.6408044311523438,10.302249743652343,-0.14029249636259766,-0.02691271060327134,0.16840428813136127
0.6967126831054687,2.6048914062499997,10.194510668945313,-0.1264364473391312,-0.0005329249624410166,0.09859111805158809
0.7996633544921875,2.829946362304687,10.122684619140625,-0.1807947935081149,-0.006128637068071691,0.12377182252692612
0.8259995727539062,2.901772412109375,10.398017810058594,-0.199713629674771,-0.0002664624812205083,0.06421745797414251
0.8475473876953125,2.839523168945312,10.275913525390624,-0.17506585016187395,0.005995405827461438,0.02145022973825092
0.70868369140625,2.8371289672851563,10.280701928710936,-0.0433001531983326,0.07367687605747056,0.027312404325102103
0.7230489013671875,2.703053674316406,10.266336718749999,0.02438131703167651,0.06008728951522463,0.01945176112909711
0.6919242797851562,2.645592834472656,10.16338604736328,-0.04316692195772235,0.01705359879811253,0.02011791733214838
0.7565677246093749,2.731784094238281,10.398017810058594,-0.10272128651050597,0.01372281778285618,0.01851914244482533
0.7350199096679687,2.6288334228515624,10.127473022460936,-0.06554977038024505,0.04716385917602997,0.02078407353519965
0.8451531860351562,2.528276953125,10.127473022460936,-0.09832465557036758,0.0075941807147844875,0.002398162330984575
0.7302315063476562,2.5163059448242184,9.969455712890625,-0.09432771835205994,0.11444563568420833,0.06395099549292199
0.70868369140625,2.8754361938476563,10.096348400878906,-0.15694640143887942,0.04783001537908124,0.07594180714784488
0.70868369140625,2.710236279296875,10.273519323730468,-0.1377611027910028,-0.05329249624410167,-0.041035222107958284
0.7493851196289062,2.403778466796875,10.462661254882812,-0.03397396635561481,-0.01212404289553313,-0.05395865244715294
0.8307879760742187,2.310404602050781,10.778695874023438,-0.07341041357625004,0.050361408950676076,-0.010791730489430587
0.7278373046875,2.3367408203125,10.639832177734375,-0.080205206847373,0.11111485466895196,0.0383705972957532
0.6392518432617187,2.384624853515625,10.424354028320312,-0.06967993883916293,0.027712098046932865,0.013323124061025418
0.689530078125,2.442085693359375,10.283096130371094,-0.025447166956558548,0.04276722823589159,0.003863705977697371
0.7685387329101562,2.4875755249023435,10.165780249023436,-0.09406125587083944,0.05156049011616837,0.02624655440022007
0.737414111328125,2.446874096679687,10.129867224121092,-0.046098009251147945,0.04809647786030175,0.0095926493239383
0.7589619262695312,2.4516625,10.273519323730468,-0.02717917308449185,0.032508422708902016,-0.004929555902579405
0.6847416748046875,2.5641899780273434,10.031704956054687,-0.05382542120654268,0.06288514556803997,-0.003464012255866608
0.7158662963867187,2.5426421630859375,10.137049829101562,-0.013189892820415163,0.028644716731204646,-0.03130934154340973
0.6943184814453125,2.408566870117187,10.060435375976562,-0.02571362943777905,0.0035972434964768626,-0.01185758041431262
0.6847416748046875,2.4133552734375,10.204087475585936,-0.02904441045303541,0.013189892820415163,0.01732006127933304
0.8068459594726562,2.7246014892578123,10.297461340332031,-0.016520673835671518,0.03703828488965066,0.036505359927209644
0.6871358764648438,2.6408044311523438,10.156203442382813,0.013989280264076687,0.012390505376753637,-0.0075941807147844875
0.7996633544921875,2.6096798095703124,10.309432348632813,-0.00159877488732305,-0.00985911180515881,-0.006528330789902454
0.7398083129882812,2.47081611328125,10.572794531249999,-0.08713323135910622,0.03823736605514295,0.021583460978861175
0.6440402465820312,2.492363928222656,10.321403356933594,-0.032375191468291764,0.0014655436467127959,0.0075941807147844875
0.7158662963867187,2.499546533203125,10.28549033203125,0.0720781011701475,0.033307810152563545,-0.001732006127933304
0.6967126831054687,2.5474305664062498,10.398017810058594,0.09472741207389071,0.010258805526989571,0.03384073511500456
0.9337386474609375,2.454056701660156,10.433930834960936,0.010392036767599824,0.061686064402547675,-0.02145022973825092
0.8259995727539062,2.2960393920898436,10.029310754394531,0.08393568158446013,0.07794027575699868,0.024914241994117528
0.7541735229492187,2.703053674316406,10.058041174316406,-0.03943644722063524,0.05262634004105039,0.04636447173236845
0.7517793212890624,2.748543505859375,10.012551342773437,-0.05489127113142472,0.05222664631921963,0.0019984686091538122
0.6775590698242188,2.7150246826171873,10.022128149414062,-0.0010658499248820332,0.0334410413931738,-0.028644716731204646
0.7230489013671875,2.521094348144531,10.31661495361328,-0.061952526883768184,0.049961715228845315,-0.022915773384963714
0.689530078125,2.6958710693359373,10.220846887207031,-0.06608269534268607,0.09152986229924462,0.058888208349732345
0.6703764648437499,2.858676782226562,10.16338604736328,-0.07967228188493199,-0.020650842294589397,0.014255742745297196
0.6105214233398437,2.834734765625,10.218452685546874,-0.025047473234727783,-0.07847320071943971,0.006928024511733216
0.7302315063476562,2.868253588867187,10.570400329589843,-0.06941347635794241,-0.0433001531983326,-0.0063950995492922
0.8092401611328125,2.7054478759765623,10.275913525390624,-0.08087136305042428,-0.008926493120887028,0.023315467106794475
0.8020575561523438,2.6312276245117188,10.192116467285155,-0.05675650849996827,0.010125574286379316,0.026379785640830326
0.8643067993164062,2.6599580444335937,10.160991845703125,-0.06728177650817835,0.018252679963604822,0.004529862180748642
0.833182177734375,2.877830395507812,10.357316381835936,-0.018785604926045835,0.057822358424850305,0.009459418083328047
0.7996633544921875,2.8514941772460936,10.117896215820313,0.032241960227681506,0.13069984703865933,-0.012257274136143382
0.7278373046875,2.7557261108398436,10.036493359375,-0.000799387443661525,0.0095926493239383,0.03903675349880447
0.8259995727539062,2.6575638427734374,10.153809240722655,-0.024114854550456002,-0.05675650849996827,-0.006128637068071691
0.7685387329101562,2.722207287597656,10.424354028320312,-0.03583920372415837,-0.040901990867348026,-0.022249617181912446
0.9026140258789062,2.7246014892578123,10.228029492187499,-0.07687442583211665,0.09192955602107537,0.012923430339194655
0.7493851196289062,2.4660277099609376,10.014945544433592,-0.002398162330984575,-0.0019984686091538122,-0.02691271060327134
0.8403647827148437,2.8107927490234372,10.070012182617187,-0.07820673823821919,-0.008127105677225504,0.02571362943777905
0.814028564453125,2.578555187988281,10.199299072265624,-0.044232771882604376,-0.02398162330984575,-0.012523736617363892
0.9145850341796874,2.6910826660156246,10.347739575195313,-0.07927258816310122,-0.0033307810152563544,-0.010658499248820334
0.842758984375,2.4899697265625,10.065223779296874,-0.08993108741192156,-0.023848392069235495,0.020251148572758632
0.9121908325195311,2.6791116577148437,10.194510668945313,-0.0011990811654922875,-0.013589586542245924,0.019984686091538122
0.8451531860351562,2.8227637573242186,10.251971508789062,-0.027978560528153375,0.02584686067838931,0.008926493120887028
0.9002198242187499,2.710236279296875,10.359710583496094,0.008393568158446012,0.10485298636027003,0.014655436467127957
0.8092401611328125,2.6336218261718747,10.070012182617187,0.012523736617363892,0.04929555902579404,0.022915773384963714
0.7876923461914062,2.5857377929687497,10.146626635742187,0.04729709041664023,0.00159877488732305,0.009326186842717792
0.8858546142578124,2.91134921875,10.103531005859374,0.04596477801053769,0.09819142432975732,0.053558958725322174
0.7206546997070312,2.9855694702148434,10.098742602539062,0.0030643185340358454,0.05475803989081446,0.027578866806322613
0.7829039428710937,2.8945898071289062,10.036493359375,0.017586523760553547,-0.022249617181912446,-0.020251148572758632
0.8595183959960937,2.710236279296875,10.366893188476562,-0.010125574286379316,-0.06994640132038345,-0.026113323159609816
1.0271125122070313,2.887407202148437,10.625466967773438,0.002398162330984575,-0.010658499248820334,0.00013323124061025415
0.9050082275390624,2.6479870361328124,10.417171423339843,-0.03384073511500456,0.053159265003491406,0.010125574286379316
0.8978256225585937,2.8706477905273435,10.304643945312499,-0.03370750387439431,0.025447166956558548,0.008926493120887028
0.9457096557617187,2.9544448486328125,10.510545288085936,-0.05156049011616837,0.041967840792230066,0.013189892820415163
0.8978256225585937,2.8419173706054686,10.194510668945313,-0.058355283387291325,0.027712098046932865,0.022782542144353463
0.9097966308593749,2.8754361938476563,10.280701928710936,-0.06914701387672191,-0.001732006127933304,0.031975497746460996
1.0175357055664063,2.8730419921875,10.158597644042969,-0.05275957128166065,0.024781010753507273,0.0019984686091538122
1.0271125122070313,2.887407202148437,10.041281762695311,-0.04063552838612752,0.08913169996826004,-0.0026646248122050836
0.8690952026367187,2.7246014892578123,9.840168823242188,-0.0035972434964768626,0.036505359927209644,0.005062787143189658
0.8834604125976562,2.7724855224609373,9.794678991699218,-0.033307810152563545,0.005595712105630674,0.03543951000232761
0.8643067993164062,2.940079638671875,10.0748005859375,-0.07913935692249098,0.02997702913730719,0.049695252747624805
0.8451531860351562,2.971204260253906,10.09395419921875,-0.018785604926045835,0.05955436455278361,-0.0057289433462409285
0.8188169677734375,3.009511486816406,9.976638317871092,0.023182235866184224,0.004130168458917879,0.01705359879811253
0.9528922607421875,3.0430303100585934,10.364498986816406,-0.10405359891660851,0.005196018383799912,0.008393568158446012
0.9504980590820312,2.8850130004882812,10.283096130371094,-0.0610199081994964,0.02851148549059439,0.0037304747370871167
0.9576806640625,2.9759926635742184,10.223241088867187,-0.03464012255866608,0.055690658575086247,-0.009192955602107537
0.8403647827148437,2.7724855224609373,10.1131078125,-0.049961715228845315,0.03384073511500456,-0.010658499248820334
0.9576806640625,2.8898014038085935,10.16338604736328,-0.06594946410207582,0.023581929588014985,0.0039969372183076245
0.9050082275390624,2.9831752685546875,10.24718310546875,-0.07620826962906538,0.009992343045769061,-0.017986217482384312
0.8667010009765624,2.7557261108398436,10.129867224121092,-0.06674885154573734,0.021716692219471426,-0.023581929588014985
0.967257470703125,2.70065947265625,10.218452685546874,-0.062485451846209204,0.004130168458917879,0.006928024511733216
0.948103857421875,2.8203695556640622,10.199299072265624,-0.041834609551619814,0.03370750387439431,0.014122511504686942
0.9217676391601562,2.89219560546875,10.429142431640624,-0.049029096544573526,0.0610199081994964,-0.0075941807147844875
0.814028564453125,2.7437551025390623,10.043675964355469,-0.05862174586851183,0.05955436455278361,0.005462480865020421
0.9097966308593749,2.77727392578125,10.160991845703125,-0.057689127184240054,0.016653905076281773,0.0033307810152563544
0.8882488159179687,2.839523168945312,10.172962854003906,-0.032375191468291764,-0.00013323124061025415,-0.0039969372183076245
0.9576806640625,2.9281086303710935,10.275913525390624,-0.07514241970418334,0.058888208349732345,0.002797856052815337
0.9241618408203125,2.9041666137695312,10.12507882080078,-0.08193721297530632,0.03077641658096871,-0.014921898948348467
0.8954314208984374,2.8036101440429686,10.077194787597655,-0.07927258816310122,0.021583460978861175,0.0003996937218307625
0.9026140258789062,2.829946362304687,10.235212097167969,-0.07740735079455767,-0.0127901990985844,0.009992343045769061
0.9050082275390624,2.8514941772460936,10.20169327392578,-0.10631853000698281,-0.00013323124061025415,0.0006661562030512709
0.8930372192382812,2.8754361938476563,10.204087475585936,-0.09526033703633173,0.03130934154340973,0.0029310872934255917
0.8547299926757812,2.8275521606445313,10.031704956054687,-0.06515007665841428,0.002531393571594829,0.00985911180515881
0.9840168823242187,2.8898014038085935,10.309432348632813,-0.045565084288706925,0.03464012255866608,-0.0010658499248820332
0.9217676391601562,2.9089550170898435,10.038887561035155,-0.03317457891195329,0.04436600312321464,-0.01572128639200999
0.9337386474609375,2.8012159423828122,10.105925207519531,-0.06395099549292199,0.008526799399056265,-0.0005329249624410166
0.9696516723632812,2.8227637573242186,10.225635290527343,-0.03370750387439431,0.004663093421358896,-0.011324655451871604
0.9433154541015625,2.906560815429687,10.374075793457031,-0.04436600312321464,0.014255742745297196,-0.013323124061025418
1.0175357055664063,2.7653029174804686,10.254365710449218,-0.04876263406335302,0.062485451846209204,-0.029444104174866172
0.9433154541015625,2.5330653564453125,10.0748005859375,-0.04849617158213252,0.012390505376753637,-0.016387442595061263
1.0869675537109373,2.7437551025390623,10.24718310546875,-0.04583154676992743,0.02691271060327134,0.008793261880276773
0.8116343627929687,2.6096798095703124,10.079588989257813,0.018385911204215073,0.03450689131805583,-0.015987748873230498
0.8810662109374999,2.858676782226562,10.115502014160155,0.01345635530163567,0.024914241994117528,0.02971056665608668
0.9337386474609375,3.0071172851562498,10.029310754394531,-0.09446094959267021,0.05022817771006582,0.013589586542245924
0.9097966308593749,2.7341782958984373,10.014945544433592,0.004263399699528133,0.004263399699528133,-0.041834609551619814
0.9911994873046874,2.6671406494140624,10.273519323730468,0.001732006127933304,-0.011591117933092112,-0.020650842294589397
1.0941501586914062,2.798821740722656,10.412383020019531,-0.012656967857974145,0.049828483988235056,0.01705359879811253
0.9217676391601562,2.8371289672851563,10.16338604736328,-0.023315467106794475,0.07820673823821919,-0.008260336917835759
0.9337386474609375,2.8610709838867185,10.172962854003906,-0.058888208349732345,-0.014522205226517705,0.005995405827461438
0.967257470703125,2.8610709838867185,10.251971508789062,-0.05329249624410167,0.032375191468291764,0.025047473234727783
0.9504980590820312,2.999934680175781,10.314220751953124,-0.06381776425231174,0.01985145485092787,0.009059724361497283
0.9169792358398436,2.9041666137695312,10.24718310546875,-0.057822358424850305,0.027578866806322613,-0.024914241994117528
0.9696516723632812,2.93050283203125,10.17056865234375,-0.016653905076281773,0.028111791768763626,-0.007993874436615249
0.9528922607421875,2.858676782226562,10.259154113769531,-0.07114548248587572,0.04636447173236845,0.01052526800821008
0.9504980590820312,2.9544448486328125,9.97903251953125,-0.04756355289786074,0.048895865303963275,0.0191852986478766
0.9265560424804687,3.019088293457031,9.919177478027343,-0.04250076575467108,0.03583920372415837,0.007727411955394742
0.9457096557617187,2.896984008789062,10.04846436767578,-0.029577335415476424,0.0073277182335639785,-0.02997702913730719
0.9648632690429687,2.7844565307617186,10.115502014160155,-0.009459418083328047,0.023315467106794475,-0.01985145485092787
1.0390835205078124,2.760514514160156,10.156203442382813,-0.058355283387291325,0.02571362943777905,0.004130168458917879
0.8930372192382812,2.703053674316406,9.983820922851562,-0.019052067407266345,0.018785604926045835,0.006661562030512709
0.9624690673828125,2.9951462768554684,10.137049829101562,-0.044765696845045395,0.000799387443661525,0.009326186842717792
0.9840168823242187,2.923320227050781,10.237606298828124,-0.0770076570727269,0.007993874436615249,0.004130168458917879
0.9050082275390624,3.009511486816406,10.261548315429687,-0.10432006139782901,0.05076110267250683,0.0029310872934255917
0.9002198242187499,2.839523168945312,10.096348400878906,-0.08646707515605495,0.022516079663132953,-0.01532159267017923
0.928950244140625,2.9281086303710935,10.199299072265624,-0.06808116395183987,0.010258805526989571,-0.01052526800821008
1.0342951171875,2.8419173706054686,10.220846887207031,-0.06981317007977318,0.04383307816077362,-0.015987748873230498
0.93852705078125,2.6503812377929687,10.146626635742187,-0.022516079663132953,0.023315467106794475,-0.004929555902579405
0.9959878906249999,2.9448680419921875,10.242394702148436,-0.09432771835205994,0.027712098046932865,-0.011191424211261349
0.93852705078125,2.844311572265625,10.141838232421874,-0.06994640132038345,0.036505359927209644,0.013989280264076687
0.9744400756835937,2.9041666137695312,10.383652600097655,-0.06408422673353224,0.04783001537908124,0.010791730489430587
0.9169792358398436,2.829946362304687,10.053252770996092,-0.03144257278401998,0.029843797896696934,-0.01572128639200999
1.0079588989257813,2.887407202148437,10.1131078125,-0.05635681477813751,-0.0127901990985844,-0.019318529888486854
1.0606313354492187,2.7437551025390623,10.196904870605469,-0.05982082703400412,0.035173047521107094,0.016254211354451008
0.928950244140625,2.8371289672851563,10.17056865234375,-0.03850382853636345,0.03290811643073278,0.006128637068071691
0.9576806640625,2.7844565307617186,10.168174450683592,-0.040502297145517265,0.020650842294589397,-0.015454823910789483
0.9840168823242187,2.8107927490234372,10.213664282226562,-0.06648238906451683,0.03943644722063524,-0.004396630940138387
0.9409212524414062,2.887407202148437,10.046070166015625,-0.023049004625573973,0.049695252747624805,-0.006128637068071691
0.9720458740234375,2.906560815429687,10.09395419921875,-0.049695252747624805,-0.023049004625573973,-0.013323124061025418
1.005564697265625,2.896984008789062,10.206481677246094,-0.06808116395183987,0.01372281778285618,-0.01372281778285618
1.0797849487304687,2.750937707519531,10.218452685546874,-0.011591117933092112,0.026513016881440577,-0.036505359927209644
0.9935936889648437,2.6910826660156246,10.189722265624999,-0.05475803989081446,0.036505359927209644,-0.019984686091538122
1.0007762939453124,2.825157958984375,10.115502014160155,-0.03357427263378405,0.009725880564548555,0.01971822361031762
1.0558429321289062,2.741360900878906,10.153809240722655,-0.018785604926045835,0.04356661567955311,0.007727411955394742
1.0366893188476562,2.636016027832031,10.120290417480469,0.008260336917835759,0.03077641658096871,-0.01372281778285618
0.9337386474609375,2.9089550170898435,10.165780249023436,-0.02464777951289702,0.031842266505850744,-0.015454823910789483
0.9600748657226562,2.9664158569335934,10.218452685546874,-0.07714088831333717,0.009725880564548555,0.016520673835671518
1.0031704956054688,2.85388837890625,10.254365710449218,-0.07274425737319877,0.05209341507860938,0.004929555902579405
0.9145850341796874,2.8227637573242186,10.160991845703125,-0.06062021447766565,0.02717917308449185,0.0009326186842717792
0.9911994873046874,2.882618798828125,10.13226142578125,-0.06794793271122962,0.007993874436615249,-0.004130168458917879
0.9792284790039062,2.8993782104492185,10.242394702148436,-0.049961715228845315,0.053159265003491406,0.004529862180748642
1.005564697265625,2.858676782226562,10.122684619140625,-0.08993108741192156,0.05982082703400412,0.008393568158446012
0.9241618408203125,2.849099975585937,9.888052856445311,-0.07047932628282445,0.044099540641994124,0.0039969372183076245
0.9648632690429687,2.786850732421875,10.156203442382813,-0.06594946410207582,-0.021583460978861175,-0.00985911180515881
1.0438719238281249,2.789244934082031,10.412383020019531,-0.08926493120887029,0.021583460978861175,-0.005462480865020421
0.8762778076171874,2.844311572265625,10.311826550292968,-0.04689739669480947,0.07927258816310122,0.022915773384963714
0.8762778076171874,2.980781066894531,10.002974536132811,-0.031575804024630234,0.0430336907171121,0.017852986241774057
0.9864110839843749,2.839523168945312,10.081983190917969,-0.0511607963943376,-0.000799387443661525,-0.022649310903743208
1.0175357055664063,2.8850130004882812,10.156203442382813,-0.031575804024630234,0.014255742745297196,-0.03170903526524049
0.9600748657226562,2.8945898071289062,10.16338604736328,-0.013056661579804908,0.04223430327345057,0.023049004625573973
0.9648632690429687,2.8898014038085935,10.292672937011718,-0.031176110302799476,0.01052526800821008,0.008127105677225504
1.0534487304687499,2.887407202148437,10.386046801757812,-0.058888208349732345,-0.0074609494741742334,-0.050094946469455566
1.0821791503906248,2.829946362304687,10.218452685546874,-0.06794793271122962,0.04743032165725048,-0.004396630940138387
1.0941501586914062,2.77727392578125,10.275913525390624,-0.03557274124293786,0.03424042883683532,0.013589586542245924
0.8978256225585937,2.767697119140625,10.225635290527343,-0.05342572748471192,-0.011990811654922875,0.008260336917835759
0.9528922607421875,3.038241906738281,10.364498986816406,-0.04236753451406082,0.010791730489430587,0.021983154700691936
1.024718310546875,2.978386865234375,10.259154113769531,-0.059021439590342596,0.0433001531983326,0.016520673835671518
1.0295067138671874,2.748543505859375,10.031704956054687,-0.03290811643073278,0.015188361429568975,-0.02105053601642016
1.0342951171875,2.8227637573242186,10.194510668945313,-0.02598009191899956,0.005595712105630674,-0.020251148572758632
1.0031704956054688,2.806004345703125,10.249577307128906,-0.058488514627901576,0.03450689131805583,0.027712098046932865
1.0558429321289062,2.9496564453125,10.09395419921875,-0.0668820827863476,0.03170903526524049,0.000799387443661525
1.0702081420898437,2.8802245971679685,10.091559997558592,-0.03943644722063524,0.00159877488732305,-0.020650842294589397
1.0486603271484374,2.808398547363281,10.122684619140625,-0.09379479338961894,0.0075941807147844875,0.0002664624812205083
1.0390835205078124,2.6623522460937497,10.141838232421874,-0.040502297145517265,0.012523736617363892,-0.026379785640830326
1.0965443603515623,2.6431986328124997,10.110713610839843,-0.04436600312321464,0.032774885190122525,0.004529862180748642
0.9720458740234375,2.7078420776367187,10.206481677246094,-0.022382848422522698,0.048229709100912004,0.017986217482384312
0.9337386474609375,2.8131869506835936,9.943119494628906,-0.03384073511500456,0.018918836166656093,-0.0009326186842717792
1.0223241088867188,2.710236279296875,10.244788903808594,-0.057822358424850305,-0.011591117933092112,0.0003996937218307625
1.0773907470703123,2.7629087158203123,9.983820922851562,-0.057422664703019544,0.041434915829789046,-0.006928024511733216
1.0342951171875,2.7174188842773437,10.036493359375,-0.03797090357392244,0.01851914244482533,-0.022782542144353463
1.0654197387695312,2.8730419921875,10.156203442382813,-0.05529096485325548,0.018785604926045835,0.010392036767599824
1.0558429321289062,2.896984008789062,10.053252770996092,-0.10845022985674689,0.046764165454199216,0.013989280264076687
0.8906430175781249,2.7916391357421872,9.94072529296875,-0.039969372183076245,0.017453292519943295,-0.006528330789902454
0.9959878906249999,2.980781066894531,10.321403356933594,0.014122511504686942,-0.017186830038722786,-0.01185758041431262
1.0941501586914062,3.0310593017578125,10.40041201171875,-0.03970290970185574,0.033041347671343035,0.004529862180748642
1.0366893188476562,2.896984008789062,10.275913525390624,-0.017852986241774057,0.021716692219471426,-0.004396630940138387
1.0845733520507812,2.7557261108398436,10.249577307128906,-0.018918836166656093,0.01438897398590745,-0.041967840792230066
1.0702081420898437,2.6527754394531247,10.366893188476562,-0.03064318534035846,-0.010258805526989571,-0.028378254249984136
1.1731588134765625,2.7916391357421872,10.55364091796875,-0.02571362943777905,0.08646707515605495,-0.0011990811654922875
1.1468225952148436,2.8514941772460936,10.304643945312499,-0.07274425737319877,0.07580857590723461,0.026113323159609816
1.0007762939453124,2.7365724975585937,10.077194787597655,-0.08180398173469605,0.007194486992953725,0.011324655451871604
1.1731588134765625,2.7653029174804686,10.180145458984374,-0.061686064402547675,-0.01945176112909711,-0.022249617181912446
1.0031704956054688,2.770091320800781,10.192116467285155,-0.062085758124378436,0.06141960192132717,-0.006128637068071691
1.0438719238281249,2.8012159423828122,9.832986218261718,-0.0610199081994964,0.053692189965932426,0.012656967857974145
1.0199299072265624,2.7820623291015623,9.828197814941406,-0.044632465604435144,0.03064318534035846,0.023848392069235495
1.0462661254882812,2.940079638671875,10.12507882080078,-0.037304747370871166,0.007993874436615249,-0.016254211354451008
1.120486376953125,2.8467057739257813,10.175357055664062,-0.05475803989081446,0.053159265003491406,-0.021583460978861175
0.9840168823242187,2.8203695556640622,9.85692823486328,-0.059021439590342596,0.03797090357392244,0.019052067407266345
0.9720458740234375,2.8802245971679685,9.868899243164062,-0.07047932628282445,0.009992343045769061,0.01505513018895872
1.0654197387695312,3.0262708984374997,10.110713610839843,-0.02744563556571236,0.023182235866184224,0.00013323124061025415
1.0486603271484374,2.896984008789062,10.290278735351562,-0.02571362943777905,0.02464777951289702,-0.015987748873230498
1.0414777221679687,2.8706477905273435,10.211270080566406,-0.04689739669480947,0.022116385941302188,-0.03450689131805583
1.0342951171875,2.858676782226562,10.290278735351562,-0.0528928025222709,-0.0018652373685435584,-0.021583460978861175
1.1109095703125,2.91134921875,10.388441003417968,-0.02717917308449185,0.03077641658096871,0.0029310872934255917
1.1037269653320312,2.839523168945312,10.378864196777343,-0.01212404289553313,0.041967840792230066,-0.020384379813368887
1.0319009155273438,2.7820623291015623,10.386046801757812,-0.04836294034152226,0.027845329287543123,-0.029577335415476424
1.0845733520507812,2.7844565307617186,10.36210478515625,-0.03477335379927634,0.06754823898939886,0.00985911180515881
1.0773907470703123,2.916137622070312,10.139444030761718,-0.049562021507014546,0.039969372183076245,0.0033307810152563544
1.0965443603515623,2.8227637573242186,10.168174450683592,-0.06141960192132717,0.03477335379927634,-0.026779479362661087
1.0869675537109373,2.7533319091796873,10.01015714111328,-0.040502297145517265,0.031842266505850744,0.00479632466196915
1.0869675537109373,2.786850732421875,10.137049829101562,-0.05702297098118878,0.06781470147061937,0.010658499248820334
1.0079588989257813,2.9376854370117185,10.062829577636718,-0.0514272588755581,0.04356661567955311,0.011457886692481857
0.9600748657226562,2.882618798828125,10.105925207519531,-0.05489127113142472,0.01505513018895872,0.002797856052815337
1.1061211669921875,2.85388837890625,10.160991845703125,-0.03410719759622506,0.01052526800821008,-0.011058192970651094
1.0989385620117187,2.868253588867187,10.084377392578125,-0.07567534466662437,0.028378254249984136,0.013989280264076687
1.1707646118164061,2.7557261108398436,10.101136804199218,-0.02464777951289702,0.036238897445989134,-0.007993874436615249
1.0031704956054688,2.9927520751953125,10.089165795898436,-0.04383307816077362,0.06461715169597326,0.007194486992953725
0.9504980590820312,3.0262708984374997,9.983820922851562,-0.04836294034152226,0.0334410413931738,0.020384379813368887
1.0558429321289062,2.9855694702148434,10.177751257324218,-0.037304747370871166,0.014122511504686942,-0.010924961730040842
1.0558429321289062,2.8802245971679685,10.27830772705078,-0.06594946410207582,0.002264931090374321,-0.03530627876171736
1.0319009155273438,2.7629087158203123,10.259154113769531,-0.036505359927209644,0.012923430339194655,-0.0030643185340358454
1.0558429321289062,2.959233251953125,10.151415039062499,-0.057955589665460557,0.0401026034236865,0.013056661579804908
1.0534487304687499,2.729389892578125,10.115502014160155,-0.027045941843881597,0.011591117933092112,-0.025447166956558548
1.1228805786132812,2.7174188842773437,10.268730920410155,-0.07061255752343472,0.0063950995492922,-0.03863705977697371
1.0749965454101562,2.7724855224609373,10.101136804199218,-0.06235222060559895,0.04716385917602997,0.011457886692481857
1.024718310546875,2.7557261108398436,9.995791931152343,-0.03170903526524049,0.035972434964768624,0.0031975497746461
1.0319009155273438,2.7246014892578123,10.225635290527343,-0.018918836166656093,0.0030643185340358454,-0.0010658499248820332
0.9552864624023437,2.8993782104492185,10.151415039062499,-0.06901378263611166,0.04689739669480947,0.029843797896696934
1.0630255371093749,2.882618798828125,10.199299072265624,-0.02464777951289702,0.05702297098118878,0.025447166956558548
1.0103531005859374,2.7844565307617186,10.206481677246094,-0.045165390566876164,0.031176110302799476,-0.009059724361497283
1.0917559570312498,2.806004345703125,10.213664282226562,-0.08819908128398825,-0.008127105677225504,-0.002797856052815337
1.0869675537109373,2.786850732421875,10.251971508789062,-0.0401026034236865,0.06181929564315793,0.020917304775809907
1.0175357055664063,2.920926025390625,10.180145458984374,-0.05662327725935802,0.05915467083095285,0.029577335415476424
1.0486603271484374,2.8323405639648436,10.160991845703125,-0.05462480865020421,0.02371516082862524,0.01212404289553313
1.0271125122070313,2.923320227050781,10.192116467285155,-0.03397396635561481,0.01372281778285618,0.002531393571594829
1.1540052001953125,3.0238766967773434,10.314220751953124,-0.054091883687763194,0.022382848422522698,-0.0033307810152563544
1.1037269653320312,2.942473840332031,10.158597644042969,-0.0514272588755581,0.03370750387439431,0.011990811654922875
1.1228805786132812,2.9089550170898435,10.216058483886718,-0.026379785640830326,0.046764165454199216,0.0006661562030512709
1.0342951171875,2.8275521606445313,10.115502014160155,-0.04583154676992743,0.025447166956558548,-0.02584686067838931
1.0797849487304687,2.9496564453125,10.146626635742187,-0.04636447173236845,0.017186830038722786,-0.011191424211261349
1.139639990234375,2.8993782104492185,10.09395419921875,-0.04583154676992743,0.049562021507014546,0.014122511504686942
1.1324573852539062,2.760514514160156,9.974244116210937,-0.06794793271122962,0.0415681470703993,-0.0005329249624410166
0.9983820922851562,2.887407202148437,9.931148486328125,-0.06088667695888615,0.04636447173236845,-0.02145022973825092
1.0271125122070313,2.961627453613281,10.01015714111328,-0.03543951000232761,-0.00479632466196915,-0.005462480865020421
0.9983820922851562,2.8107927490234372,10.105925207519531,-0.040901990867348026,0.005329249624410167,-0.015454823910789483
1.1540052001953125,2.7581203125,10.149020837402343,-0.05489127113142472,0.008926493120887028,-0.007061255752343471
1.1228805786132812,2.7150246826171873,10.12507882080078,-0.06594946410207582,0.03877029101758396,-0.005595712105630674
1.1324573852539062,2.731784094238281,10.196904870605469,-0.07913935692249098,-0.0037304747370871167,-0.014255742745297196
1.0797849487304687,2.8514941772460936,10.218452685546874,-0.06421745797414251,0.03437366007744557,-0.00013323124061025415
1.01514150390625,2.8610709838867185,10.168174450683592,-0.02598009191899956,0.0610199081994964,0.020251148572758632
1.0199299072265624,2.839523168945312,10.314220751953124,-0.057156202221799034,0.0029310872934255917,0.005062787143189658
1.1324573852539062,2.8107927490234372,10.479420666503906,-0.0770076570727269,0.022249617181912446,-0.010125574286379316
1.0749965454101562,2.916137622070312,10.275913525390624,-0.05462480865020421,0.03290811643073278,-0.005062787143189658
1.1061211669921875,2.8730419921875,10.213664282226562,-0.04343338443894285,0.044232771882604376,0.015854517632620246
1.1133037719726562,2.8945898071289062,10.098742602539062,-0.05995405827461438,0.005595712105630674,-0.010258805526989571
1.1875240234375,2.8562825805664063,10.043675964355469,-0.09566003075816248,0.03943644722063524,-0.010392036767599824
1.0941501586914062,2.808398547363281,9.859322436523437,-0.12070750399289026,0.028245023009373885,0.021983154700691936
1.1109095703125,2.913743420410156,10.189722265624999,-0.039969372183076245,-0.0063950995492922,-0.003863705977697371
1.1324573852539062,2.971204260253906,10.290278735351562,-0.036638591167819895,0.01851914244482533,-0.035173047521107094
1.0510545288085937,2.664746447753906,10.20169327392578,-0.07460949474174233,0.011724349173702367,-0.028378254249984136
1.0534487304687499,2.7365724975585937,10.299855541992187,-0.049828483988235056,0.026113323159609816,0.012390505376753637
1.0582371337890624,2.839523168945312,10.225635290527343,-0.07021286380160395,-0.0005329249624410166,0.02105053601642016
1.0845733520507812,2.829946362304687,10.374075793457031,-0.030909647821578966,0.05542419609386573,-0.002264931090374321
1.0702081420898437,2.9185318237304685,10.194510668945313,-0.011990811654922875,0.017719755001163805,-0.012656967857974145
1.1540052001953125,2.8419173706054686,10.436325036621094,-0.05688973974057853,-0.023448698347404734,-0.02717917308449185
1.2401964599609374,2.5857377929687497,10.40041201171875,-0.037171516130260915,0.04170137831100955,0.0057289433462409285
1.1947066284179686,2.7078420776367187,10.374075793457031,-0.026646248122050836,0.06381776425231174,0.02131699849764067
1.1156979736328125,2.8275521606445313,10.24718310546875,-0.06128637068071692,-0.0030643185340358454,-0.007860643196004996
1.1827356201171875,2.8371289672851563,10.297461340332031,-0.06355130177109124,0.0464977029729787,0.025447166956558548
1.13006318359375,2.9041666137695312,10.153809240722655,-0.037171516130260915,0.02904441045303541,0.02438131703167651
1.1109095703125,2.8012159423828122,10.129867224121092,-0.026379785640830326,0.03903675349880447,0.018119448722994567
1.197100830078125,2.9544448486328125,10.184933862304687,-0.04223430327345057,0.02571362943777905,-0.020917304775809907
1.0319009155273438,2.7437551025390623,10.072406384277343,-0.026646248122050836,0.02571362943777905,-0.0039969372183076245
1.1923124267578125,2.9089550170898435,10.08677159423828,-0.04036906590490701,0.02118376725703041,0.007993874436615249
1.0007762939453124,2.844311572265625,9.907206469726562,-0.11577794809031088,0.05822205214668107,0.03170903526524049
1.0989385620117187,2.786850732421875,9.696516723632811,-0.041168453348568536,-0.010791730489430587,0.028111791768763626
1.1348515869140625,2.844311572265625,10.065223779296874,0.03477335379927634,0.013056661579804908,-0.01438897398590745
1.189918225097656,2.8802245971679685,10.36210478515625,-0.03703828488965066,0.024914241994117528,0.0026646248122050836
1.149216796875,2.6886884643554687,10.13226142578125,-0.030909647821578966,0.05342572748471192,-0.002264931090374321
1.1037269653320312,2.8323405639648436,10.168174450683592,-0.004663093421358896,-0.002531393571594829,0.0021316998497640663
1.1611878051757811,2.952050646972656,10.347739575195313,-0.06341807053048099,0.03290811643073278,0.005329249624410167
1.1420341918945311,2.868253588867187,10.347739575195313,-0.04636447173236845,-0.005196018383799912,-0.01532159267017923
1.2138602416992186,2.8562825805664063,10.374075793457031,-0.050094946469455566,0.02744563556571236,-0.02105053601642016
1.2018892333984375,2.8107927490234372,10.192116467285155,-0.020384379813368887,0.06861408891428089,0.015854517632620246
1.0438719238281249,2.91134921875,10.249577307128906,-0.050894333913117096,0.014122511504686942,0.02118376725703041
1.1540052001953125,2.8419173706054686,10.211270080566406,-0.05462480865020421,0.032375191468291764,-0.016387442595061263
1.0606313354492187,2.8275521606445313,9.950302099609374,-0.07114548248587572,0.025047473234727783,-0.004263399699528133
1.1252747802734375,2.7198130859375,9.947907897949218,-0.04449923436382489,0.04236753451406082,0.014788667707738212
1.189918225097656,2.8993782104492185,10.09395419921875,-0.021583460978861175,0.0026646248122050836,-0.0021316998497640663
1.3072341064453123,2.6958710693359373,10.041281762695311,-0.045565084288706925,0.036638591167819895,-0.03503981628049684
1.1324573852539062,2.6431986328124997,10.139444030761718,-0.03557274124293786,0.02371516082862524,-0.016787136316892024
1.199495031738281,2.868253588867187,10.014945544433592,-0.09472741207389071,0.027712098046932865,0.04356661567955311
1.2497732666015624,2.770091320800781,10.091559997558592,-0.02691271060327134,0.046764165454199216,0.023182235866184224
1.2425906616210938,2.932897033691406,10.225635290527343,-0.03916998473941472,0.022249617181912446,-0.017186830038722786
1.1516109985351561,2.916137622070312,10.266336718749999,-0.06608269534268607,0.04449923436382489,0.005196018383799912
1.1875240234375,2.8658593872070313,10.249577307128906,-0.044232771882604376,0.02131699849764067,0.01692036755750228
1.2018892333984375,2.8898014038085935,10.433930834960936,-0.08047166932859352,0.045032159326265905,-0.01345635530163567
1.1228805786132812,2.971204260253906,10.158597644042969,-0.0543583461689837,0.06315160804926047,0.010392036767599824
1.199495031738281,2.8850130004882812,10.139444030761718,-0.053026033762881154,0.058488514627901576,0.01438897398590745
1.1156979736328125,2.849099975585937,10.20169327392578,-0.024114854550456002,0.05502450237203497,-0.026379785640830326
1.139639990234375,2.863465185546875,10.266336718749999,-0.05555742733447598,-0.0058621745868511835,-0.013189892820415163
1.1851298217773436,2.9041666137695312,10.333374365234375,-0.07261102613258852,0.05169372135677862,0.020650842294589397
1.209071838378906,2.8754361938476563,10.13226142578125,-0.013189892820415163,0.040901990867348026,0.004130168458917879
1.1563994018554686,3.0214824951171875,10.225635290527343,-0.016120980113840753,0.044898928085655654,-0.023448698347404734
1.2401964599609374,2.779668127441406,10.029310754394531,-0.008393568158446012,0.0558238898156965,-0.03543951000232761
1.1037269653320312,2.798821740722656,10.192116467285155,-0.17226799410905863,-0.02464777951289702,-0.04343338443894285
1.0175357055664063,2.882618798828125,10.733206042480468,-0.2041102606149094,0.005062787143189658,0.033041347671343035
0.9816226806640624,2.722207287597656,10.0748005859375,-0.07980551312554225,0.06275191432742971,-0.0002664624812205083
1.0917559570312498,2.7557261108398436,10.24718310546875,-0.03130934154340973,0.017986217482384312,-0.018385911204215073
1.1540052001953125,2.7916391357421872,10.206481677246094,-0.0610199081994964,0.044898928085655654,-0.008393568158446012
1.0007762939453124,2.96881005859375,10.462661254882812,-0.12656967857974144,0.0383705972957532,0.004529862180748642
1.0917559570312498,2.5953145996093747,10.225635290527343,-0.07873966320066021,0.0035972434964768626,-0.03384073511500456
1.1324573852539062,2.7437551025390623,10.242394702148436,-0.08859877500581902,0.044898928085655654,0.017852986241774057
1.1228805786132812,2.760514514160156,10.407594616699217,-0.13722817782856178,0.07221133241075775,0.02371516082862524
1.01514150390625,2.7533319091796873,10.026916552734374,-0.07833996947882944,0.12044104151166976,0.01052526800821008
0.9888052856445312,2.7174188842773437,9.916783276367187,-0.06022052075583488,-0.05076110267250683,0.012257274136143382
1.199495031738281,2.7724855224609373,10.244788903808594,-0.06301837680865022,0.0013323124061025418,-0.025180704475338038
1.1133037719726562,2.5905261962890624,10.321403356933594,-0.04236753451406082,0.03877029101758396,-0.014522205226517705
1.2282254516601563,2.7581203125,10.050858569335936,-0.0558238898156965,0.0011990811654922875,-0.0075941807147844875
1.0989385620117187,2.729389892578125,10.031704956054687,-0.05982082703400412,-0.004263399699528133,0.0011990811654922875
1.1348515869140625,2.825157958984375,10.151415039062499,-0.02971056665608668,0.01438897398590745,-0.0191852986478766
1.1180921752929687,2.683900061035156,10.20169327392578,-0.07740735079455767,0.015588055151399738,0.004529862180748642
1.120486376953125,2.70065947265625,10.0748005859375,-0.09819142432975732,0.0075941807147844875,0.02011791733214838
1.2234370483398436,2.73896669921875,10.1131078125,-0.08806585004337801,0.0035972434964768626,0.02145022973825092
1.1037269653320312,2.8514941772460936,10.321403356933594,-0.09432771835205994,0.06261868308681946,0.044232771882604376
1.1563994018554686,2.607285607910156,9.986215124511718,-0.062085758124378436,0.08193721297530632,-0.0019984686091538122
1.1109095703125,2.7461493041992187,10.065223779296874,-0.058888208349732345,-0.03037672285913795,-0.013189892820415163
1.16837041015625,2.7629087158203123,10.292672937011718,-0.03583920372415837,-0.015854517632620246,-0.007727411955394742
1.1755530151367186,2.748543505859375,10.465055456542968,-0.05382542120654268,0.032774885190122525,0.0037304747370871167
1.1468225952148436,2.6144682128906247,10.412383020019531,-0.1028545177511162,0.041035222107958284,-0.007194486992953725
1.189918225097656,2.5163059448242184,10.235212097167969,-0.06395099549292199,0.010392036767599824,-0.012523736617363892
1.2114660400390624,2.7150246826171873,10.297461340332031,-0.06834762643306039,0.014788667707738212,0.006928024511733216
1.1635820068359375,2.528276953125,10.28549033203125,-0.1151117918872596,-0.0011990811654922875,-0.004663093421358896
1.1611878051757811,2.645592834472656,10.237606298828124,-0.1215068914365518,0.027845329287543123,0.0026646248122050836
1.209071838378906,2.5139117431640625,9.993397729492187,-0.07913935692249098,0.015987748873230498,0.03757120985209167
1.1348515869140625,2.6408044311523438,9.64623848876953,-0.09872434929219834,-0.046098009251147945,0.06581623286146555
1.3024457031249999,2.7078420776367187,10.335768566894531,-0.08593415019361393,0.0255803981971688,0.024114854550456002
1.2234370483398436,2.7629087158203123,10.213664282226562,-0.10485298636027003,0.05702297098118878,0.01438897398590745
1.2138602416992186,2.607285607910156,10.081983190917969,-0.10072281790135215,0.0,-0.004396630940138387
1.2282254516601563,2.5163059448242184,10.184933862304687,-0.08886523748703952,-0.016120980113840753,-0.00985911180515881
1.3407529296874998,2.6408044311523438,10.333374365234375,-0.0863338439154447,0.030909647821578966,0.017186830038722786
1.2378022583007813,2.5713725830078125,10.414777221679687,-0.05156049011616837,0.06581623286146555,-0.019984686091538122
1.2306196533203124,2.499546533203125,10.122684619140625,-0.0383705972957532,0.010125574286379316,-0.03011026037791744
1.2401964599609374,2.5546131713867184,10.309432348632813,-0.016653905076281773,-0.008793261880276773,-0.009326186842717792
1.2713210815429687,2.5546131713867184,10.309432348632813,0.017586523760553547,0.04343338443894285,0.003464012255866608
1.2425906616210938,2.528276953125,10.149020837402343,-0.016120980113840753,0.036505359927209644,-0.01345635530163567
1.2497732666015624,2.3415292236328122,10.089165795898436,-0.035705972483548114,-0.008127105677225504,-0.03410719759622506
1.2976572998046874,2.559401574707031,10.297461340332031,-0.05515773361264523,0.023848392069235495,0.0074609494741742334
1.209071838378906,2.5905261962890624,10.24000050048828,-0.045298621807486415,0.080205206847373,0.009192955602107537
1.1923124267578125,2.480392919921875,10.146626635742187,-0.040768759626737774,0.03144257278401998,-0.02078407353519965
1.2785036865234374,2.518700146484375,10.172962854003906,-0.07394333853869106,-0.017986217482384312,-0.020251148572758632
1.2282254516601563,2.5163059448242184,10.340556970214843,-0.05062787143189658,0.04290045947650184,0.01052526800821008
1.254561669921875,2.602497204589844,10.225635290527343,-0.057955589665460557,0.07540888218540386,0.002398162330984575
1.1324573852539062,2.5761609863281247,10.139444030761718,-0.07807350699760894,0.02624655440022007,0.01945176112909711
1.1659762084960936,2.6240450195312497,10.235212097167969,-0.05982082703400412,0.014522205226517705,-0.008127105677225504
1.1563994018554686,2.6384102294921874,10.338162768554687,-0.023581929588014985,0.03144257278401998,-0.017186830038722786
1.180341418457031,2.578555187988281,10.32379755859375,-0.0514272588755581,0.0127901990985844,0.0074609494741742334
1.3359645263671873,2.4157494750976563,10.206481677246094,-0.06062021447766565,0.03863705977697371,0.006794793271122962
1.235408056640625,2.6288334228515624,10.24718310546875,-0.0752756509447936,0.01438897398590745,0.011591117933092112
1.254561669921875,2.6216508178710938,10.287884533691406,-0.08859877500581902,0.05049464019128633,-0.024781010753507273
1.2210428466796874,2.5450363647460934,10.235212097167969,-0.03956967846124549,0.031975497746460996,-0.0058621745868511835
1.254561669921875,2.645592834472656,10.225635290527343,-0.061686064402547675,0.05955436455278361,0.008393568158446012
1.177947216796875,2.6192566162109374,10.242394702148436,-0.03450689131805583,0.0430336907171121,0.0037304747370871167
1.3263877197265623,2.6336218261718747,10.309432348632813,-0.02398162330984575,-0.0002664624812205083,-0.041168453348568536
1.2617442749023438,2.597708801269531,10.24718310546875,-0.041834609551619814,0.04436600312321464,0.0026646248122050836
1.1324573852539062,2.5953145996093747,10.187328063964843,-0.06528330789902453,0.03077641658096871,0.007727411955394742
1.2593500732421874,2.6216508178710938,10.259154113769531,-0.009459418083328047,0.024914241994117528,0.0058621745868511835
1.2282254516601563,2.6623522460937497,10.287884533691406,-0.07194486992953725,0.025447166956558548,-0.017586523760553547
1.139639990234375,2.521094348144531,10.101136804199218,-0.05968759579339387,0.024781010753507273,-0.014788667707738212
1.2641384765625,2.528276953125,10.218452685546874,-0.0464977029729787,0.00985911180515881,0.013323124061025418
1.2425906616210938,2.636016027832031,10.158597644042969,-0.04596477801053769,0.017986217482384312,0.0009326186842717792
1.2976572998046874,2.6240450195312497,10.266336718749999,-0.027712098046932865,0.03464012255866608,-0.022782542144353463
1.2808978881835937,2.4660277099609376,10.220846887207031,-0.04862940282274277,0.008127105677225504,-0.01572128639200999
1.3359645263671873,2.480392919921875,10.251971508789062,-0.062485451846209204,0.03384073511500456,0.005595712105630674
1.2378022583007813,2.607285607910156,10.376469995117187,-0.0511607963943376,0.04769678413847099,0.03370750387439431
1.1372457885742187,2.834734765625,10.340556970214843,-0.04862940282274277,0.04356661567955311,0.031042879062189218
1.2713210815429687,2.829946362304687,10.54645831298828,0.029843797896696934,-0.008393568158446012,-0.041834609551619814
1.2473790649414063,2.5258827514648434,10.309432348632813,0.010125574286379316,0.022649310903743208,-0.044099540641994124
1.3072341064453123,2.521094348144531,10.314220751953124,0.01945176112909711,0.007194486992953725,-0.020650842294589397
1.2928688964843749,2.4851813232421875,10.314220751953124,-0.0057289433462409285,0.04036906590490701,-0.010658499248820334
1.350329736328125,2.4971523315429685,10.20169327392578,-0.050361408950676076,0.05728943346240929,-0.01505513018895872
1.2665326782226562,2.403778466796875,10.098742602539062,-0.05342572748471192,0.044632465604435144,0.008127105677225504
1.3024457031249999,2.403778466796875,9.900023864746093,-0.026379785640830326,0.026779479362661087,0.006528330789902454
1.2114660400390624,2.6695348510742187,10.031704956054687,-0.04223430327345057,0.02531393571594829,0.018385911204215073
1.1755530151367186,2.602497204589844,10.065223779296874,-0.05688973974057853,0.04756355289786074,0.012390505376753637
1.2401964599609374,2.6312276245117188,10.050858569335936,-0.06235222060559895,0.03557274124293786,0.007993874436615249
1.3263877197265623,2.5809493896484375,10.077194787597655,-0.053558958725322174,0.017453292519943295,-0.01212404289553313
1.2210428466796874,2.6982652709960937,10.141838232421874,-0.03410719759622506,0.022782542144353463,0.002797856052815337
1.2641384765625,2.7844565307617186,10.326191760253906,-0.0941944871114497,0.0,0.029444104174866172
1.3120225097656248,2.8227637573242186,10.28549033203125,-0.06754823898939886,0.04769678413847099,-0.02691271060327134
1.197100830078125,2.43250888671875,10.022128149414062,0.01692036755750228,0.05688973974057853,-0.050894333913117096
1.2617442749023438,2.693476867675781,10.120290417480469,-0.03703828488965066,-0.03797090357392244,-0.0013323124061025418
1.2952630981445312,2.6240450195312497,10.383652600097655,-0.03743797861148142,-0.011324655451871604,0.00866003063966652
1.2497732666015624,2.6791116577148437,10.402806213378906,-0.00159877488732305,0.07993874436615249,-0.0039969372183076245
1.2282254516601563,2.549824768066406,10.196904870605469,-0.03543951000232761,0.03397396635561481,-0.005595712105630674
1.2569558715820313,2.578555187988281,10.134655627441406,-0.035972434964768624,0.02531393571594829,-0.004130168458917879
1.2210428466796874,2.6862942626953124,10.101136804199218,0.04743032165725048,0.02424808579106626,0.005062787143189658
1.2928688964843749,2.858676782226562,10.261548315429687,0.002264931090374321,0.03384073511500456,-0.0063950995492922
1.2617442749023438,2.6886884643554687,10.038887561035155,-0.035705972483548114,0.03797090357392244,-0.01971822361031762
1.3287819213867187,2.5378537597656248,10.103531005859374,-0.049029096544573526,-0.024914241994117528,-0.004929555902579405
1.3838485595703125,2.655169641113281,10.340556970214843,-0.05329249624410167,0.04663093421358895,0.010258805526989571
1.3287819213867187,2.844311572265625,10.230423693847655,-0.09512710579572148,0.07913935692249098,0.0074609494741742334
1.1851298217773436,2.6982652709960937,9.890447058105469,-0.09539356827694198,0.05329249624410167,0.016787136316892024
1.2473790649414063,2.6910826660156246,10.122684619140625,-0.05102756515372735,-0.0058621745868511835,0.010258805526989571
1.2785036865234374,2.6719290527343746,10.302249743652343,-0.053026033762881154,0.0003996937218307625,0.0026646248122050836
1.3215993164062498,2.6719290527343746,10.450690246582031,-0.0415681470703993,0.019052067407266345,-0.009326186842717792
1.2832920898437499,2.5450363647460934,10.295067138671874,0.12257274136143384,0.03850382853636345,0.020251148572758632
1.3958195678710936,3.057395520019531,10.539275708007812,0.07980551312554225,0.02584686067838931,0.017986217482384312
1.3335703247070312,3.0142998901367184,10.402806213378906,-0.08646707515605495,0.0866003063966652,0.007860643196004996
1.2880804931640624,2.8203695556640622,9.943119494628906,-0.044099540641994124,0.03770444109270193,-0.01052526800821008
1.2665326782226562,2.6240450195312497,9.986215124511718,-0.06808116395183987,0.007727411955394742,-0.010125574286379316
1.3144167114257812,2.7437551025390623,10.24718310546875,-0.01945176112909711,0.031575804024630234,-0.0019984686091538122
1.3096283081054687,2.8323405639648436,10.182539660644531,-0.06022052075583488,0.0668820827863476,-0.0003996937218307625
1.2138602416992186,2.612074011230469,9.993397729492187,-0.050361408950676076,0.02851148549059439,-0.010392036767599824
1.2737152832031249,2.6575638427734374,10.180145458984374,-0.06674885154573734,0.005062787143189658,-0.016120980113840753
1.2641384765625,2.6982652709960937,10.168174450683592,-0.06621592658329632,0.0305099540997482,0.010658499248820334
1.2713210815429687,2.8419173706054686,10.189722265624999,-0.08286983165957809,0.045565084288706925,0.03530627876171736
1.2282254516601563,2.6312276245117188,10.156203442382813,-0.045165390566876164,0.06155283316193742,-0.013056661579804908
1.3239935180664062,2.81558115234375,10.35492218017578,-0.04769678413847099,-0.011591117933092112,-0.026113323159609816
1.2306196533203124,2.722207287597656,10.280701928710936,-0.10365390519477774,0.05622358353752725,0.028111791768763626
1.2210428466796874,2.7557261108398436,10.158597644042969,-0.07047932628282445,0.07127871372648598,0.06581623286146555
1.22583125,2.942473840332031,10.103531005859374,-0.0770076570727269,0.020650842294589397,-0.010924961730040842
1.2378022583007813,2.85388837890625,10.172962854003906,-0.06674885154573734,-0.021849923460081685,-0.02438131703167651
1.2473790649414063,2.77727392578125,10.283096130371094,-0.041834609551619814,0.03437366007744557,0.006928024511733216
1.2569558715820313,2.829946362304687,10.340556970214843,-0.07860643196004995,0.08087136305042428,0.01212404289553313
1.189918225097656,2.626439221191406,10.05564697265625,-0.0877993875621575,0.05649004601874777,0.0029310872934255917
1.2761094848632812,2.6527754394531247,10.225635290527343,-0.08739969384032674,-0.0063950995492922,0.018385911204215073
1.2880804931640624,2.6910826660156246,10.290278735351562,-0.03290811643073278,0.005595712105630674,-0.00159877488732305
1.254561669921875,2.6862942626953124,10.314220751953124,-0.03890352225819422,0.033307810152563545,-0.01732006127933304
1.254561669921875,2.636016027832031,10.182539660644531,-0.03810413481453269,-0.0019984686091538122,0.0019984686091538122
1.2976572998046874,2.6671406494140624,10.237606298828124,-0.024514548272286763,0.041967840792230066,-0.009459418083328047
1.3407529296874998,2.750937707519531,10.350133776855468,0.05022817771006582,0.01438897398590745,-0.08300306290018834
1.3383587280273437,2.8562825805664063,10.321403356933594,0.18745635553862763,0.12217304763960307,-0.18266003087665847
1.1444283935546875,2.8323405639648436,9.964667309570311,0.13522970921940797,-0.03916998473941472,-0.15588055151399735
1.388636962890625,2.741360900878906,10.589553942871094,-0.016254211354451008,-0.1183093416619057,-0.05275957128166065
1.3024457031249999,2.5761609863281247,10.228029492187499,-0.041967840792230066,0.0514272588755581,0.02531393571594829
1.3934253662109375,2.767697119140625,10.204087475585936,0.031176110302799476,0.0688805513955014,-0.05808882090607082
1.1947066284179686,2.825157958984375,10.091559997558592,-0.058488514627901576,0.00866003063966652,-0.04569831552931718
1.1707646118164061,2.7269956909179687,10.089165795898436,-0.06181929564315793,0.016387442595061263,0.025180704475338038
1.1875240234375,2.8730419921875,10.307038146972655,-0.058888208349732345,0.03543951000232761,0.01732006127933304
1.2425906616210938,2.8562825805664063,10.204087475585936,-0.09339509966778817,-0.03464012255866608,-0.023848392069235495
1.24498486328125,2.806004345703125,10.271125122070313,-0.08500153150934216,0.007860643196004996,0.002398162330984575
1.3455413330078123,2.806004345703125,10.218452685546874,-0.10618529876637257,0.07514241970418334,0.032508422708902016
1.3168109130859373,2.7724855224609373,10.000580334472655,-0.03557274124293786,0.022116385941302188,-0.032108728987071254
1.3623007446289062,2.767697119140625,10.014945544433592,-0.010258805526989571,0.017186830038722786,-0.023049004625573973
1.3646949462890625,2.750937707519531,9.883264453125,-0.06475038293658353,0.04663093421358895,0.015188361429568975
1.1923124267578125,2.6408044311523438,9.981426721191406,-0.017586523760553547,0.03863705977697371,0.007061255752343471
1.22583125,2.8898014038085935,10.151415039062499,-0.018252679963604822,0.02598009191899956,-0.011191424211261349
1.1947066284179686,3.0119056884765625,10.225635290527343,-0.08953139369009079,-0.016387442595061263,0.003464012255866608
1.22583125,2.868253588867187,10.211270080566406,-0.09725880564548554,0.012390505376753637,0.013989280264076687
1.2425906616210938,2.8371289672851563,10.172962854003906,-0.06621592658329632,0.023182235866184224,0.027712098046932865
1.2880804931640624,2.9496564453125,10.405200415039062,-0.07141194496709623,0.07007963256099368,-0.02584686067838931
1.1827356201171875,2.7054478759765623,10.151415039062499,-0.020517611053979142,0.071811638688927,-0.03890352225819422
1.2689268798828124,2.8012159423828122,10.05564697265625,-0.07327718233563979,-0.02105053601642016,0.009992343045769061
1.2808978881835937,2.829946362304687,10.364498986816406,-0.04276722823589159,0.037171516130260915,0.016120980113840753
1.3072341064453123,2.85388837890625,10.407594616699217,-0.02398162330984575,0.04223430327345057,0.007194486992953725
1.2785036865234374,2.703053674316406,10.254365710449218,-0.09232924974290613,-0.010392036767599824,-0.022382848422522698
1.3742717529296875,2.7174188842773437,10.364498986816406,-0.03077641658096871,0.031042879062189218,-0.0127901990985844
1.37906015625,2.7724855224609373,10.065223779296874,-0.07341041357625004,0.07354364481686029,0.02904441045303541
1.2641384765625,2.7269956909179687,10.177751257324218,-0.07940581940371148,0.05622358353752725,0.03357427263378405
1.22583125,2.8562825805664063,10.127473022460936,-0.08500153150934216,0.05982082703400412,0.0035972434964768626
1.2210428466796874,2.935291235351562,10.072406384277343,-0.04849617158213252,0.003464012255866608,0.0006661562030512709
1.3144167114257812,2.806004345703125,10.218452685546874,-0.05129402763494785,-0.0031975497746461,-0.024781010753507273
1.2832920898437499,2.8012159423828122,10.275913525390624,-0.03930321598002497,0.06554977038024505,-0.008393568158446012
1.22583125,2.8658593872070313,10.019733947753906,-0.07434303226052183,0.053159265003491406,0.027578866806322613
1.2904746948242187,2.825157958984375,10.007762939453125,-0.04636447173236845,0.010392036767599824,0.021583460978861175
1.2808978881835937,2.8419173706054686,10.192116467285155,-0.0415681470703993,0.036638591167819895,-0.012390505376753637
1.218648645019531,2.712630480957031,10.196904870605469,-0.062218989364988694,-0.01572128639200999,-0.013589586542245924
1.3168109130859373,2.8419173706054686,10.338162768554687,-0.06141960192132717,0.009059724361497283,-0.006128637068071691
1.2617442749023438,2.798821740722656,10.268730920410155,-0.06301837680865022,0.049428790266404295,0.011191424211261349
1.3431471313476562,2.8371289672851563,10.251971508789062,-0.10392036767599824,0.0464977029729787,0.02598009191899956
1.388636962890625,2.597708801269531,10.065223779296874,-0.07274425737319877,0.025047473234727783,-0.031176110302799476
1.3958195678710936,2.8227637573242186,10.151415039062499,-0.07407656977930133,0.029177641693645662,0.011058192970651094
1.1947066284179686,2.9496564453125,10.01733974609375,-0.06634915782390657,0.10218836154806493,0.02744563556571236
1.1707646118164061,2.877830395507812,10.046070166015625,-0.02997702913730719,0.007993874436615249,-0.006928024511733216
1.3383587280273437,2.8012159423828122,10.230423693847655,-0.06794793271122962,-0.0305099540997482,-0.07460949474174233
1.2832920898437499,2.5426421630859375,10.213664282226562,-0.02424808579106626,-0.00013323124061025415,-0.03370750387439431
1.35990654296875,2.81558115234375,10.144232434082031,-0.05529096485325548,0.03956967846124549,0.02744563556571236
1.3024457031249999,2.6240450195312497,10.058041174316406,-0.04356661567955311,0.054225114928373445,-0.0011990811654922875
1.2713210815429687,2.6958710693359373,10.024522351074218,-0.049695252747624805,0.041168453348568536,-0.013323124061025418
1.235408056640625,2.7653029174804686,10.098742602539062,-0.06261868308681946,0.020251148572758632,-0.005995405827461438
1.2665326782226562,2.616862414550781,10.014945544433592,-0.03930321598002497,0.01945176112909711,-0.000799387443661525
1.3838485595703125,2.5857377929687497,10.230423693847655,-0.080205206847373,0.012257274136143382,0.010924961730040842
1.2593500732421874,2.6192566162109374,10.096348400878906,-0.07007963256099368,0.03397396635561481,0.036105666205378875
1.2689268798828124,2.710236279296875,10.220846887207031,-0.03863705977697371,0.02744563556571236,0.02904441045303541
1.2641384765625,2.729389892578125,10.405200415039062,-0.05275957128166065,0.01945176112909711,0.006661562030512709
1.216254443359375,2.961627453613281,10.330980163574218,-0.16200918858206906,0.062218989364988694,0.007727411955394742
1.3120225097656248,2.7653029174804686,10.39322940673828,-0.07634150086967564,0.050361408950676076,-0.020650842294589397
1.3239935180664062,2.655169641113281,10.249577307128906,-0.004929555902579405,0.00479632466196915,-0.017586523760553547
1.4006079711914061,2.6408044311523438,10.244788903808594,-0.04596477801053769,0.023315467106794475,0.0037304747370871167
1.3838485595703125,2.6695348510742187,10.261548315429687,-0.022649310903743208,0.06914701387672191,0.014655436467127957
1.139639990234375,2.693476867675781,9.78031378173828,0.006128637068071691,0.09232924974290613,0.015987748873230498
1.2856862915039062,2.7581203125,9.926360083007811,-0.005196018383799912,0.005462480865020421,0.0039969372183076245
1.2569558715820313,2.868253588867187,9.947907897949218,-0.029310872934255914,0.02904441045303541,0.013589586542245924
1.2641384765625,2.7629087158203123,10.091559997558592,0.03903675349880447,0.0074609494741742334,-0.010658499248820334
1.3359645263671873,2.7653029174804686,10.232817895507813,0.009326186842717792,0.024781010753507273,-0.030909647821578966
1.429338391113281,2.7724855224609373,10.213664282226562,-0.05076110267250683,0.011191424211261349,-0.017719755001163805
1.407790576171875,2.6671406494140624,10.204087475585936,-0.03130934154340973,0.04356661567955311,0.01532159267017923
1.3311761230468748,2.85388837890625,10.295067138671874,-0.027845329287543123,0.06301837680865022,0.03130934154340973
1.2928688964843749,3.0071172851562498,10.302249743652343,-0.053558958725322174,0.03943644722063524,0.024514548272286763
1.2138602416992186,2.9975404785156248,10.259154113769531,-0.03424042883683532,0.012390505376753637,-0.012923430339194655
1.254561669921875,2.916137622070312,10.295067138671874,-0.019984686091538122,0.01958499236970736,-0.020917304775809907
1.3144167114257812,2.8227637573242186,10.220846887207031,-0.01345635530163567,0.049695252747624805,-0.013056661579804908
1.3000515014648437,2.760514514160156,10.019733947753906,-0.03397396635561481,0.026779479362661087,-0.0010658499248820332
1.3215993164062498,2.9281086303710935,10.077194787597655,-0.05049464019128633,0.010658499248820334,-0.010791730489430587
1.3479355346679687,2.8898014038085935,9.935936889648437,-0.05555742733447598,0.04756355289786074,-0.02624655440022007
1.22583125,2.6431986328124997,9.892841259765625,-0.022516079663132953,0.00479632466196915,-0.009326186842717792
1.3263877197265623,2.6431986328124997,10.268730920410155,-0.013856049023466432,0.03490658503988659,-0.009725880564548555
1.2928688964843749,2.7269956909179687,10.199299072265624,-0.04849617158213252,0.06515007665841428,-0.017453292519943295
1.1659762084960936,2.760514514160156,9.931148486328125,-0.02371516082862524,0.016787136316892024,0.018252679963604822
1.2473790649414063,2.7269956909179687,10.371681591796875,0.036372128686599385,0.0009326186842717792,-0.0073277182335639785
1.3575123413085937,2.7581203125,10.496180078124999,-0.016254211354451008,0.02438131703167651,-0.020517611053979142
1.2641384765625,2.8467057739257813,10.177751257324218,-0.08073813180981403,0.07900612568188072,0.032241960227681506
1.2306196533203124,2.9927520751953125,9.97184991455078,-0.06515007665841428,0.06062021447766565,0.02971056665608668
1.2425906616210938,2.9472622436523435,10.141838232421874,-0.018652373685435583,-0.00985911180515881,-0.028911179212425153
1.3838485595703125,2.9041666137695312,10.429142431640624,-0.02398162330984575,0.029843797896696934,-0.049029096544573526
1.3455413330078123,2.703053674316406,10.149020837402343,-0.037304747370871166,0.0868667688778857,0.016254211354451008
1.3311761230468748,2.8275521606445313,10.077194787597655,-0.049828483988235056,0.04769678413847099,0.03583920372415837
1.3311761230468748,2.8993782104492185,9.890447058105469,-0.03543951000232761,0.050894333913117096,-0.00479632466196915
1.4053963745117186,2.913743420410156,9.787496386718749,-0.058754977109122086,0.04263399699528134,-0.0369050536490404
1.1180921752929687,2.710236279296875,10.065223779296874,-0.04916232778518379,-0.027845329287543123,-0.017586523760553547
1.2282254516601563,2.8036101440429686,10.352527978515624,-0.06275191432742971,0.009326186842717792,-0.019318529888486854
1.2497732666015624,2.808398547363281,10.378864196777343,-0.0191852986478766,0.0464977029729787,0.0095926493239383
1.189918225097656,2.9448680419921875,10.338162768554687,-0.049029096544573526,0.07007963256099368,0.03410719759622506
1.1563994018554686,3.0238766967773434,9.97184991455078,-0.03437366007744557,0.04449923436382489,0.03810413481453269
1.1707646118164061,3.1220389648437497,10.139444030761718,-0.014655436467127957,0.027045941843881597,0.012390505376753637
1.2569558715820313,3.0933085449218747,10.137049829101562,-0.02011791733214838,0.01958499236970736,-0.015454823910789483
1.3120225097656248,3.0741549316406247,10.180145458984374,-0.05688973974057853,-0.014655436467127957,-0.01438897398590745
1.4245499877929686,2.8993782104492185,10.129867224121092,-0.031842266505850744,0.017186830038722786,-0.02118376725703041
1.388636962890625,2.9927520751953125,10.242394702148436,-0.02105053601642016,0.023448698347404734,-0.0018652373685435584
1.35990654296875,2.935291235351562,10.204087475585936,-0.07927258816310122,0.01052526800821008,-0.01971822361031762
1.3096283081054687,2.7629087158203123,10.1131078125,-0.04756355289786074,0.0011990811654922875,0.006128637068071691
1.3814543579101561,2.9831752685546875,10.115502014160155,-0.05182695259738887,0.03943644722063524,0.036372128686599385
1.2378022583007813,3.1603461914062496,10.395623608398436,-0.03890352225819422,0.04756355289786074,-0.013056661579804908
1.254561669921875,2.8898014038085935,10.378864196777343,-0.0039969372183076245,-0.010125574286379316,-0.08353598786262936
1.3144167114257812,2.839523168945312,10.352527978515624,-0.05156049011616837,0.0033307810152563544,-0.03530627876171736
1.3287819213867187,2.7653029174804686,10.259154113769531,-0.041035222107958284,0.06141960192132717,0.028378254249984136
1.3263877197265623,2.825157958984375,9.97903251953125,-0.049828483988235056,0.08193721297530632,0.01372281778285618
1.2473790649414063,2.868253588867187,9.789890588378906,-0.058355283387291325,-0.02531393571594829,-0.011990811654922875
1.3072341064453123,2.9496564453125,9.900023864746093,-0.04396630940138387,0.03810413481453269,-0.0013323124061025418
1.2689268798828124,2.932897033691406,10.105925207519531,-0.045032159326265905,0.023049004625573973,0.01372281778285618
1.2856862915039062,2.9855694702148434,10.01015714111328,-0.08273660041896783,0.03490658503988659,0.007727411955394742
1.35990654296875,2.7533319091796873,10.019733947753906,-0.037171516130260915,0.020517611053979142,-0.027712098046932865
1.3096283081054687,2.925714428710937,10.149020837402343,-0.05822205214668107,-0.00985911180515881,-0.018385911204215073
1.2856862915039062,2.750937707519531,9.993397729492187,-0.057156202221799034,0.06768147023000912,0.017186830038722786
1.2378022583007813,2.8993782104492185,9.931148486328125,-0.06181929564315793,0.018385911204215073,-0.019984686091538122
1.3120225097656248,2.932897033691406,10.137049829101562,-0.09779173060792655,0.06861408891428089,-0.036771822408430146
1.2880804931640624,2.9496564453125,10.134655627441406,-0.023448698347404734,0.09219601850229589,0.04916232778518379
1.0534487304687499,3.047818713378906,10.079588989257813,-0.03543951000232761,0.0011990811654922875,-0.02011791733214838
1.2306196533203124,2.7581203125,9.962273107910155,-0.019984686091538122,0.05595712105630675,-0.032375191468291764
1.3024457031249999,2.9975404785156248,10.242394702148436,-0.029843797896696934,-0.007061255752343471,-0.02145022973825092
1.2856862915039062,2.923320227050781,10.180145458984374,-0.03930321598002497,0.018119448722994567,-0.03264165394951227
1.2425906616210938,2.9640216552734375,10.158597644042969,-0.033307810152563545,-0.048229709100912004,-0.0752756509447936
1.369483349609375,2.96881005859375,10.228029492187499,-0.05475803989081446,0.014122511504686942,-0.09512710579572148
1.2593500732421874,2.916137622070312,9.967061511230469,-0.045298621807486415,-0.014921898948348467,-0.05502450237203497
1.3407529296874998,2.93050283203125,9.95987890625,-0.06581623286146555,0.0033307810152563544,-0.03424042883683532
1.388636962890625,2.882618798828125,9.957484704589843,0.022516079663132953,0.024781010753507273,-0.09192955602107537
1.3335703247070312,2.9089550170898435,9.945513696289062,0.05702297098118878,0.040502297145517265,-0.05622358353752725
1.2473790649414063,3.1076737548828124,10.228029492187499,-0.03770444109270193,0.04783001537908124,0.015188361429568975
1.3168109130859373,3.1483751831054687,10.455478649902343,-0.05502450237203497,0.009059724361497283,0.03543951000232761
1.2665326782226562,3.076549133300781,10.192116467285155,-0.04729709041664023,-0.036505359927209644,0.03903675349880447
1.3958195678710936,2.863465185546875,10.146626635742187,-0.04210107203284032,-0.040502297145517265,0.013589586542245924
1.4053963745117186,2.829946362304687,10.160991845703125,-0.010125574286379316,-0.07407656977930133,0.031176110302799476
1.4341267944335936,2.971204260253906,10.307038146972655,-0.017986217482384312,-0.009059724361497283,0.04663093421358895
1.4628572143554686,3.0071172851562498,10.058041174316406,-0.057955589665460557,0.01505513018895872,0.023848392069235495
1.3000515014648437,2.93050283203125,9.95987890625,-0.03170903526524049,-0.013856049023466432,0.012523736617363892
1.4317325927734375,3.2130186279296873,10.199299072265624,-0.012523736617363892,0.011457886692481857,0.0095926493239383
1.4245499877929686,3.143586779785156,10.038887561035155,-0.014255742745297196,0.036372128686599385,-0.00159877488732305
1.3718775512695311,3.0693665283203124,9.840168823242188,-0.007194486992953725,-0.024514548272286763,-0.02131699849764067
1.4724340209960938,2.839523168945312,9.773131176757811,-0.01971822361031762,-0.007860643196004996,-0.016653905076281773
1.5059528442382812,2.9281086303710935,9.830592016601562,-0.013989280264076687,-0.027712098046932865,0.0095926493239383
1.5179238525390624,2.8945898071289062,9.90241806640625,-0.021583460978861175,0.08446860654690114,0.004130168458917879
1.3670891479492187,2.9544448486328125,9.813832604980469,0.01345635530163567,0.0057289433462409285,0.010658499248820334
1.3646949462890625,2.961627453613281,10.031704956054687,-0.0063950995492922,0.04063552838612752,0.010924961730040842
1.458068811035156,3.0262708984374997,10.101136804199218,-0.0003996937218307625,0.013989280264076687,0.016387442595061263
1.4508862060546874,3.172317199707031,10.232817895507813,-0.041168453348568536,-0.028378254249984136,-0.014122511504686942
1.4915876342773438,3.1028853515624997,10.206481677246094,0.003464012255866608,0.05688973974057853,0.005329249624410167
1.5538368774414062,3.0980969482421874,10.376469995117187,-0.011324655451871604,0.0005329249624410166,-0.03011026037791744
1.5562310791015623,3.210624426269531,10.292672937011718,-0.01971822361031762,0.08646707515605495,0.02011791733214838
1.419761584472656,3.2513258544921873,10.098742602539062,-0.024914241994117528,0.02438131703167651,0.010258805526989571
1.3742717529296875,3.2728736694335936,10.436325036621094,-0.07807350699760894,-0.020251148572758632,-0.048229709100912004
1.4820108276367188,3.181894006347656,10.043675964355469,-0.0654165391396348,0.05262634004105039,-0.0019984686091538122
1.4317325927734375,3.1316157714843746,9.964667309570311,-0.062218989364988694,-0.0057289433462409285,-0.00985911180515881
1.4700398193359374,3.1196447631835937,9.911994873046874,-0.03477335379927634,0.006794793271122962,-0.013189892820415163
1.5011644409179687,3.1675287963867187,9.873687646484374,-0.06834762643306039,0.010791730489430587,0.007727411955394742
1.3718775512695311,3.0980969482421874,9.813832604980469,-0.07367687605747056,0.015188361429568975,0.007860643196004996
1.47482822265625,3.076549133300781,9.842563024902343,-0.048895865303963275,0.027312404325102103,-0.002264931090374321
1.429338391113281,3.0885201416015624,9.87608184814453,-0.03290811643073278,-0.01212404289553313,0.003863705977697371
1.5466542724609373,3.1124621582031247,10.002974536132811,-0.05635681477813751,0.003464012255866608,-0.017852986241774057
1.484405029296875,2.9664158569335934,9.947907897949218,0.0063950995492922,0.0075941807147844875,-0.0029310872934255917
1.5346832641601562,3.0597897216796874,10.072406384277343,-0.03130934154340973,0.01945176112909711,0.012523736617363892
1.4628572143554686,3.0885201416015624,10.249577307128906,-0.06261868308681946,0.014921898948348467,0.012257274136143382
1.5490484741210937,3.2441432495117186,10.213664282226562,-0.06035375199644513,0.06381776425231174,0.0033307810152563544
1.465251416015625,3.0933085449218747,10.029310754394531,-0.0610199081994964,0.06794793271122962,-0.004396630940138387
1.4006079711914061,3.1459809814453124,10.160991845703125,-0.05209341507860938,0.023049004625573973,0.02118376725703041
1.5083470458984374,3.1747114013671873,10.175357055664062,-0.0834027566220191,0.08100459429103453,0.016254211354451008
1.3239935180664062,3.2321722412109373,9.988609326171874,-0.08700000011849597,0.023049004625573973,0.03064318534035846
1.4437036010742186,3.220201232910156,10.031704956054687,-0.09192955602107537,-0.01345635530163567,0.005062787143189658
1.599326708984375,2.91134921875,10.158597644042969,-0.07820673823821919,-0.0029310872934255917,-0.0037304747370871167
1.5849614990234373,3.066972326660156,10.160991845703125,-0.08353598786262936,0.04836294034152226,0.016387442595061263
1.484405029296875,3.143586779785156,9.904812268066406,-0.11524502312786984,0.023049004625573973,0.01372281778285618
1.5155296508789062,2.9544448486328125,10.046070166015625,-0.0430336907171121,-0.014122511504686942,-0.009192955602107537
1.62805712890625,3.0813375366210938,10.254365710449218,-0.05249310880044014,0.015188361429568975,-0.006128637068071691
1.659181750488281,3.0358477050781247,10.192116467285155,-0.08260336917835759,0.057156202221799034,0.03464012255866608
1.5418658691406248,3.124433166503906,10.038887561035155,-0.06941347635794241,0.03903675349880447,0.012923430339194655
1.6472107421875,3.0071172851562498,10.002974536132811,-0.06395099549292199,-0.0002664624812205083,0.016387442595061263
1.6232687255859375,3.1100679565429687,10.002974536132811,-0.09259571222412663,0.040768759626737774,0.01732006127933304
1.4006079711914061,3.0238766967773434,9.947907897949218,-0.05529096485325548,0.05022817771006582,0.006528330789902454
1.5634136840820312,3.0526071166992184,10.019733947753906,-0.02438131703167651,0.004663093421358896,-0.01185758041431262
1.5777788940429687,2.9831752685546875,10.081983190917969,-0.058488514627901576,0.028911179212425153,-0.011457886692481857
1.5729904907226562,2.906560815429687,10.053252770996092,-0.05342572748471192,0.05555742733447598,0.0074609494741742334
1.6112977172851561,2.971204260253906,10.034099157714843,-0.08766615632154724,0.03130934154340973,0.007061255752343471
1.3311761230468748,3.1651345947265623,9.93354268798828,-0.1456217459870078,0.050094946469455566,0.025447166956558548
1.4341267944335936,2.8945898071289062,9.904812268066406,-0.05129402763494785,0.0073277182335639785,-0.017186830038722786
1.5610194824218748,2.9927520751953125,10.228029492187499,-0.03770444109270193,0.022382848422522698,0.0026646248122050836
1.5538368774414062,2.85388837890625,10.213664282226562,-0.061952526883768184,0.03983614094246599,0.011457886692481857
1.5442600708007812,2.935291235351562,10.122684619140625,-0.05342572748471192,0.058888208349732345,0.009059724361497283
1.5346832641601562,3.0885201416015624,10.266336718749999,-0.049562021507014546,0.06621592658329632,0.011457886692481857
1.6160861206054686,3.0909143432617188,10.168174450683592,-0.07714088831333717,0.040901990867348026,0.0003996937218307625
1.5466542724609373,2.9951462768554684,10.007762939453125,-0.09992343045769063,0.03823736605514295,-0.0075941807147844875
1.6831237670898436,3.0526071166992184,10.077194787597655,-0.08846554376520875,0.0528928025222709,0.0039969372183076245
1.5658078857421873,2.9735984619140625,10.072406384277343,-0.11497856064664934,0.017852986241774057,-0.011990811654922875
1.5203180541992187,2.959233251953125,10.283096130371094,-0.11031546722529045,0.02131699849764067,-0.027045941843881597
1.4532804077148436,2.961627453613281,10.151415039062499,-0.08913169996826004,0.05915467083095285,0.013589586542245924
1.467645617675781,2.9927520751953125,10.05564697265625,-0.07141194496709623,0.0369050536490404,0.0073277182335639785
1.4772224243164063,2.882618798828125,9.897629663085937,-0.03770444109270193,0.01958499236970736,-0.012390505376753637
1.5298948608398437,2.91134921875,10.070012182617187,-0.046231240491758196,0.01438897398590745,-0.004529862180748642
1.5729904907226562,2.849099975585937,10.007762939453125,-0.06728177650817835,0.06328483928987072,-0.0026646248122050836
1.4724340209960938,2.8203695556640622,9.85692823486328,-0.06781470147061937,0.03823736605514295,0.006794793271122962
1.5179238525390624,3.038241906738281,10.117896215820313,-0.06581623286146555,0.041168453348568536,0.0095926493239383
1.5155296508789062,2.9041666137695312,10.0748005859375,-0.03943644722063524,0.03823736605514295,-0.014522205226517705
1.4915876342773438,2.9927520751953125,10.062829577636718,-0.06368453301170149,0.008393568158446012,-0.016387442595061263
1.5059528442382812,2.8610709838867185,10.062829577636718,-0.05196018383799912,0.028911179212425153,-0.011990811654922875
1.5562310791015623,2.858676782226562,10.290278735351562,-0.036238897445989134,0.04862940282274277,-0.0010658499248820332
1.5203180541992187,2.882618798828125,10.153809240722655,-0.06967993883916293,0.05915467083095285,0.01851914244482533
1.4820108276367188,2.829946362304687,9.797073193359374,-0.061952526883768184,0.05022817771006582,-0.0021316998497640663
1.5011644409179687,2.9640216552734375,9.993397729492187,-0.03397396635561481,-0.013856049023466432,-0.03144257278401998
1.465251416015625,3.0693665283203124,10.328585961914062,-0.06301837680865022,0.025180704475338038,0.007727411955394742
1.5035586425781249,2.9041666137695312,10.129867224121092,-0.06035375199644513,0.06554977038024505,0.00159877488732305
1.446097802734375,2.81558115234375,10.115502014160155,-0.03743797861148142,0.02011791733214838,-0.019052067407266345
1.5634136840820312,2.940079638671875,10.17056865234375,-0.0604869832370554,-0.0075941807147844875,-0.020917304775809907
1.5131354492187499,2.8467057739257813,10.242394702148436,-0.053692189965932426,0.06035375199644513,-0.00159877488732305
1.4772224243164063,2.8371289672851563,10.189722265624999,-0.02691271060327134,0.044099540641994124,-0.008260336917835759
1.5610194824218748,2.8012159423828122,10.046070166015625,-0.0607534457182759,0.05502450237203497,-0.0057289433462409285
1.5729904907226562,2.91134921875,10.058041174316406,-0.06301837680865022,0.02131699849764067,0.008926493120887028
1.5897499023437498,2.767697119140625,10.12507882080078,-0.06235222060559895,0.05489127113142472,0.016120980113840753
1.4628572143554686,2.89219560546875,10.014945544433592,-0.07034609504221419,0.045165390566876164,0.009059724361497283
1.438915197753906,2.89219560546875,9.993397729492187,-0.06128637068071692,0.030909647821578966,0.0021316998497640663
1.388636962890625,3.1076737548828124,10.103531005859374,-0.05049464019128633,0.0334410413931738,-0.004263399699528133
1.4173673828125,2.990357873535156,10.0748005859375,-0.03983614094246599,0.026646248122050836,-0.03064318534035846
1.5035586425781249,2.7844565307617186,10.16338604736328,-0.018385911204215073,-0.0037304747370871167,-0.022915773384963714
1.5514426757812498,2.8467057739257813,10.266336718749999,-0.03956967846124549,0.025047473234727783,-0.009192955602107537
1.5322890624999999,2.961627453613281,10.230423693847655,-0.044898928085655654,0.06554977038024505,-0.007061255752343471
1.5059528442382812,2.8898014038085935,9.880870251464843,-0.06488361417719378,0.06754823898939886,-0.0002664624812205083
1.3551181396484375,2.8898014038085935,9.821015209960937,-0.0305099540997482,0.004529862180748642,-0.0018652373685435584
1.5442600708007812,2.829946362304687,10.196904870605469,-0.032108728987071254,-0.013589586542245924,-0.020384379813368887
1.6352397338867186,2.906560815429687,10.287884533691406,-0.06022052075583488,0.04569831552931718,-0.031575804024630234
1.4796166259765624,2.7054478759765623,10.13226142578125,-0.06022052075583488,0.02105053601642016,-0.027712098046932865
1.5490484741210937,2.844311572265625,10.165780249023436,-0.09059724361497283,0.048229709100912004,0.023182235866184224
1.446097802734375,2.901772412109375,10.04846436767578,-0.10058958666074189,0.06554977038024505,0.022116385941302188
1.39821376953125,3.0358477050781247,10.01015714111328,-0.05182695259738887,0.04543185304809667,-0.011324655451871604
1.4053963745117186,2.868253588867187,10.089165795898436,-0.04743032165725048,-0.024781010753507273,-0.03317457891195329
1.448492004394531,2.8275521606445313,10.299855541992187,-0.036771822408430146,0.022516079663132953,-0.023182235866184224
1.4915876342773438,2.8012159423828122,10.290278735351562,-0.029843797896696934,0.06648238906451683,0.015454823910789483
1.5897499023437498,2.8898014038085935,10.158597644042969,-0.05022817771006582,0.01958499236970736,-0.005995405827461438
1.5083470458984374,2.858676782226562,10.192116467285155,-0.04743032165725048,0.03530627876171736,0.0030643185340358454
1.5346832641601562,2.882618798828125,10.01733974609375,-0.06967993883916293,0.07127871372648598,0.000799387443661525
1.4724340209960938,2.8514941772460936,9.842563024902343,-0.03464012255866608,0.03903675349880447,-0.0021316998497640663
1.4317325927734375,2.987963671875,9.957484704589843,-0.0334410413931738,0.009059724361497283,-0.007993874436615249
1.3862427612304686,2.952050646972656,9.931148486328125,-0.04383307816077362,0.02145022973825092,-0.025180704475338038
1.4317325927734375,3.0047230834960934,9.83777462158203,-0.023581929588014985,0.026513016881440577,-0.023182235866184224
1.39821376953125,3.0502129150390624,9.888052856445311,-0.07420980101991156,0.02971056665608668,-0.021849923460081685
1.4030021728515625,3.0621839233398433,10.04846436767578,-0.002531393571594829,-0.01572128639200999,-0.058754977109122086
1.5634136840820312,2.7724855224609373,10.273519323730468,0.05675650849996827,-0.016254211354451008,-0.08247013793774732
1.5442600708007812,2.583343591308594,10.27830772705078,-0.00013323124061025415,0.006661562030512709,-0.04636447173236845
1.5801730957031248,2.7150246826171873,10.421959826660157,-0.006128637068071691,0.018918836166656093,0.002398162330984575
1.5849614990234373,2.8514941772460936,10.534487304687499,0.009459418083328047,0.06741500774878861,0.0029310872934255917
1.4891934326171874,2.9759926635742184,10.395623608398436,-0.01572128639200999,0.07607503838845513,0.014522205226517705
1.429338391113281,3.0502129150390624,10.192116467285155,-0.04756355289786074,0.07980551312554225,0.007194486992953725
1.4724340209960938,2.9568390502929685,10.165780249023436,-0.015588055151399738,-0.0039969372183076245,-0.01438897398590745
1.5538368774414062,2.8850130004882812,10.230423693847655,-0.04849617158213252,0.023315467106794475,-0.020384379813368887
1.5011644409179687,2.9185318237304685,10.254365710449218,-0.03956967846124549,0.0720781011701475,0.012257274136143382
1.4413093994140624,3.0047230834960934,10.04846436767578,-0.044898928085655654,0.0738101072980808,0.014522205226517705
1.3958195678710936,2.9185318237304685,9.8449572265625,-0.02851148549059439,0.04436600312321464,0.005995405827461438
1.419761584472656,3.0526071166992184,10.036493359375,-0.022382848422522698,0.03477335379927634,0.0021316998497640663
1.448492004394531,3.114856359863281,9.878476049804688,-0.0528928025222709,0.057422664703019544,0.005995405827461438
1.3862427612304686,3.0310593017578125,9.828197814941406,-0.02904441045303541,0.04862940282274277,-0.005329249624410167
1.4101847778320311,3.009511486816406,9.809044201660155,-0.012656967857974145,-0.0003996937218307625,-0.02371516082862524
1.4508862060546874,3.0238766967773434,10.000580334472655,-0.04223430327345057,0.02691271060327134,-0.008393568158446012
1.4101847778320311,2.9664158569335934,10.012551342773437,-0.022782542144353463,0.036505359927209644,0.014788667707738212
1.37906015625,3.0550013183593747,10.014945544433592,-0.01505513018895872,-0.016254211354451008,0.002531393571594829
1.5203180541992187,3.066972326660156,10.228029492187499,0.0002664624812205083,0.022116385941302188,-0.0127901990985844
1.3934253662109375,3.0837317382812497,10.151415039062499,0.022915773384963714,0.024114854550456002,-0.013989280264076687
1.4604630126953124,2.9831752685546875,10.103531005859374,-0.018119448722994567,0.03410719759622506,0.006794793271122962
1.4532804077148436,2.9975404785156248,10.065223779296874,0.007993874436615249,0.023848392069235495,-0.0014655436467127959
1.5729904907226562,3.0310593017578125,10.199299072265624,0.03450689131805583,0.008260336917835759,-0.019984686091538122
1.5490484741210937,2.91134921875,10.0748005859375,0.01572128639200999,0.054091883687763194,-0.014655436467127957
1.4772224243164063,2.971204260253906,9.935936889648437,-0.05262634004105039,0.04663093421358895,-0.002264931090374321
1.5083470458984374,2.9448680419921875,9.993397729492187,-0.014655436467127957,0.03011026037791744,0.009326186842717792
1.465251416015625,3.0358477050781247,10.029310754394531,-0.03464012255866608,0.03757120985209167,-0.007194486992953725
1.4149731811523436,2.978386865234375,9.967061511230469,-0.03770444109270193,0.03077641658096871,0.012523736617363892
1.4891934326171874,3.124433166503906,9.911994873046874,-0.04783001537908124,0.06475038293658353,0.01732006127933304
1.4101847778320311,3.047818713378906,9.861716638183593,-0.02371516082862524,0.03477335379927634,-0.0003996937218307625
1.448492004394531,3.2441432495117186,9.9981861328125,-0.053026033762881154,0.0026646248122050836,0.0033307810152563544
1.429338391113281,3.1483751831054687,9.995791931152343,-0.06022052075583488,0.04543185304809667,0.018385911204215073
1.3766659545898436,3.287238879394531,9.849745629882811,-0.06515007665841428,0.0671485452675681,0.040502297145517265
1.4604630126953124,3.229778039550781,9.737218151855469,0.013856049023466432,0.004529862180748642,-0.019052067407266345
1.5418658691406248,3.2632968627929686,10.177751257324218,-0.03317457891195329,0.0,-0.021849923460081685
1.4772224243164063,3.1172505615234374,9.9981861328125,-0.06754823898939886,0.04036906590490701,0.01185758041431262
1.419761584472656,3.239354846191406,9.988609326171874,-0.04263399699528134,0.044765696845045395,0.0127901990985844
1.426944189453125,3.284844677734375,10.13226142578125,-0.011324655451871604,0.003464012255866608,-0.0058621745868511835
1.5466542724609373,3.294421484375,10.364498986816406,-0.054491577409593955,0.0005329249624410166,-0.014522205226517705
1.5370774658203123,3.1196447631835937,10.175357055664062,-0.05329249624410167,0.032241960227681506,-0.004929555902579405
1.4891934326171874,3.1747114013671873,10.146626635742187,-0.010924961730040842,0.03450689131805583,0.00013323124061025415
1.448492004394531,3.2321722412109373,10.153809240722655,-0.03477335379927634,0.018119448722994567,0.0039969372183076245
1.5945383056640625,3.19865341796875,10.196904870605469,-0.037171516130260915,0.036771822408430146,-0.006128637068071691
1.5777788940429687,3.019088293457031,9.749189160156249,-0.05635681477813751,0.0912633998180241,-0.0063950995492922
1.438915197753906,3.1076737548828124,9.689334118652344,0.012923430339194655,-0.0095926493239383,-0.002264931090374321
1.465251416015625,3.3542765258789062,9.926360083007811,-0.0415681470703993,0.025447166956558548,0.004929555902579405
1.484405029296875,3.1411925781249996,9.883264453125,-0.021983154700691936,0.025180704475338038,-0.023848392069235495
1.4867992309570313,3.019088293457031,10.058041174316406,-0.024914241994117528,-0.01505513018895872,-0.030909647821578966
1.4867992309570313,3.057395520019531,10.070012182617187,-0.07993874436615249,0.0019984686091538122,-0.007727411955394742
1.484405029296875,3.0693665283203124,10.038887561035155,-0.06701531402695785,0.05995405827461438,0.0075941807147844875
1.3838485595703125,3.294421484375,9.967061511230469,-0.053026033762881154,0.06941347635794241,0.017719755001163805
1.4820108276367188,3.1603461914062496,10.062829577636718,-0.09446094959267021,0.008526799399056265,-0.0029310872934255917
1.4915876342773438,3.1603461914062496,10.08677159423828,-0.07740735079455767,0.05649004601874777,-0.004663093421358896
1.467645617675781,3.2704794677734372,9.935936889648437,-0.06941347635794241,0.041168453348568536,0.0037304747370871167
1.446097802734375,3.181894006347656,10.000580334472655,-0.10538591132271104,-0.03490658503988659,0.009192955602107537
1.675941162109375,3.2321722412109373,10.134655627441406,-0.08113782553164478,0.0029310872934255917,0.011591117933092112
1.5275006591796874,3.0597897216796874,10.160991845703125,-0.06235222060559895,0.027312404325102103,0.011591117933092112
1.5251064575195312,3.2704794677734372,10.139444030761718,-0.07194486992953725,0.04689739669480947,0.0058621745868511835
1.5035586425781249,3.1794998046874996,9.91438907470703,-0.06435068921475276,0.03477335379927634,-0.015588055151399738
1.438915197753906,3.114856359863281,9.804255798339844,-0.06515007665841428,0.03064318534035846,-0.0037304747370871167
1.43652099609375,3.0597897216796874,10.007762939453125,-0.06674885154573734,0.0863338439154447,0.026513016881440577
1.4604630126953124,3.1747114013671873,10.050858569335936,-0.046231240491758196,0.023581929588014985,0.010658499248820334
1.5562310791015623,3.229778039550781,10.050858569335936,-0.03450689131805583,-0.0302434916185277,-0.03810413481453269
1.4772224243164063,2.923320227050781,10.254365710449218,-0.04596477801053769,0.04396630940138387,-0.0287779479718149
1.5801730957031248,3.0909143432617188,10.098742602539062,-0.058355283387291325,0.05222664631921963,0.01985145485092787
1.4772224243164063,3.1196447631835937,10.129867224121092,-0.08406891282507037,0.04170137831100955,0.004396630940138387
1.4317325927734375,3.1364041748046874,10.105925207519531,-0.036105666205378875,0.0383705972957532,-0.012656967857974145
1.455674609375,3.21780703125,10.134655627441406,-0.054491577409593955,0.062085758124378436,-0.003863705977697371
1.4149731811523436,3.1004911499023438,9.976638317871092,-0.07740735079455767,0.049428790266404295,0.008260336917835759
1.438915197753906,3.1459809814453124,10.134655627441406,-0.03370750387439431,0.0010658499248820332,-0.0013323124061025418
1.5011644409179687,3.2130186279296873,10.153809240722655,-0.07101225124526546,0.0479632466196915,-0.007061255752343471
1.4628572143554686,3.1004911499023438,10.156203442382813,-0.06901378263611166,0.036505359927209644,-0.007860643196004996
1.4724340209960938,3.0885201416015624,10.13226142578125,-0.03757120985209167,0.03970290970185574,0.00013323124061025415
1.458068811035156,2.9640216552734375,10.024522351074218,-0.05489127113142472,0.01532159267017923,0.0005329249624410166
1.5035586425781249,3.143586779785156,10.153809240722655,-0.07167840744831674,0.059021439590342596,0.0031975497746461
1.426944189453125,3.071760729980469,10.036493359375,-0.05196018383799912,0.036372128686599385,-0.02438131703167651
1.429338391113281,3.1172505615234374,9.995791931152343,-0.050894333913117096,-0.0033307810152563544,-0.019318529888486854
1.5298948608398437,3.0119056884765625,10.046070166015625,-0.0511607963943376,0.04583154676992743,-0.0019984686091538122
1.4796166259765624,2.9831752685546875,9.907206469726562,-0.057822358424850305,0.04210107203284032,0.0039969372183076245
1.3958195678710936,2.999934680175781,9.938331091308592,-0.04383307816077362,0.02691271060327134,0.0029310872934255917
1.465251416015625,3.0885201416015624,10.034099157714843,-0.05915467083095285,0.02424808579106626,-0.0005329249624410166
1.47482822265625,3.0454245117187497,10.070012182617187,-0.046764165454199216,0.0401026034236865,-0.0057289433462409285
1.4987702392578124,2.9640216552734375,10.026916552734374,-0.04369984692016337,0.035705972483548114,-0.015188361429568975
1.4796166259765624,3.038241906738281,9.967061511230469,-0.044232771882604376,0.031975497746460996,0.000799387443661525
1.4915876342773438,3.0526071166992184,10.072406384277343,-0.06115313944010666,0.039969372183076245,-0.0063950995492922
1.37906015625,3.0621839233398433,10.091559997558592,-0.04769678413847099,0.021983154700691936,-0.009992343045769061
1.3838485595703125,3.076549133300781,10.065223779296874,-0.053692189965932426,0.04449923436382489,-0.01052526800821008
1.3718775512695311,3.1124621582031247,10.034099157714843,-0.045298621807486415,0.007993874436615249,-0.002264931090374321
1.4939818359375,3.095702746582031,10.204087475585936,-0.058488514627901576,0.029310872934255914,-0.0026646248122050836
1.4939818359375,3.047818713378906,10.072406384277343,-0.05808882090607082,0.06967993883916293,0.0013323124061025418
1.4053963745117186,3.1076737548828124,9.871293444824218,-0.05555742733447598,0.05688973974057853,0.0026646248122050836
1.4987702392578124,3.076549133300781,9.945513696289062,-0.07154517620770649,0.018918836166656093,0.003863705977697371
1.4245499877929686,3.0980969482421874,9.904812268066406,-0.05222664631921963,0.011724349173702367,-0.0030643185340358454
1.419761584472656,3.1675287963867187,10.156203442382813,-0.04783001537908124,0.02624655440022007,-0.010258805526989571
1.4149731811523436,3.1316157714843746,10.137049829101562,-0.061686064402547675,0.031842266505850744,-0.0018652373685435584
1.3718775512695311,3.0645781249999997,10.053252770996092,-0.036372128686599385,0.022915773384963714,-0.0006661562030512709
1.5011644409179687,3.0621839233398433,10.115502014160155,-0.037837672333312186,0.011457886692481857,0.007061255752343471
1.5107412475585937,3.191470812988281,10.08677159423828,-0.07487595722296284,0.053026033762881154,0.007993874436615249
1.5322890624999999,3.0526071166992184,10.002974536132811,-0.039969372183076245,0.026379785640830326,0.005062787143189658
1.3910311645507811,2.9855694702148434,9.988609326171874,-0.04783001537908124,0.036372128686599385,0.0033307810152563544
1.5059528442382812,2.987963671875,9.95987890625,-0.05049464019128633,0.02118376725703041,0.0
1.4915876342773438,3.1364041748046874,10.127473022460936,-0.04756355289786074,0.03384073511500456,-0.005995405827461438
1.4820108276367188,3.1603461914062496,10.065223779296874,-0.044898928085655654,0.029843797896696934,-0.014655436467127957
1.4437036010742186,3.1172505615234374,10.022128149414062,-0.04369984692016337,0.03503981628049684,-0.01372281778285618
1.426944189453125,3.0430303100585934,10.002974536132811,-0.05688973974057853,0.017186830038722786,0.010125574286379316
1.429338391113281,3.1603461914062496,10.007762939453125,-0.054225114928373445,0.020384379813368887,0.016520673835671518
1.4532804077148436,3.1483751831054687,9.859322436523437,-0.05955436455278361,0.013323124061025418,0.007727411955394742
1.448492004394531,2.9855694702148434,9.842563024902343,-0.06994640132038345,0.002264931090374321,0.026513016881440577
1.4772224243164063,2.9472622436523435,9.842563024902343,-0.0575558959436298,0.0191852986478766,0.00985911180515881
1.4724340209960938,3.0502129150390624,9.82580361328125,-0.04223430327345057,0.009059724361497283,-0.004130168458917879
1.4532804077148436,3.1579519897460937,9.9981861328125,-0.03903675349880447,-0.0029310872934255917,-0.013856049023466432
1.5083470458984374,2.942473840332031,9.983820922851562,-0.036638591167819895,0.0075941807147844875,-0.022915773384963714
1.458068811035156,2.959233251953125,9.962273107910155,-0.041168453348568536,-0.0127901990985844,0.004929555902579405
1.4628572143554686,3.1579519897460937,10.261548315429687,-0.01505513018895872,-0.02398162330984575,0.02105053601642016
1.5370774658203123,3.2034418212890623,10.31661495361328,-0.06781470147061937,-0.004929555902579405,0.017852986241774057
1.5729904907226562,3.0238766967773434,10.295067138671874,-0.058888208349732345,-0.03757120985209167,0.03890352225819422
1.6352397338867186,3.0502129150390624,10.194510668945313,-0.07794027575699868,-0.048229709100912004,0.08580091895300368
1.5107412475585937,3.1411925781249996,10.026916552734374,-0.06648238906451683,-0.10671822372881358,0.08846554376520875
1.5562310791015623,3.2728736694335936,10.000580334472655,-0.050094946469455566,-0.24581163892591892,-0.04343338443894285
1.7381904052734374,3.019088293457031,10.141838232421874,-0.020384379813368887,-0.2591347629869444,-0.02624655440022007
1.7717092285156248,3.0358477050781247,10.259154113769531,0.006261868308681946,-0.19958039843416073,0.039969372183076245
1.9416975463867185,3.0693665283203124,10.237606298828124,0.03890352225819422,-0.20544257302101193,-0.017186830038722786
1.889025109863281,3.066972326660156,9.95987890625,-0.037304747370871166,-0.03863705977697371,0.0035972434964768626
1.889025109863281,3.0693665283203124,9.751583361816406,0.0,-0.041834609551619814,-0.01945176112909711
2.0446482177734375,3.1651345947265623,9.919177478027343,-0.015987748873230498,-0.05182695259738887,-0.06848085767367064
1.9536685546875,3.0406361083984375,9.883264453125,-0.012257274136143382,-0.020917304775809907,-0.0073277182335639785
1.9991583862304687,3.1028853515624997,9.911994873046874,-0.012523736617363892,-0.011324655451871604,0.014788667707738212
1.9919757812499999,3.124433166503906,9.801861596679688,-0.028111791768763626,0.0006661562030512709,0.008793261880276773
2.118868469238281,3.2824504760742186,9.95987890625,-0.008393568158446012,0.032375191468291764,0.021983154700691936
2.0159177978515626,3.2704794677734372,9.993397729492187,-0.0401026034236865,0.04063552838612752,0.01971822361031762
1.9728221679687499,3.23696064453125,9.928754284667969,-0.04250076575467108,0.03477335379927634,0.029577335415476424
1.9416975463867185,3.2154128295898436,9.945513696289062,-0.007061255752343471,0.020251148572758632,0.0010658499248820332
1.9584569580078124,3.2249896362304686,10.0748005859375,-0.03464012255866608,0.07047932628282445,0.011457886692481857
2.4061726684570313,3.2225954345703123,10.050858569335936,-0.022915773384963714,-0.029843797896696934,0.19904747347171972
1.9919757812499999,3.2704794677734372,9.842563024902343,-0.010791730489430587,0.024114854550456002,0.02997702913730719
2.1787235107421874,3.2225954345703123,9.943119494628906,-0.02851148549059439,-0.031042879062189218,0.02571362943777905
1.5921441040039062,3.1747114013671873,9.816226806640625,-0.006128637068071691,0.06848085767367064,0.09046401237436258
1.7980454467773437,3.2728736694335936,10.026916552734374,-0.028644716731204646,0.06928024511733216,0.10884992357857766
1.707065783691406,3.134009973144531,9.715670336914062,-0.044232771882604376,0.09019754989314206,0.17400000023699194
1.9512743530273435,3.0980969482421874,9.6151138671875,-0.01692036755750228,-0.001732006127933304,0.10711791745064435
2.090138049316406,3.287238879394531,9.804255798339844,0.009725880564548555,-0.006528330789902454,0.07740735079455767
2.1787235107421874,3.1364041748046874,9.878476049804688,-0.005462480865020421,0.06355130177109124,0.04223430327345057
2.152387292480469,3.2417490478515623,9.81862100830078,-0.05329249624410167,0.06674885154573734,0.07061255752343472
2.094926452636719,3.2537200561523436,9.861716638183593,-0.040502297145517265,0.015454823910789483,0.05942113331217336
2.104503259277344,3.1292215698242187,9.935936889648437,-0.07953905064432175,0.071811638688927,0.037171516130260915
2.1068974609374997,3.299209887695312,9.785102185058593,-0.0668820827863476,0.06301837680865022,0.041834609551619814
2.109291662597656,2.9951462768554684,9.746794958496093,-0.05275957128166065,0.008127105677225504,0.027312404325102103
2.176329309082031,2.9735984619140625,9.86411083984375,-0.03477335379927634,0.0029310872934255917,0.04596477801053769
2.2170307373046874,3.0621839233398433,9.86411083984375,-0.04250076575467108,0.031975497746460996,0.045032159326265905
2.185906115722656,2.932897033691406,9.72285294189453,-0.028245023009373885,0.02438131703167651,0.06381776425231174
2.109291662597656,3.303998291015625,9.670180505371093,-0.07953905064432175,0.021849923460081685,0.06914701387672191
2.138022082519531,3.1842882080078123,9.524134204101562,-0.08153751925347555,0.02464777951289702,0.046764165454199216
2.051830822753906,3.294421484375,9.689334118652344,-0.0656830016208553,-0.03450689131805583,0.027845329287543123
2.1595698974609374,3.19865341796875,9.847351428222655,-0.06941347635794241,-0.03130934154340973,0.03490658503988659
2.3439234252929686,3.0645781249999997,9.770736975097655,-0.05542419609386573,-0.054091883687763194,0.041434915829789046
2.152387292480469,3.1100679565429687,9.835380419921874,-0.027578866806322613,-0.07394333853869106,0.053558958725322174
2.4013842651367185,3.0502129150390624,9.804255798339844,-0.007061255752343471,-0.080205206847373,0.06381776425231174
1.9991583862304687,2.6048914062499997,9.212887988281249,-0.13762787155039255,-0.4993506898072326,-0.07447626350113207
2.1116858642578125,3.095702746582031,9.78031378173828,-0.14135834628747967,0.018119448722994567,-0.03543951000232761
2.1739351074218747,3.265691064453125,9.821015209960937,-0.05529096485325548,-0.04636447173236845,-0.009326186842717792
2.461239306640625,3.306392492675781,10.09395419921875,-0.058355283387291325,-0.06808116395183987,-0.0026646248122050836
2.2601263671875,3.287238879394531,10.17056865234375,-0.03877029101758396,-0.021849923460081685,-0.00985911180515881
2.4109610717773435,3.3016040893554686,10.139444030761718,-0.05502450237203497,0.06741500774878861,-0.020251148572758632
2.29843359375,3.1555577880859373,9.90241806640625,-0.061686064402547675,0.032774885190122525,-0.011724349173702367
2.1930887207031247,3.057395520019531,9.655815295410155,-0.08446860654690114,0.048895865303963275,0.007194486992953725
2.3127988037109373,3.071760729980469,9.909600671386718,-0.02904441045303541,-0.0750091884635731,-0.0058621745868511835
2.300827795410156,3.220201232910156,9.909600671386718,-0.06435068921475276,-0.05342572748471192,-0.011058192970651094
2.310404602050781,3.1292215698242187,9.962273107910155,-0.059287902071563106,-0.06008728951522463,-0.02744563556571236
2.480392919921875,3.0645781249999997,9.964667309570311,-0.03797090357392244,-0.01438897398590745,-0.044232771882604376
2.437297290039062,3.0597897216796874,10.053252770996092,-0.06648238906451683,-0.01372281778285618,0.0010658499248820332
2.3487118286132813,3.0597897216796874,9.868899243164062,-0.06022052075583488,0.014522205226517705,-0.02078407353519965
2.4588451049804685,3.076549133300781,9.737218151855469,-0.06235222060559895,0.01945176112909711,-0.025047473234727783
2.2840683837890623,3.0238766967773434,9.572018237304688,-0.07860643196004995,-0.007993874436615249,-0.0747427259823526
2.3965958618164063,3.143586779785156,9.65342109375,-0.08859877500581902,-0.0014655436467127959,-0.14775344583677189
2.4588451049804685,3.1747114013671873,9.840168823242188,-0.09792496184853682,0.00479632466196915,-0.022516079663132953
2.389413256835937,3.1316157714843746,9.777919580078125,-0.08033843808798326,-0.061686064402547675,-0.022116385941302188
2.3822306518554686,3.1172505615234374,9.643844287109374,-0.0866003063966652,-0.0464977029729787,-0.029843797896696934
2.437297290039062,3.1172505615234374,9.94072529296875,-0.12843491594828502,-0.04743032165725048,-0.02078407353519965
2.5522189697265625,2.808398547363281,10.199299072265624,-0.22276263430034499,0.06848085767367064,0.023581929588014985
2.5665841796874997,2.3439234252929686,9.847351428222655,-0.2482098012569035,-0.18519142444825326,-0.010125574286379316
2.138022082519531,3.028665100097656,9.950302099609374,-0.4179464017943673,-0.1674716694470895,-0.002797856052815337
2.4013842651367185,2.81558115234375,10.089165795898436,-0.3068315471254154,-0.24834303249751374,-0.12750229726401321
3.0047230834960934,2.8131869506835936,10.345345373535155,-0.5018820833788274,-0.3940980097251318,0.028911179212425153
3.2441432495117186,2.9496564453125,11.259930407714844,-0.7608836151251616,-0.5239984693201296,0.27911944907848246
3.754108203125,2.427720483398437,11.015721838378905,-0.6646906594045581,-0.48016539115935597,0.38876876010072164
3.229778039550781,2.1691467041015624,9.797073193359374,-0.8342940287014116,-0.9704563566050913,0.7867304758035508
2.530671154785156,2.1356278808593747,8.444349255371094,-0.8302970914831039,-1.1306003078186169,0.5425176117649549
3.5529952636718747,1.9895815795898437,9.042899670410156,-1.1368621761272988,-0.37531240479908595,0.6758820836158194
3.821145849609375,2.583343591308594,10.235212097167969,-0.8104456366321761,0.3230857584798663,0.40995252735775206
3.248931652832031,1.5705962890624998,9.907206469726562,-0.47896630999386375,0.705592650271906,0.017186830038722786
1.6831237670898436,0.948103857421875,9.131485131835937,-0.26966003099515445,0.9948376736367679,0.05968759579339387
2.31758720703125,0.4285620971679687,9.605537060546874,-0.1970490048625659,1.1075513031930428,-0.08100459429103453
2.123656872558594,1.1851298217773436,10.716446630859375,0.03943644722063524,0.978183768560486,-0.4175467080725365
2.645592834472656,0.842758984375,10.579977136230468,-0.112180704593834,0.4247411950654903,0.04383307816077362
3.1411925781249996,1.0462661254882812,11.058817468261719,-0.20624196046467347,0.8320290976110373,-0.08739969384032674
2.530671154785156,0.7110778930664062,10.678139404296875,-0.16787136316892026,1.0994241975158174,0.03983614094246599
2.8323405639648436,0.1292868896484375,11.209652172851563,-0.035705972483548114,1.4788667707738212,0.2693935685139339
1.6903063720703124,0.16998831787109375,10.012551342773437,0.09845788681097782,1.2731577352715888,0.3990275656277112
1.8459294799804686,0.40940848388671874,10.817003100585938,0.4264732011934236,1.8180735093675284,0.34826646295520436
0.8738836059570312,0.928950244140625,10.484209069824217,0.2628652377240315,1.3589586542245924,0.5418514555619037
0.9097966308593749,1.2785036865234374,10.532093103027343,-0.10152220534501366,1.4091868319346583,0.8786600318246262
1.149216796875,1.1420341918945311,10.338162768554687,-0.16294180726634083,1.4634119468630318,0.6521669227871941
-0.6105214233398437,1.419761584472656,9.801861596679688,-0.5041470144692017,0.8927825433293132,0.8504150088152523
-0.49320554199218747,1.2042834350585936,10.141838232421874,-0.6380444112825072,0.9583323137095582,0.734370598243721
0.7015010864257812,0.8068459594726562,10.881646545410156,-0.5722281784210417,1.1580459433843293,0.5363889746968833
-0.584185205078125,0.6248866333007812,11.192892761230468,-0.4539188367591359,1.0674486997693564,0.5573062794726932
-0.5123591552734374,0.6823474731445313,10.864887133789061,-0.40702144006432645,1.158978562068601,0.4757687602192176
-1.024718310546875,0.7900865478515624,10.726023437499999,-0.6120643193635077,1.1038208284559556,0.43433384438942857
-1.0079588989257813,0.7158662963867187,10.998962426757812,-0.6503016854186506,1.2915436464758039,0.35226340017351204
-1.608903515625,0.031124621582031248,10.47702646484375,-0.7221133241075776,1.0212174592775982,0.45605053660890005
-1.8124106567382812,0.2705447875976562,10.862492932128905,-0.7734073517425254,0.8344272599420218,0.6008728951522463
-0.5386953735351562,-0.3447650390625,11.820173596191406,-1.0523935695803976,1.662859114056582,1.0615865251825052
-2.5234885498046875,-0.5123591552734374,11.113884106445312,-0.9274226658879792,1.8364594205717433,0.8433537530629088
-3.296815686035156,0.009576806640625,10.280701928710936,-1.101422666124971,1.9660934176855207,0.7058591127531265
-3.995922570800781,-0.11252747802734374,9.49300958251953,-1.4239754996423966,1.4335681489663348,0.5764915781205697
-4.764461303710937,-1.2378022583007813,8.595183959960938,-1.8432542138428663,0.848683002687319,0.8946477806978568
-4.599261389160156,-1.905784521484375,8.21690009765625,-1.3351102621553568,0.5505114862015702,0.8432205218222986
-3.8043864379882812,-1.7836802368164062,8.501810095214843,-0.8560107209208829,1.2586355300450711,0.6360459426733533
-4.369418029785156,-1.7238251953125,8.145074047851562,-0.7574196028692949,1.0697136308597306,0.4142159270572802
-4.673481640625,-1.7717092285156248,7.44357296142578,-1.036272589466557,0.6597611035019786,0.3037672285913795
-5.1331683593749995,-2.4349030883789062,7.4411787597656245,-0.9651271069806812,0.5052128643940837,0.46910719818870494
-3.7517140014648436,-1.687912170410156,9.30147344970703,-0.9278223596098101,0.28684686103387724,0.5241317005607399
-7.48906279296875,-1.47482822265625,9.121908325195312,-0.7984548249772532,0.10685145496942385,0.01505513018895872
-8.02536396484375,-3.5960908935546874,8.152256652832031,-0.47390352285067405,0.43966309401383874,-0.17026952549990482
-2.858676782226562,-5.204994409179688,9.751583361816406,-0.5222664631921963,-0.09779173060792655,0.5667656975560212
-2.205059729003906,-1.4796166259765624,8.882488159179687,0.04263399699528134,0.1770643187710278,0.25367228212192394
-3.9624037475585934,0.8164227661132812,7.900865478515625,-0.21023889768298107,0.31402603411836905,-0.4002266467932035
-4.7381250854492185,-1.917755529785156,7.697358337402343,-0.9743200625827887,0.5995405827461437,-0.5746263407520262
-6.825868933105468,-4.292803576660156,7.410054138183593,-0.0668820827863476,0.3987611031464907,-0.25766921934023157
-5.796362219238281,-2.6815058593749996,8.10197841796875,0.29723889780147705,0.4388637065701772,0.11231393583444427
-5.576095666503906,-1.5131354492187499,9.026140258789061,0.1901209803508327,0.1500183769271462,0.023848392069235495
-5.363011718749999,-0.6775590698242188,9.105148913574219,0.12843491594828502,-0.08953139369009079,-0.26619601873928783
-6.818686328125,-1.0893617553710937,9.296685046386719,-0.544649311614719,0.45831546769927434,-0.5978085766182105
-8.365340600585936,-3.4668040039062498,6.624755993652343,-0.8855880563363594,0.5310597250724731,-0.6582955598552658
-6.660669018554687,-4.632780212402343,6.995857250976562,-0.5168039823271758,0.1546814703485051,-0.45844869893988455
-6.804321118164062,-3.948038537597656,7.314286071777343,-0.3121607967498255,-0.14748698335555135,-0.23408728975221654
-6.1459156616210935,-3.778050219726562,7.7596075805664055,-0.3962297095748959,-0.1962496174189044,-0.10072281790135215
-5.511452221679687,-3.835511059570312,8.06367119140625,-0.549845329998519,-0.2412817767451703,-0.08073813180981403
-5.149927770996094,-3.928884924316406,8.190563879394531,-0.5667656975560212,-0.05489127113142472,-0.0846018377875114
-5.662286926269531,-4.458003491210937,7.826645227050781,-0.43166921957722354,0.13309800936964392,-0.04729709041664023
-5.9400143188476555,-4.493916516113281,7.860164050292968,-0.1360290966630695,-0.19531699873463262,0.18958805538839169
-5.533000036621093,-4.129997863769531,7.845798840332031,-0.18345941832031998,-0.31242725923104603,0.23422052099282684
-5.073313317871094,-3.749319799804687,7.8362220336914055,-0.15774578888254095,-0.1345635530163567,0.09912404301402909
-5.396530541992187,-2.9448680419921875,7.505822204589843,-0.38410566667936274,0.13149923448232087,-0.04170137831100955
-5.286397265624999,-3.2824504760742186,7.64229169921875,-0.8803920379525595,0.022782542144353463,0.046098009251147945
-5.767631799316406,-3.4931402221679684,7.611167077636718,-1.000166923261178,-0.5804885153388775,0.1962496174189044
-4.879382983398437,-4.469974499511719,7.091625317382812,-0.9442098022048713,-0.18918836166656092,0.17173506914661762
-5.561730456542969,-4.352658618164062,7.448361364746093,-0.7967228188493198,-0.6936018386169831,0.39169984739414726
-5.434837768554687,-3.2441432495117186,7.206546997070312,-1.198415009289236,-1.1948177657927592,0.4986845336041813
-4.824316345214844,-4.486733911132812,7.316680273437499,-1.442627873327832,-1.0853016860111304,0.6328483928987073
-4.73094248046875,-4.8698061767578125,7.991845141601562,-1.0845022985674688,0.12403828500814663,0.19278560516303778
-5.5449710449218745,-3.679887951660156,7.625532287597656,-1.0185528344653931,-0.7935252690746738,0.8105788678727863
-5.276820458984375,-5.190629199218749,7.522581616210937,-1.2425145499312304,-0.6432404296663071,0.24581163892591892
-5.805939025878906,-5.336675500488281,8.128314636230469,-0.7612833088469922,-0.5113415014621555,0.7544885155758693
-5.647921716308593,-4.695029455566406,6.885723974609375,-0.5190689134175502,0.041168453348568536,0.40635528386127523
-5.442020373535156,-5.097255334472656,6.682216833496093,-0.42154364529084415,-0.28125114892824654,0.16454058215366388
-4.781220715332031,-5.533000036621093,6.976703637695312,-0.21556814730739124,-0.06421745797414251,0.06022052075583488
-4.544194750976562,-5.480327600097656,7.196970190429687,-0.03290811643073278,0.09366156214900867,-0.044898928085655654
-5.204994409179688,-4.766855505371093,7.175422375488281,-0.21516845358556047,0.0002664624812205083,-0.044232771882604376
-5.085284326171875,-4.800374328613281,7.184999182128906,-0.44472588115702844,-0.2675283311453904,0.03077641658096871
-3.861847277832031,-6.373364819335937,7.675810522460937,-0.1386937214752746,-0.353862175060835,0.12563705989546967
-4.881777185058594,-5.317521887207031,6.782773303222656,0.22156355313485268,0.9212940288199075,-0.6616263408705222
-5.284003063964843,-4.944026428222656,7.1395093505859375,0.22129709065363215,0.899977030322267,-0.6774808585031424
-4.879382983398437,-4.800374328613281,7.592013464355468,0.06128637068071692,0.5331914249222371,-0.2900444108085233
-4.958391638183594,-5.5641246582031245,7.113173132324218,0.05049464019128633,0.4720382854821305,-0.30843032201273834
-5.403713146972656,-5.652710119628906,7.297526660156249,-0.10938284854101867,0.11924196034617748,-0.200246554637212
-4.872200378417968,-5.928043310546875,7.467514978027343,-0.06794793271122962,-0.22236294057851422,-0.037837672333312186
-4.517858532714843,-5.604826086425781,7.541735229492187,0.1529494642205718,0.17253445659027913,0.027845329287543123
-5.154716174316406,-5.058948107910156,7.230489013671875,0.1291010721513363,0.06674885154573734,-0.0010658499248820332
-4.781220715332031,-4.867411975097656,7.331045483398437,-0.09392802463022919,0.08007197560676275,-0.021716692219471426
-4.836287353515624,-5.231330627441406,7.297526660156249,-0.03970290970185574,0.2976385915233078,-0.007993874436615249
-5.142745166015625,-5.111620544433594,7.096413720703125,0.01705359879811253,0.30056967881673335,-0.06808116395183987
-5.501875415039062,-5.161898779296875,7.070077502441406,-0.036638591167819895,-0.014122511504686942,-0.07420980101991156
-4.936843823242187,-5.398924743652343,7.091625317382812,-0.0433001531983326,-0.021983154700691936,-0.04436600312321464
-4.8698061767578125,-5.2816088623046875,7.003039855957031,-0.01185758041431262,0.08380245034384987,-0.0767411945915064
-5.3199160888671875,-5.286397265624999,6.845022546386718,-0.09286217470534716,0.05542419609386573,-0.06981317007977318
-5.090072729492187,-5.623979699707031,6.957550024414062,-0.057689127184240054,0.03037672285913795,-0.04743032165725048
-4.876988781738281,-5.4515971801757805,7.058106494140625,0.04263399699528134,0.07634150086967564,-0.07314395109502954
-4.965574243164062,-5.212177014160156,7.034164477539062,-0.12403828500814663,0.10751761117247512,-0.0026646248122050836
-5.200206005859375,-5.578489868164062,6.921636999511718,-0.13323124061025418,0.008926493120887028,0.03490658503988659
-4.673481640625,-5.444414575195312,7.151480358886718,-0.22689280275926285,-0.15121745809263848,0.17173506914661762
-5.087678527832031,-5.185840795898438,6.9719152343749995,-0.29364165430500017,-0.16587289455976642,0.20837366031443752
-5.044582897949218,-4.695029455566406,7.187393383789062,-0.49615314003258654,-0.6532327727120761,0.25886830050572385
-5.0757075195312495,-5.238513232421875,7.292738256835937,-0.8561439521614933,-0.9514042891978249,0.42500765754671077
-4.809951135253906,-5.702988354492187,6.687005236816406,-0.7552879030195309,-0.5062787143189658,0.1438897398590745
-5.45877978515625,-5.528211633300781,7.182604980468749,-0.5671653912778519,-0.30576569720053326,0.7113215936181471
-4.843469958496094,-5.480327600097656,7.196970190429687,-0.5350566622907807,-0.21703369095410402,0.6487029105313276
-5.2624552490234375,-5.2816088623046875,6.665457421875,-0.5301271063882013,-0.4372649316828542,0.6697534465477477
-5.293579870605469,-5.410895751953125,6.950367419433594,-0.31242725923104603,-0.07860643196004995,0.0009326186842717792
-4.647145422363281,-5.760449194335937,6.907271789550781,-0.14202450249053092,0.017986217482384312,-0.03970290970185574
-4.369418029785156,-5.092466931152344,6.871358764648437,-0.25100765730971886,0.10005666169830088,-0.10405359891660851
-5.506663818359375,-5.389347937011719,5.8226984375,-0.2700597247169852,0.08673353763727547,-0.4212771828096237
-4.716577270507813,-6.160280871582031,6.402095239257812,-0.2679280248672211,1.6410091905965005,-0.8020520684737301
-5.166687182617188,-6.244077929687499,6.174646081542968,-0.03543951000232761,1.8251347651198717,-0.7727411955394742
-5.7891796142578125,-6.4834980957031245,6.5026517089843745,0.16120980113840752,1.3175237383948033,-0.7790030638481561
-4.620809204101562,-6.6893994384765625,6.739677673339843,0.28684686103387724,1.190421134852621,-0.46630934213588954
-5.461173986816406,-6.694187841796874,5.928043310546875,0.329214395547938,0.6529663102308556,-0.3126937217122665
-5.899312890625,-6.5505357421875,5.908889697265625,0.3093629406970102,0.280451761484585,-0.22156355313485268
-2.8275521606445313,-8.473079675292968,6.660669018554687,1.33151301865888,-0.4373981629234644,0.02078407353519965
-3.816357446289062,-3.986345764160156,7.105990527343749,2.331546710679448,-0.25993415043060586,-0.07554211342601411
-5.691017346191406,-2.250549560546875,6.804321118164062,1.0883660045451664,-0.0932618684271779,-0.48376263465583286
-5.540182641601562,-3.0454245117187497,6.706158850097656,-1.110215928005248,0.33534303261600973,-0.721313936663916
-4.912901806640625,-7.752424975585937,6.260837341308593,-2.002998471334561,1.094627872853848,-0.6796125583529065
-5.7700260009765625,-9.9981861328125,5.549759448242187,-1.4921898948348464,1.0915635543198123,-0.48749310939292
-5.875370874023437,-9.421183532714844,5.908889697265625,-0.10445329263843926,0.30576569720053326,0.0191852986478766
-5.173869787597656,-7.156268762207031,5.849034655761718,0.6079341509045897,-0.09805819308914705,0.4729709041664023
-5.044582897949218,-5.607220288085937,5.693411547851563,0.8755957132905904,-0.11271362955627502,0.4786998475126432
-5.386953735351562,-4.608838195800781,5.465962390136719,0.5014823896569967,-0.17719755001163803,0.36465390555026567
-5.063736511230468,-4.668693237304687,5.865794067382812,-0.09712557440487528,-0.13816079651283356,0.22276263430034499
-4.934449621582031,-5.303156677246093,6.919242797851562,-0.006261868308681946,-0.10498621760088028,0.20624196046467347
-5.427655163574219,-5.403713146972656,6.430825659179687,0.039969372183076245,-0.012923430339194655,0.11750995421824417
-5.3390697021484375,-5.410895751953125,6.1818286865234375,-0.14189127124992068,-0.02438131703167651,0.16267534478512033
-5.516240625,-5.614402893066406,6.059724401855468,-0.4116845334856854,-0.08713323135910622,0.18639050561374557
-5.149927770996094,-5.846640454101562,6.581660363769531,-0.384771822882414,-0.010658499248820334,0.13549617170062847
-4.984727856445312,-5.652710119628906,5.734112976074218,-0.5938116393999028,0.07367687605747056,0.3194885149833895
-7.848193041992187,-6.030993981933594,5.4779333984375,-0.41408269581666995,0.1537488516642333,0.07714088831333717
-4.333505004882812,-5.719747766113281,8.415618835449218,-0.1421577337311412,-0.7466278723798644,0.1758652376055355
-3.2321722412109373,-6.694187841796874,8.001421948242188,0.04836294034152226,-1.1858912726718724,0.16640581952220743
-4.192247106933594,-6.955155822753905,7.790732202148437,1.7364027588734423,-0.9138330793457333,-0.6932021448951524
-3.4644098022460934,-6.847416748046874,7.029376074218749,3.6103001580566674,-1.223062788802133,-1.6990980115025713
-3.976768957519531,-3.6942531616210936,7.1586629638671875,3.7796370648723006,-0.9556676888973532,-2.774140891986712
-3.5913024902343746,-3.6391865234374996,7.398083129882812,3.3194563598044824,-1.124471670750545,-2.946941811058212
-3.8666356811523435,-3.4165257690429685,7.036558679199218,2.247744260335598,-0.4540520679997462,-1.8685681495588147
-3.2561142578125,-4.036623999023437,8.975862023925782,1.4682082715250009,0.18932159290717118,-1.121274120975899
-2.4779987182617185,-5.396530541992187,8.908824377441405,1.226127107336169,-0.5154716699210734,-0.9175635540828204
-3.1699229980468746,-2.817975354003906,9.018957653808593,1.0149555909689163,-0.6564303224867223,-0.8474839215218268
-2.291250988769531,-2.250549560546875,9.342174877929686,0.6313828492519945,0.1901209803508327,-0.754355284335259
-3.801992236328125,-2.7653029174804686,8.91840118408203,0.463378254842464,0.2113047476078631,-0.8047166932859351
-2.6910826660156246,-2.389413256835937,9.397241516113281,0.3610566620537888,0.13203215944476188,-0.7466278723798644
-1.7908628417968748,-2.269703173828125,9.888052856445311,-0.1994471671935505,0.1020551303074547,-0.45418529924035644
-2.01112939453125,-2.9640216552734375,9.9981861328125,-0.3309464016758713,-0.023581929588014985,-0.15561408903277688
-2.7078420776367187,-2.8706477905273435,9.813832604980469,-0.5585053606381855,-0.29337519182377964,0.10538591132271104
-2.0350714111328125,-3.162740393066406,9.95987890625,-0.7399663103493517,-0.48989127172390456,0.21730015343532455
-1.7118541870117185,-3.9791631591796874,9.923965881347655,-0.835093416145073,-0.4488560496159463,0.43539969431431064
-2.2194249389648437,-4.53940634765625,9.842563024902343,-0.5419846868025139,-0.35972434964768624,0.44792343093167447
-1.158793603515625,-3.9336733276367184,10.134655627441406,-0.5603705980067291,-0.5956768767684464,0.35852526848219396
-1.484405029296875,-4.070142822265625,9.94072529296875,-0.6569632474491632,-0.6163277190630357,0.35239663141412225
-1.5801730957031248,-4.369418029785156,9.734823950195311,-0.4913568153706174,-0.6296508431240612,0.20450995433674016
-1.209071838378906,-4.170699291992188,9.97184991455078,-0.2430137828731036,-0.4699065856323664,-0.14961868320531543
-1.4867992309570313,-3.9839515624999997,9.842563024902343,-0.4679081170232126,-0.7731408892613049,0.40968606487653153
-1.2378022583007813,-4.455609289550781,9.6151138671875,-0.4429938750290951,-0.82296937324954,0.5594379793224573
-0.63206923828125,-4.774038110351563,9.770736975097655,-0.13749464030978228,-0.65003522293743,0.5482465551111959
-0.19393033447265623,-3.4811692138671875,8.760383874511719,0.4755022977379971,-0.5864839211663389,0.5739601845489749
-1.4915876342773438,-3.840299462890625,9.504980590820312,0.25167381351277013,-0.9388805525804611,0.4179464017943673
-0.6392518432617187,-2.9735984619140625,9.368511096191405,-0.14015926512198737,-1.5671990832984197,-0.3702496176558963
0.24660277099609373,-3.593696691894531,9.433154541015625,-0.4500551307814386,-0.4039571215302906,0.09219601850229589
-0.6560112548828124,-4.304774584960938,9.629479077148437,-0.34506891318055827,0.05129402763494785,0.0334410413931738
-0.0909796630859375,-4.115632653808594,9.64623848876953,-0.3374747324657738,0.0031975497746461,0.16933690681563304
-0.373495458984375,-4.678270043945313,9.176974963378905,-0.16867075061258177,0.6481699855688865,0.1124471670750545
-0.5195417602539062,-4.405331054687499,9.572018237304688,-0.08966462493070106,0.7989877499396942,0.12084073523350053
-0.32082302246093747,-4.853046765136718,9.423577734375,-0.01438897398590745,0.863871364116888,-0.09872434929219834
-0.612915625,-4.939238024902344,9.78031378173828,0.044099540641994124,0.7903277193000278,0.04743032165725048
-1.4820108276367188,-4.489128112792969,9.485826977539062,0.08500153150934216,0.34866615667703516,0.07447626350113207
-1.5251064575195312,-4.074931225585937,9.236830004882812,-0.10645176124759308,-0.06341807053048099,0.1517503830550795
-0.8212111694335937,-4.218583325195312,9.320627062988281,-0.05502450237203497,0.4357993880361413,-0.010392036767599824
-1.1851298217773436,-4.149151477050781,9.603142858886718,-0.025047473234727783,0.3384073511500456,-0.018119448722994567
-1.2114660400390624,-4.474762902832031,9.4618849609375,-0.013323124061025418,0.4336676881863773,0.048229709100912004
-0.8283937744140625,-4.4196962646484375,9.526528405761718,0.041434915829789046,1.1147457901859967,0.11644410429336215
-1.9704279663085937,-4.374206433105469,9.588777648925781,0.2130367537357964,1.8584425752724352,-0.08593415019361393
-2.7150246826171873,-4.197035510253906,9.361328491210937,0.10725114869125461,0.7193154680547622,-0.08047166932859352
-1.8315642700195311,-4.07971962890625,9.1554271484375,0.15987748873230498,1.1419249632704884,-0.2295574275714679
-2.35589443359375,-4.453215087890625,9.442731347656249,0.16387442595061263,0.8771944881779135,-0.384771822882414
-3.478775012207031,-3.9169139160156248,8.95670841064453,0.09659264944243427,0.029177641693645662,-0.5337243498846782
-2.4444798950195312,-4.067748620605468,8.786720092773438,0.006528330789902454,0.12856814718889525,-0.5317258812755243
-2.3918074584960936,-4.824316345214844,9.117119921875,0.28071822396580554,0.7047932628282445,-0.5597044418036777
-2.6479870361328124,-4.216189123535156,9.165003955078124,0.33001378299159956,0.7472940285829156,-0.5880826960536619
-2.7365724975585937,-3.9647979492187497,9.205705383300781,0.06981317007977318,0.4348667693518696,-0.3558606436699889
-3.1675287963867187,-3.9695863525390624,9.052476477050782,-0.05915467083095285,-0.13736140906917205,-0.2147687598637297
-2.3535002319335936,-3.892971899414062,9.406818322753905,-0.05182695259738887,-0.1697366005374638,-0.08739969384032674
-2.2266075439453124,-4.170699291992188,9.392453112792968,-0.07860643196004995,0.031975497746460996,-0.05982082703400412
-2.6144682128906247,-4.3430818115234375,9.334992272949219,-0.017186830038722786,-0.2564701381747393,-0.03757120985209167
-2.3343466186523436,-4.216189123535156,9.41639512939453,-0.07820673823821919,-0.10445329263843926,0.05555742733447598
-2.4396914916992185,-4.472368701171875,9.473855969238281,-0.02624655440022007,0.013189892820415163,0.023049004625573973
-2.375048046875,-4.189852905273438,9.3852705078125,0.0058621745868511835,0.05209341507860938,0.2908437982521848
-2.6862942626953124,-4.115632653808594,9.33978067626953,-0.08593415019361393,-0.10378713643538799,0.14109188380625914
-2.5330653564453125,-4.182670300292968,9.200916979980468,-0.031975497746460996,-0.050894333913117096,0.17573200636492525
-2.288856787109375,-4.201823913574218,9.251195214843749,-0.037171516130260915,0.09379479338961894,0.08393568158446013
-2.463633508300781,-4.273649963378906,9.3086560546875,0.009992343045769061,0.0369050536490404,0.080205206847373
-2.6001030029296874,-4.091690637207031,9.176974963378905,-0.12164012267716205,-0.03130934154340973,0.14522205226517704
-2.4899697265625,-4.153939880371094,9.236830004882812,-0.10951607978162892,-0.09779173060792655,0.11897549786495697
-2.3247698120117186,-4.177881896972656,9.445125549316407,-0.14655436467127958,-0.0003996937218307625,0.2323552836242833
-2.5617957763671875,-4.065354418945312,9.45470235595703,-0.015454823910789483,0.03503981628049684,0.23102297121818072
-3.0741549316406247,-4.07971962890625,9.334992272949219,0.03757120985209167,-0.35559418118876834,0.20744104163016572
-2.8802245971679685,-4.125209460449218,9.117119921875,0.1325650844072029,-0.6560306287648915,0.012390505376753637
-1.915361328125,-3.2345664428710936,9.478644372558593,-0.1827932621172687,-0.49948392104784284,0.21969831576630913
-2.224213342285156,-3.564966271972656,9.481038574218749,-0.1724012253496689,-0.003863705977697371,0.1023215927886752
-2.2960393920898436,-4.113238452148437,9.208099584960937,-0.10165543658562393,-0.071811638688927,0.06035375199644513
-2.185906115722656,-4.04141240234375,9.387664709472656,-0.2717917308449185,0.06315160804926047,0.25846860678389305
-2.2026655273437497,-4.153939880371094,9.421183532714844,-0.3234854522016971,0.41781317055375705,0.439796325254449
-2.8203695556640622,-4.206612316894531,9.114725720214842,-0.2019785607651453,0.44192802510421303,0.1697366005374638
-2.3726538452148436,-4.11802685546875,9.509768994140625,-0.24661102636958046,0.3424042883683532,-0.011591117933092112
-2.7246014892578123,-4.5585599609375,9.236830004882812,-0.15774578888254095,0.10605206752576231,-0.022782542144353463
-2.806004345703125,-4.285620971679688,9.081206896972656,-0.028911179212425153,0.08300306290018834,-0.03450689131805583
-2.664746447753906,-4.115632653808594,9.179369165039063,-0.06821439519245012,0.12217304763960307,-0.02011791733214838
-2.77727392578125,-4.139574670410156,9.126696728515624,-0.08713323135910622,0.06341807053048099,-0.03890352225819422
-2.6527754394531247,-4.431667272949219,9.126696728515624,-0.07794027575699868,0.10098928038257265,0.05102756515372735
-2.437297290039062,-4.393360046386719,9.193734375,-0.050361408950676076,0.33307810152563544,0.027978560528153375
-2.839523168945312,-4.3239281982421875,9.129090930175781,0.04836294034152226,0.31495865280264085,0.037171516130260915
-3.086125939941406,-4.180276098632812,9.083601098632812,-0.07047932628282445,-0.03437366007744557,0.010258805526989571
-2.7581203125,-4.113238452148437,9.085995300292968,-0.062485451846209204,-0.00159877488732305,-0.01212404289553313
-2.760514514160156,-4.034229797363281,9.143456140136719,-0.053558958725322174,0.1057856050445418,0.01438897398590745
-3.0071172851562498,-4.161122485351562,9.1554271484375,-0.07234456365136802,0.023581929588014985,-0.01438897398590745
-2.683900061035156,-4.378994836425781,9.205705383300781,-0.050361408950676076,0.029177641693645662,-0.032241960227681506
-2.6695348510742187,-4.2305543334960936,9.167398156738281,-0.06834762643306039,0.14002603388137713,0.028111791768763626
-3.0310593017578125,-4.395754248046875,9.090783703613281,-0.06594946410207582,0.10911638605979816,0.05182695259738887
-3.153163586425781,-4.209006518554688,8.932766394042968,-0.04063552838612752,-0.03943644722063524,0.002398162330984575
-2.925714428710937,-4.2305543334960936,8.971073620605468,-0.050361408950676076,0.045165390566876164,0.0035972434964768626
-2.849099975585937,-4.127603662109375,8.947131604003905,-0.058488514627901576,0.035972434964768624,-0.00479632466196915
-2.9735984619140625,-4.182670300292968,9.13627353515625,-0.0654165391396348,0.05235987755982989,-0.02371516082862524
-2.8036101440429686,-4.173093493652344,9.100360510253905,-0.05249310880044014,0.022116385941302188,-0.024914241994117528
-2.7748797241210936,-4.189852905273438,9.234435803222656,-0.046098009251147945,0.08540122523117291,-0.009326186842717792
-2.868253588867187,-4.328716601562499,9.1554271484375,-0.028378254249984136,0.11271362955627502,-0.03890352225819422
-3.0047230834960934,-4.225765930175781,9.047688073730468,-0.05262634004105039,0.05395865244715294,-0.01985145485092787
-2.8371289672851563,-4.197035510253906,9.038111267089842,-0.03863705977697371,0.054491577409593955,-0.01532159267017923
-3.0406361083984375,-4.2305543334960936,8.975862023925782,-0.03930321598002497,0.025447166956558548,-0.000799387443661525
-2.806004345703125,-4.402936853027343,9.153032946777342,-0.05129402763494785,0.05022817771006582,0.026513016881440577
-2.863465185546875,-4.453215087890625,9.349357482910156,0.000799387443661525,-0.09459418083328046,0.06901378263611166
-2.6862942626953124,-4.534617944335937,9.176974963378905,0.03464012255866608,-0.11098162342834172,0.22755895896231412
-2.748543505859375,-4.053383410644531,9.686939916992188,-0.040502297145517265,-0.3589249622040247,0.3709157738589476
-2.844311572265625,-3.9312791259765625,9.433154541015625,0.09779173060792655,-0.4371317004422439,0.2554042882498572
-3.42849677734375,-3.6152445068359373,9.358934289550781,0.24261408915127283,0.20837366031443752,0.029444104174866172
-2.6599580444335937,-3.438073583984375,9.282319836425781,0.1763981625679765,0.18519142444825326,0.10005666169830088
-3.0550013183593747,-3.632003918457031,9.184157568359375,-0.017719755001163805,0.0514272588755581,0.0430336907171121
-2.9448680419921875,-3.928884924316406,9.13627353515625,-0.06128637068071692,-0.02398162330984575,-0.006528330789902454
-2.722207287597656,-3.921702319335937,9.296685046386719,-0.10978254226284943,-0.024781010753507273,-0.0075941807147844875
-2.96881005859375,-3.890577697753906,9.114725720214842,-0.24034915806089852,-0.01185758041431262,0.015188361429568975
-2.6312276245117188,-3.821145849609375,9.299079248046874,-0.525730475448063,-0.016520673835671518,0.11777641669946469
-2.7629087158203123,-4.129997863769531,8.91840118408203,-0.6036707512050616,-0.03757120985209167,0.1028545177511162
-3.208230224609375,-4.321533996582031,8.750807067871094,-0.15361562042362306,0.15641347647643838,0.02531393571594829
-3.3255461059570313,-4.163516687011718,8.872911352539061,-0.01212404289553313,0.21969831576630913,-0.14069219008442838
-2.592920397949219,-4.359841223144531,9.200916979980468,-0.16573966331915618,0.016120980113840753,-0.020650842294589397
-2.9975404785156248,-4.3239281982421875,9.13627353515625,0.02971056665608668,0.05169372135677862,-0.07460949474174233
-2.959233251953125,-4.07971962890625,9.095572106933593,0.054091883687763194,0.0511607963943376,-0.08646707515605495
-2.916137622070312,-3.9839515624999997,9.095572106933593,-0.0558238898156965,0.08326952538140886,-0.05555742733447598
-2.8898014038085935,-4.115632653808594,9.205705383300781,-0.0543583461689837,-0.002398162330984575,-0.03064318534035846
-2.7844565307617186,-4.101267443847656,9.246406811523437,-0.041434915829789046,0.07074578876404496,-0.04036906590490701
-2.8730419921875,-4.199429711914062,9.200916979980468,-0.03077641658096871,0.06515007665841428,-0.03850382853636345
-2.9448680419921875,-4.074931225585937,9.1554271484375,-0.03317457891195329,0.044765696845045395,-0.0063950995492922
-2.935291235351562,-4.168305090332031,9.014169250488282,-0.07714088831333717,0.07460949474174233,0.01985145485092787
-2.887407202148437,-4.309562988281249,9.124302526855468,-0.11298009203749554,0.11711026049641342,-0.0302434916185277
-3.086125939941406,-4.280832568359375,9.081206896972656,-0.0671485452675681,0.032241960227681506,-0.04369984692016337
-2.789244934082031,-4.2688615600585935,8.990227233886719,-0.026779479362661087,0.0764747321102859,-0.033307810152563545
-3.0789433349609374,-4.256890551757812,8.954314208984375,-0.023315467106794475,0.01052526800821008,-0.013189892820415163
-2.8754361938476563,-4.185064501953125,9.138667736816405,-0.016520673835671518,0.005995405827461438,-0.04316692195772235
-3.009511486816406,-4.153939880371094,9.074024291992187,-0.05182695259738887,-0.06395099549292199,-0.08966462493070106
-2.8203695556640622,-4.280832568359375,9.0788126953125,-0.07634150086967564,0.009059724361497283,-0.04729709041664023
-2.9376854370117185,-4.134786267089844,9.17458076171875,-0.06461715169597326,0.054091883687763194,-0.014655436467127957
-2.9975404785156248,-4.244919543457031,9.17458076171875,-0.07234456365136802,0.028644716731204646,-0.013856049023466432
-2.8802245971679685,-4.2305543334960936,9.018957653808593,-0.023848392069235495,0.07247779489197827,-0.010392036767599824
-2.959233251953125,-4.141968872070312,9.030928662109375,-0.04036906590490701,0.022915773384963714,-0.025447166956558548
-2.923320227050781,-4.211400720214844,9.016563452148437,-0.061686064402547675,0.005062787143189658,-0.03077641658096871
-2.825157958984375,-4.297591979980469,9.081206896972656,-0.040502297145517265,0.0430336907171121,-0.011058192970651094
-2.91134921875,-4.173093493652344,9.138667736816405,-0.0558238898156965,0.0074609494741742334,-0.031042879062189218
-2.8898014038085935,-4.204218115234375,9.14824454345703,-0.054225114928373445,0.015987748873230498,-0.016387442595061263
-2.896984008789062,-4.139574670410156,8.949525805664061,-0.04929555902579404,0.02131699849764067,-0.010125574286379316
-2.7940333374023436,-4.321533996582031,9.162609753417968,-0.07727411955394742,-0.0030643185340358454,0.02744563556571236
-2.798821740722656,-4.314351391601562,9.275137231445312,-0.09086370609619333,0.0011990811654922875,0.049029096544573526
-2.91134921875,-4.266467358398438,9.165003955078124,-0.06235222060559895,-0.004529862180748642,0.071811638688927
-2.710236279296875,-4.144363073730468,9.287108239746093,-0.0863338439154447,0.07540888218540386,0.041834609551619814
-2.7437551025390623,-4.240131140136718,9.212887988281249,-0.06701531402695785,0.04263399699528134,0.07967228188493199
-2.959233251953125,-4.529829541015625,9.018957653808593,-0.045298621807486415,-0.032774885190122525,0.07074578876404496
-3.0597897216796874,-4.240131140136718,8.724470849609375,0.025047473234727783,-0.05542419609386573,0.023581929588014985
-2.7820623291015623,-4.240131140136718,9.205705383300781,-0.06967993883916293,-0.11138131715017249,0.1377611027910028
-2.81558115234375,-4.132392065429687,8.927977990722656,0.03583920372415837,-0.1215068914365518,0.09539356827694198
-2.8131869506835936,-4.151545678710937,9.267954626464844,-0.01572128639200999,-0.0866003063966652,0.13962634015954636
-2.5953145996093747,-4.161122485351562,9.421183532714844,-0.0033307810152563544,-0.21077182264542207,0.16813782565014074
-3.3327287109375,-3.749319799804687,9.26316622314453,0.19491730501280186,0.11124808590956223,-0.04063552838612752
-2.9472622436523435,-3.873818286132812,8.968679418945312,0.19851454850927872,0.041967840792230066,-0.02118376725703041
-2.844311572265625,-3.976768957519531,9.251195214843749,0.10765084241308535,0.026513016881440577,-0.07900612568188072
-2.81558115234375,-3.873818286132812,9.270348828125,-0.05862174586851183,0.019318529888486854,-0.02371516082862524
-2.3965958618164063,-3.892971899414062,9.459490759277344,-0.3401393572779789,0.014921898948348467,0.11750995421824417
-2.530671154785156,-3.948038537597656,9.440337145996093,-0.5875497710912209,-0.012523736617363892,0.19052067407266346
-2.935291235351562,-4.132392065429687,8.985438830566405,-0.5216003069891451,0.02997702913730719,0.16200918858206906
-3.1651345947265623,-4.764461303710937,8.219294299316406,-0.18465849948581226,0.44992189954082834,-0.0013323124061025418
-2.7916391357421872,-4.122815258789062,9.270348828125,-0.2723246558073595,0.27392343069468256,0.11431240444359807
-2.9640216552734375,-4.290409374999999,9.050082275390624,-0.19664931114073517,0.1345635530163567,-0.02851148549059439
-2.887407202148437,-4.295197778320312,9.030928662109375,-0.0834027566220191,0.11138131715017249,-0.07887289444127048
-3.095702746582031,-4.256890551757812,8.916006982421875,-0.061952526883768184,0.07301071985441929,-0.08433537530629089
-3.227383837890625,-4.568136767578125,9.076418493652342,0.01185758041431262,0.07900612568188072,-0.1394931089189361
-3.181894006347656,-4.367023828124999,8.86094034423828,0.005062787143189658,0.0514272588755581,-0.08793261880276775
-3.114856359863281,-4.474762902832031,8.916006982421875,-0.008793261880276773,0.061686064402547675,-0.07714088831333717
-2.8754361938476563,-4.278438366699218,9.038111267089842,-0.04743032165725048,0.10325421147294697,-0.006261868308681946
-3.0214824951171875,-4.242525341796875,8.99501563720703,0.0021316998497640663,0.17839663117713034,-0.059021439590342596
-3.227383837890625,-4.290409374999999,8.892064965820312,-0.03530627876171736,0.02078407353519965,-0.04849617158213252
-3.0909143432617188,-4.218583325195312,8.963891015625,-0.041834609551619814,0.011324655451871604,-0.049828483988235056
-2.877830395507812,-4.244919543457031,9.028534460449219,-0.027578866806322613,0.11138131715017249,-0.022915773384963714
-3.1268273681640624,-4.359841223144531,9.107543115234375,-0.06741500774878861,0.12497090369241841,-0.02464777951289702
-3.23696064453125,-4.44363828125,9.052476477050782,-0.06528330789902453,-0.013056661579804908,-0.0063950995492922
-3.019088293457031,-4.3430818115234375,9.011775048828124,-0.026646248122050836,0.022915773384963714,0.0039969372183076245
-2.901772412109375,-4.216189123535156,9.006986645507812,-0.01532159267017923,0.08580091895300368,0.005995405827461438
-3.2345664428710936,-4.283226770019531,8.975862023925782,-0.05555742733447598,0.054491577409593955,-0.0005329249624410166
-3.1387983764648437,-4.355052819824219,8.74601866455078,-0.017986217482384312,-0.012523736617363892,-0.010258805526989571
-2.9448680419921875,-4.242525341796875,8.98304462890625,-0.013856049023466432,0.07234456365136802,0.0014655436467127959
-3.1507693847656246,-4.261678955078125,8.975862023925782,-0.049961715228845315,-0.005196018383799912,-0.026646248122050836
-2.9544448486328125,-4.340687609863281,9.018957653808593,-0.03410719759622506,0.02131699849764067,-0.033041347671343035
-3.0047230834960934,-4.280832568359375,9.066841687011719,-0.01971822361031762,0.06368453301170149,-0.023315467106794475
-3.0909143432617188,-4.242525341796875,9.07163009033203,-0.027978560528153375,0.061952526883768184,0.0006661562030512709
-3.114856359863281,-4.256890551757812,8.99501563720703,-0.06235222060559895,0.0191852986478766,0.0005329249624410166
-2.9496564453125,-4.434061474609375,8.889670764160156,-0.035173047521107094,0.06181929564315793,0.005196018383799912
-3.071760729980469,-4.228160131835938,8.875305554199219,-0.03863705977697371,0.07234456365136802,0.004396630940138387
-3.057395520019531,-4.321533996582031,8.973467822265624,-0.02531393571594829,0.2142358349012887,-0.016254211354451008
-3.239354846191406,-4.335899206542969,9.03332286376953,-0.032375191468291764,0.14428943358090526,0.011724349173702367
-3.1028853515624997,-4.388571643066406,8.947131604003905,-0.013323124061025418,0.16773813192830997,0.0
-3.277662072753906,-4.187458703613281,8.84178673095703,-0.07767381327577817,0.05649004601874777,0.021583460978861175
-3.1962592163085937,-4.218583325195312,9.004592443847656,-0.06861408891428089,0.15814548260437167,0.0433001531983326
-3.066972326660156,-4.216189123535156,8.90643017578125,-0.041434915829789046,0.21090505388603234,0.11537825436848011
-3.392583752441406,-4.247313745117188,9.303867651367186,0.029310872934255914,0.2980382852451386,0.23501990843648835
-3.517082238769531,-4.086902233886718,9.212887988281249,0.16400765719122287,0.08380245034384987,0.10618529876637257
-3.318363500976562,-4.0222587890625,8.762778076171875,0.026779479362661087,0.000799387443661525,0.13789433403161305
-3.612850305175781,-4.015076184082031,8.726865051269531,-0.03797090357392244,-0.0401026034236865,0.15921133252925374
-3.284844677734375,-4.331110803222656,9.064447485351561,0.0058621745868511835,-0.0747427259823526,0.11484532940603909
-3.1459809814453124,-4.297591979980469,9.0788126953125,0.10924961730040841,-0.1692036755750228,0.09939050549524961
-3.327940307617187,-4.024652990722656,9.095572106933593,0.0543583461689837,-0.232222052383673,0.15934456376986397
-3.1459809814453124,-4.04141240234375,9.342174877929686,0.01572128639200999,-0.14322358365602322,0.17040275674051508
-3.0502129150390624,-4.072537023925781,9.236830004882812,0.0671485452675681,-0.38970137878499345,0.3092297094563999
-3.833116857910156,-3.2225954345703123,8.839392529296875,0.4870934156710892,0.26046707539304687,0.016787136316892024
-3.8690298828125,-3.294421484375,8.59278975830078,0.28791271095875925,0.02624655440022007,-0.06554977038024505
-3.1387983764648437,-3.3782185424804685,9.169792358398437,-0.016653905076281773,0.0057289433462409285,-0.08073813180981403
-3.201047619628906,-3.746925598144531,9.150638745117186,-0.1822603371548277,-0.04596477801053769,-0.005995405827461438
-2.990357873535156,-3.6008792968749996,9.557653027343749,-0.4848284845807149,-0.10951607978162892,0.21610107226983225
-3.2249896362304686,-4.027047192382812,9.289502441406249,-0.7806018387354792,-0.12137366019594154,0.12896784091072602
-3.057395520019531,-4.575319372558593,9.143456140136719,-0.6095329257919128,-0.1008560491419624,0.16214241982267932
-3.469198205566406,-4.388571643066406,8.777143286132812,-0.3092297094563999,0.045298621807486415,0.16813782565014074
-3.670311145019531,-3.5697546752929687,8.82263311767578,-0.0009326186842717792,0.37731087340823977,0.027712098046932865
-3.227383837890625,-3.9815573608398434,9.095572106933593,-0.20850689155504776,0.16933690681563304,-0.016653905076281773
-3.1794998046874996,-4.299986181640625,8.904035974121093,-0.026779479362661087,0.19545022997524286,-0.08766615632154724
-3.584119885253906,-4.1754876953124995,8.86094034423828,0.005329249624410167,0.1421577337311412,-0.03290811643073278
-3.5960908935546874,-3.928884924316406,8.916006982421875,-0.05129402763494785,-0.0018652373685435584,-0.06128637068071692
-3.380612744140625,-4.240131140136718,8.853757739257812,-0.07620826962906538,-0.037171516130260915,-0.05182695259738887
-3.227383837890625,-4.235342736816406,8.865728747558594,-0.07634150086967564,0.1493522207240949,0.004263399699528133
-3.4811692138671875,-4.331110803222656,8.927977990722656,-0.0656830016208553,0.057689127184240054,0.1259035223766902
-3.4955344238281247,-4.216189123535156,8.875305554199219,-0.02971056665608668,0.0005329249624410166,0.062218989364988694
-3.347093920898437,-4.106055847167968,8.805873706054687,-0.018652373685435583,0.10485298636027003,0.02105053601642016
-3.4572271972656248,-4.096479040527344,8.851363537597656,-0.03170903526524049,0.020650842294589397,-0.04916232778518379
-3.3686417358398435,-4.11802685546875,8.980650427246093,-0.02717917308449185,-0.02717917308449185,-0.03464012255866608
-3.421314172363281,-4.086902233886718,8.975862023925782,-0.013323124061025418,0.030909647821578966,-0.041834609551619814
-3.5146880371093747,-4.048595007324218,8.916006982421875,-0.04929555902579404,0.0575558959436298,-0.07154517620770649
-3.574543078613281,-4.127603662109375,8.865728747558594,-0.07327718233563979,0.02145022973825092,-0.09605972447999325
-3.303998291015625,-4.163516687011718,8.853757739257812,-0.027312404325102103,0.06781470147061937,-0.09046401237436258
-3.4811692138671875,-4.292803576660156,8.834604125976561,-0.04210107203284032,0.03543951000232761,-0.08553445647178318
-3.394977954101562,-4.378994836425781,8.930372192382812,-0.03464012255866608,0.013323124061025418,-0.014788667707738212
-3.303998291015625,-4.2305543334960936,8.89924757080078,-0.016787136316892024,0.04783001537908124,-0.0868667688778857
-3.375824340820312,-4.1754876953124995,8.916006982421875,-0.021716692219471426,0.09046401237436258,-0.07460949474174233
-3.361459130859375,-4.103661645507812,8.93755479736328,-0.03130934154340973,0.050094946469455566,-0.027578866806322613
-3.347093920898437,-4.225765930175781,8.930372192382812,-0.03930321598002497,0.036238897445989134,0.0063950995492922
-3.3255461059570313,-4.204218115234375,8.875305554199219,-0.0369050536490404,0.09872434929219834,-0.040901990867348026
-3.450044592285156,-4.216189123535156,8.79150849609375,-0.04916232778518379,0.11631087305275188,-0.04543185304809667
-3.423708374023437,-4.220977526855468,8.839392529296875,-0.032774885190122525,0.04170137831100955,-0.03064318534035846
-3.2824504760742186,-4.091690637207031,8.8872765625,-0.02971056665608668,0.11298009203749554,-0.014921898948348467
-3.5027170288085934,-4.122815258789062,8.832209924316405,-0.06594946410207582,0.08846554376520875,-0.015588055151399738
-3.265691064453125,-4.386177441406249,8.884882360839843,-0.04743032165725048,0.07407656977930133,0.0003996937218307625
-3.4835634155273434,-4.144363073730468,8.89924757080078,-0.037304747370871166,0.08753292508093698,-0.0037304747370871167
-3.5386300537109374,-4.201823913574218,8.82263311767578,-0.05728943346240929,0.03384073511500456,-0.016653905076281773
-3.3399113159179685,-4.218583325195312,8.834604125976561,-0.055690658575086247,0.025047473234727783,-0.004663093421358896
-3.4739866088867184,-4.2305543334960936,8.719682446289061,-0.027845329287543123,0.09232924974290613,-0.017852986241774057
-3.6679169433593746,-4.290409374999999,8.796296899414061,-0.06754823898939886,0.026113323159609816,-0.04596477801053769
-3.4763808105468748,-4.228160131835938,8.798691101074219,-0.06181929564315793,-0.04396630940138387,-0.05502450237203497
-3.3686417358398435,-4.244919543457031,8.971073620605468,-0.06275191432742971,0.029577335415476424,0.049695252747624805
-3.526659045410156,-4.278438366699218,8.86094034423828,-0.023581929588014985,0.05222664631921963,0.025447166956558548
-3.5003228271484375,-4.3071687866210935,8.75320126953125,-0.11950842282739799,-0.0009326186842717792,0.224894334150109
-3.4356793823242184,-4.091690637207031,8.734047656249999,-0.12057427275228003,-0.0029310872934255917,0.23675191456442166
-3.289633081054687,-4.477157104492187,8.82981572265625,-0.09033078113375233,-0.36745176160308096,0.36532006175331694
-3.342305517578125,-4.673481640625,9.162609753417968,-0.026646248122050836,-0.6177932627097485,0.1769310875304175
-2.913743420410156,-4.668693237304687,8.870517150878905,0.1308330782792696,-0.11178101087200323,-0.017719755001163805
-3.3877953491210935,-2.3870190551757813,7.388506323242187,1.0523935695803976,0.3229525272392561,-0.053026033762881154
-3.909731311035156,-3.744531396484375,8.432378247070313,0.47763399758776115,0.14975191444592567,-0.3785099545737321
-3.181894006347656,-3.5027170288085934,9.10993731689453,0.05102756515372735,0.054091883687763194,-0.24754364505385223
-2.990357873535156,-3.871424084472656,9.085995300292968,-0.1394931089189361,0.06874732015489114,-0.21330321621701692
-3.2537200561523436,-3.9312791259765625,9.241618408203124,-0.3092297094563999,-0.03450689131805583,-0.09526033703633173
-2.8012159423828122,-3.88818349609375,9.469067565917967,-0.6936018386169831,0.04369984692016337,0.012257274136143382
-3.318363500976562,-4.472368701171875,8.980650427246093,-0.6447059733130198,0.14015926512198737,0.10471975511965978
-3.5410242553710933,-4.486733911132812,8.801085302734375,-0.26353139392708275,0.15867840756681273,0.08033843808798326
-3.883395092773437,-4.503493322753906,8.645462194824217,-0.04769678413847099,0.3473338442709326,0.07154517620770649
-3.375824340820312,-4.290409374999999,8.781931689453124,-0.03983614094246599,0.15481470158911534,0.06754823898939886
-3.5793314819335937,-4.218583325195312,8.67658681640625,0.02598009191899956,0.11071516094712121,0.06408422673353224
-3.5338416503906247,-4.204218115234375,8.748412866210938,-0.049029096544573526,-0.07327718233563979,0.032508422708902016
-3.399766357421875,-4.225765930175781,8.825027319335938,-0.0029310872934255917,-0.05102756515372735,-0.0383705972957532
-3.4548329956054684,-4.1754876953124995,8.91840118408203,-0.023182235866184224,-0.005995405827461438,-0.05622358353752725
-3.5098996337890624,-4.211400720214844,8.966285217285156,-0.036238897445989134,-0.032375191468291764,-0.06275191432742971
-3.2537200561523436,-4.13718046875,8.88009395751953,0.0127901990985844,0.032108728987071254,-0.0610199081994964
-3.347093920898437,-4.101267443847656,8.947131604003905,-0.016787136316892024,0.05475803989081446,-0.071811638688927
-3.4261025756835934,-4.151545678710937,8.8489693359375,-0.014788667707738212,0.020917304775809907,-0.05595712105630675
-3.3782185424804685,-4.170699291992188,8.846575134277343,-0.056090352296917,0.018252679963604822,-0.04729709041664023
-3.3782185424804685,-4.2688615600585935,8.817844714355468,-0.03890352225819422,0.005062787143189658,-0.04809647786030175
-3.421314172363281,-4.290409374999999,8.954314208984375,-0.010392036767599824,-0.03437366007744557,-0.03757120985209167
-3.308786694335937,-4.218583325195312,9.026140258789061,-0.022516079663132953,-0.004263399699528133,-0.06674885154573734
-3.294421484375,-4.163516687011718,8.959102612304687,-0.04210107203284032,0.0057289433462409285,-0.03490658503988659
-3.3255461059570313,-4.264073156738281,8.930372192382812,-0.036505359927209644,-0.0029310872934255917,-0.01705359879811253
-3.2321722412109373,-4.170699291992188,9.011775048828124,-0.01692036755750228,0.0415681470703993,-0.004396630940138387
-3.4093431640625,-4.151545678710937,8.875305554199219,-0.04569831552931718,0.0383705972957532,-0.011191424211261349
-3.2058360229492187,-4.170699291992188,8.913612780761719,-0.04449923436382489,0.03770444109270193,-0.01851914244482533
-3.380612744140625,-4.182670300292968,8.8489693359375,-0.044099540641994124,0.03583920372415837,-0.032508422708902016
-3.3255461059570313,-4.211400720214844,8.765172277832031,-0.029577335415476424,0.07234456365136802,-0.036105666205378875
-3.3686417358398435,-4.309562988281249,8.932766394042968,-0.030909647821578966,0.031975497746460996,-0.013989280264076687
-3.210624426269531,-4.216189123535156,9.026140258789061,-0.05808882090607082,0.03450689131805583,-0.0127901990985844
-3.39018955078125,-4.2497079467773435,8.942343200683593,-0.05862174586851183,0.04223430327345057,0.008260336917835759
-3.35188232421875,-4.223371728515625,8.932766394042968,-0.041434915829789046,0.04703062793541972,0.0058621745868511835
-3.373430139160156,-4.048595007324218,8.978256225585938,-0.044898928085655654,0.01971822361031762,0.012923430339194655
-3.308786694335937,-4.101267443847656,8.884882360839843,-0.0543583461689837,0.048229709100912004,-0.02438131703167651
-3.3255461059570313,-4.197035510253906,8.8872765625,-0.03424042883683532,0.03823736605514295,-0.022382848422522698
-3.296815686035156,-4.235342736816406,8.966285217285156,-0.022649310903743208,0.03264165394951227,-0.02011791733214838
-3.303998291015625,-4.316745593261719,8.975862023925782,-0.028644716731204646,0.11044869846590069,-0.01212404289553313
-3.4835634155273434,-4.259284753417968,8.939948999023438,-0.027712098046932865,0.08726646259971647,0.0011990811654922875
-3.414131567382812,-4.106055847167968,8.827421520996094,-0.04596477801053769,0.021983154700691936,-0.00013323124061025415
-3.3351229125976563,-4.122815258789062,8.743624462890624,-0.058355283387291325,0.013323124061025418,-0.011591117933092112
-3.3207577026367185,-4.199429711914062,8.930372192382812,0.00985911180515881,0.013056661579804908,-0.03317457891195329
-3.287238879394531,-4.2329485351562495,8.920795385742187,0.04836294034152226,0.019984686091538122,-0.029444104174866172
-3.3686417358398435,-4.144363073730468,8.9255837890625,0.10032312417952138,0.0037304747370871167,-0.04436600312321464
-3.430890979003906,-4.383783239746093,9.244012609863281,0.11178101087200323,-0.08220367545652682,-0.08326952538140886
-3.038241906738281,-4.410119458007812,9.303867651367186,0.05475803989081446,-0.4850949470619354,-0.010125574286379316
-3.258508459472656,-5.506663818359375,6.998251452636718,0.8469509965593857,0.37824349209251157,-0.09552679951755223
-4.048595007324218,-4.161122485351562,8.494627490234375,0.34666768806788134,0.20504287929918116,-0.05982082703400412
-4.199429711914062,-3.6487633300781246,8.21690009765625,0.5467810114644831,0.1444226648215155,-0.280984686447026
-2.463633508300781,-3.469198205566406,9.543287817382812,-0.09632618696121377,0.26979326223576466,-0.06941347635794241
-3.0166940917968748,-3.9240965209960934,9.387664709472656,-0.09499387455511121,0.06941347635794241,-0.08819908128398825
-2.887407202148437,-3.651157531738281,9.727641345214844,-0.2773874429505492,0.05622358353752725,0.06301837680865022
-3.071760729980469,-3.766079211425781,9.576806640625,-0.6407090360947123,0.007061255752343471,0.19411791756914032
-2.971204260253906,-4.292803576660156,9.267954626464844,-0.8095130179479043,0.03317457891195329,0.12577029113607993
-3.517082238769531,-4.352658618164062,8.659827404785156,-0.4154150082227725,0.07967228188493199,0.031975497746460996
-3.5601778686523438,-4.218583325195312,8.410830432128906,-0.09712557440487528,0.1737335377557714,0.04596477801053769
-3.5314474487304683,-4.067748620605468,8.633491186523438,-0.010392036767599824,0.3229525272392561,-0.0013323124061025418
-3.380612744140625,-4.50109912109375,8.832209924316405,-0.08793261880276775,0.09232924974290613,-0.012923430339194655
-3.423708374023437,-4.388571643066406,8.832209924316405,0.0433001531983326,0.1267029098203517,-0.02691271060327134
-3.5003228271484375,-4.005499377441406,8.927977990722656,0.011324655451871604,0.041434915829789046,-0.004130168458917879
-3.3351229125976563,-4.034229797363281,9.038111267089842,-0.01345635530163567,0.10964931102223918,-0.0058621745868511835
-3.6104561035156246,-4.060566015625,8.920795385742187,-0.04783001537908124,0.06435068921475276,-0.008526799399056265
-3.447650390625,-4.151545678710937,8.760383874511719,-0.05702297098118878,0.022382848422522698,-0.02105053601642016
-3.4356793823242184,-4.204218115234375,8.839392529296875,-0.053026033762881154,0.013856049023466432,-0.021583460978861175
-3.5889082885742187,-4.273649963378906,8.947131604003905,-0.06155283316193742,0.0033307810152563544,-0.022516079663132953
-3.3877953491210935,-4.340687609863281,8.875305554199219,-0.023581929588014985,0.037304747370871166,-0.01985145485092787
-3.5146880371093747,-4.177881896972656,8.813056311035156,-0.05688973974057853,0.016254211354451008,-0.018119448722994567
-3.385401147460937,-4.1754876953124995,8.846575134277343,-0.04596477801053769,-0.016520673835671518,-0.012390505376753637
-3.4069489624023435,-4.13718046875,8.834604125976561,-0.028245023009373885,0.031042879062189218,-0.023448698347404734
-3.4955344238281247,-4.089296435546875,8.80347950439453,-0.06315160804926047,-0.024114854550456002,-0.03290811643073278
-3.3446997192382812,-4.218583325195312,8.949525805664061,-0.05182695259738887,-0.021583460978861175,-0.020384379813368887
-3.4428619873046875,-4.206612316894531,8.942343200683593,-0.049562021507014546,-0.022382848422522698,-0.022382848422522698
-3.23696064453125,-4.328716601562499,8.91840118408203,-0.044632465604435144,0.012656967857974145,-0.014255742745297196
-3.438073583984375,-4.139574670410156,8.834604125976561,-0.019984686091538122,0.02717917308449185,-0.001732006127933304
-3.4644098022460934,-4.122815258789062,8.870517150878905,-0.06008728951522463,-0.0021316998497640663,-0.007194486992953725
-3.3159692993164063,-4.261678955078125,8.908824377441405,-0.0127901990985844,0.044765696845045395,-0.0074609494741742334
-3.421314172363281,-4.180276098632812,8.927977990722656,-0.04836294034152226,0.055690658575086247,-0.0019984686091538122
-3.447650390625,-4.127603662109375,8.911218579101561,-0.07141194496709623,0.03823736605514295,0.0035972434964768626
-3.3973721557617185,-4.197035510253906,8.923189587402343,-0.03410719759622506,0.018652373685435583,-0.0073277182335639785
-3.402160559082031,-4.2329485351562495,8.884882360839843,-0.035972434964768624,0.03077641658096871,-0.009326186842717792
-3.42849677734375,-4.218583325195312,8.882488159179687,-0.046764165454199216,0.03903675349880447,-0.0037304747370871167
-3.418919970703125,-4.13718046875,8.954314208984375,-0.044765696845045395,0.016387442595061263,0.006661562030512709
-3.318363500976562,-4.050989208984375,9.009380847167968,-0.06035375199644513,0.033307810152563545,-0.0031975497746461
-3.31357509765625,-4.122815258789062,8.961496813964843,-0.045565084288706925,0.06062021447766565,-0.0029310872934255917
-3.414131567382812,-4.165910888671875,8.889670764160156,-0.049428790266404295,0.04729709041664023,0.0013323124061025418
-3.4452561889648434,-4.225765930175781,8.82263311767578,-0.06181929564315793,0.03850382853636345,-0.005196018383799912
-3.3207577026367185,-4.3430818115234375,8.810662109374999,-0.05662327725935802,0.01185758041431262,-0.00479632466196915
-3.2513258544921873,-4.144363073730468,8.834604125976561,-0.04023583466429676,0.023581929588014985,-0.008393568158446012
-3.3494881225585935,-4.101267443847656,8.990227233886719,-0.040502297145517265,0.037171516130260915,-0.000799387443661525
-3.4069489624023435,-4.086902233886718,8.98304462890625,-0.049961715228845315,0.013323124061025418,-0.005062787143189658
-3.248931652832031,-4.11802685546875,8.774749084472656,-0.031575804024630234,0.04369984692016337,-0.022249617181912446
-3.399766357421875,-4.146757275390625,8.79150849609375,-0.011457886692481857,0.049961715228845315,-0.07034609504221419
-3.392583752441406,-4.182670300292968,8.932766394042968,-0.027845329287543123,0.06794793271122962,-0.06728177650817835
-3.42849677734375,-4.369418029785156,8.94473740234375,0.03877029101758396,0.14815313955860265,-0.08553445647178318
-3.3686417358398435,-4.192247106933594,8.99501563720703,-0.0035972434964768626,-0.015454823910789483,-0.036505359927209644
-3.555389465332031,-4.3622354248046875,8.86812294921875,0.05822205214668107,-0.09059724361497283,-0.09499387455511121
-3.1651345947265623,-4.7022120605468745,8.781931689453124,0.03930321598002497,-0.2095727414799298,-0.06528330789902453
-3.5290532470703124,-5.413289953613281,7.572859851074218,0.9013093427283694,0.28284992381556956,0.05102756515372735
-4.177881896972656,-4.220977526855468,8.525752111816406,0.5342572748471192,0.14775344583677189,-0.10445329263843926
-3.5721488769531247,-3.4644098022460934,8.930372192382812,0.5254640129668424,-0.020251148572758632,-0.12417151624875687
-2.683900061035156,-3.3638533325195312,9.399635717773437,0.09725880564548554,0.1520168455363,-0.112180704593834
-3.229778039550781,-3.801992236328125,9.363722692871093,-0.022249617181912446,0.011591117933092112,-0.054225114928373445
-3.0980969482421874,-3.660734338378906,9.428366137695312,-0.28404900498106184,0.029577335415476424,0.05649004601874777
-2.9376854370117185,-3.718195178222656,9.80665,-0.6658897405700503,0.004263399699528133,0.15228330801752052
-2.9089550170898435,-4.072537023925781,9.643844287109374,-0.9073047485558309,-0.027312404325102103,0.2928422668613387
-3.833116857910156,-4.311957189941406,8.63109698486328,-0.45458499296218724,0.0764747321102859,0.12363859128631587
-3.6655227416992187,-3.782838623046875,8.130708837890625,-0.04316692195772235,0.24541194520408816,0.07194486992953725
-3.5817256835937497,-3.746925598144531,8.532934716796875,-0.11258039831566477,0.16720520696586896,-0.080205206847373
-3.5386300537109374,-4.2137949218749995,8.458714465332031,-0.11897549786495697,0.0075941807147844875,-0.08513476274995241
-3.4644098022460934,-4.450820886230469,8.932766394042968,-0.0720781011701475,-0.02078407353519965,-0.08033843808798326
-3.5218706420898434,-4.407725256347656,8.90643017578125,0.036372128686599385,-0.09206278726168562,-0.09232924974290613
-3.248931652832031,-4.2137949218749995,9.133879333496093,-0.017186830038722786,-0.016787136316892024,-0.025047473234727783
-3.265691064453125,-4.254496350097656,9.193734375,-0.0030643185340358454,0.058888208349732345,-0.03943644722063524
-3.246537451171875,-4.161122485351562,8.95670841064453,-0.03464012255866608,0.032774885190122525,-0.01851914244482533
-3.399766357421875,-4.094084838867187,8.865728747558594,-0.054225114928373445,0.02971056665608668,-0.011591117933092112
-3.440467785644531,-4.115632653808594,8.86812294921875,-0.05822205214668107,-0.0035972434964768626,-0.027578866806322613
-3.2800562744140622,-4.220977526855468,8.908824377441405,-0.049029096544573526,-0.019052067407266345,-0.02398162330984575
-3.3016040893554686,-4.2329485351562495,8.923189587402343,-0.029843797896696934,0.04036906590490701,-0.03077641658096871
-3.373430139160156,-4.223371728515625,8.959102612304687,-0.04716385917602997,-0.000799387443661525,-0.02118376725703041
-3.35188232421875,-4.153939880371094,8.8872765625,-0.03477335379927634,0.006928024511733216,0.004130168458917879
-3.356670727539062,-4.122815258789062,8.939948999023438,-0.056090352296917,0.009326186842717792,-0.007061255752343471
-3.289633081054687,-4.158728283691406,8.901641772460938,-0.062485451846209204,-0.002797856052815337,-0.009992343045769061
-3.2537200561523436,-4.11802685546875,9.054870678710937,-0.03317457891195329,0.01532159267017923,-0.018119448722994567
-3.2513258544921873,-4.192247106933594,9.026140258789061,-0.05129402763494785,0.017986217482384312,-0.016387442595061263
-3.3782185424804685,-4.254496350097656,8.877699755859375,-0.03397396635561481,-0.012257274136143382,-0.011457886692481857
-3.208230224609375,-4.173093493652344,9.076418493652342,-0.028911179212425153,0.037304747370871166,0.009192955602107537
-3.268085266113281,-4.211400720214844,9.030928662109375,-0.028245023009373885,0.03757120985209167,-0.00013323124061025415
-3.2824504760742186,-4.161122485351562,8.963891015625,-0.03743797861148142,0.027578866806322613,0.004663093421358896
-3.1459809814453124,-4.134786267089844,8.985438830566405,-0.027578866806322613,0.07860643196004995,0.0037304747370871167
-3.318363500976562,-4.058171813964844,9.066841687011719,-0.059287902071563106,0.046231240491758196,0.013989280264076687
-3.3686417358398435,-4.072537023925781,8.91840118408203,-0.04809647786030175,-0.002797856052815337,-0.013989280264076687
-3.265691064453125,-4.177881896972656,9.004592443847656,-0.05662327725935802,0.02531393571594829,0.0013323124061025418
-3.306392492675781,-4.256890551757812,8.951920007324219,-0.0464977029729787,0.02531393571594829,-0.0037304747370871167
-3.3446997192382812,-4.204218115234375,8.98304462890625,-0.04876263406335302,-0.004396630940138387,-0.005329249624410167
-3.284844677734375,-4.062960217285156,8.98304462890625,-0.053692189965932426,-0.022649310903743208,-0.029310872934255914
-3.1316157714843746,-4.106055847167968,9.009380847167968,-0.035705972483548114,0.007727411955394742,-0.0305099540997482
-3.287238879394531,-4.153939880371094,9.011775048828124,-0.0511607963943376,0.017986217482384312,-0.014522205226517705
-3.3111808959960936,-4.240131140136718,8.93755479736328,-0.05222664631921963,-0.022649310903743208,-0.015854517632620246
-3.2034418212890623,-4.168305090332031,9.07163009033203,-0.0511607963943376,0.028378254249984136,0.006261868308681946
-3.3016040893554686,-4.1946413085937495,8.882488159179687,-0.04703062793541972,0.044099540641994124,-0.008793261880276773
-3.2417490478515623,-4.192247106933594,8.904035974121093,-0.05675650849996827,0.036105666205378875,0.006661562030512709
-3.1459809814453124,-4.082113830566406,8.985438830566405,-0.07127871372648598,0.053026033762881154,0.0037304747370871167
-3.287238879394531,-4.201823913574218,9.0021982421875,-0.08580091895300368,0.053026033762881154,0.004130168458917879
-3.1794998046874996,-4.2329485351562495,8.95670841064453,-0.0846018377875114,0.037837672333312186,0.019052067407266345
-3.2441432495117186,-4.1754876953124995,9.014169250488282,-0.06554977038024505,0.03890352225819422,0.014255742745297196
-3.2034418212890623,-4.177881896972656,8.973467822265624,-0.04663093421358895,0.010258805526989571,0.0075941807147844875
-3.1938650146484373,-4.218583325195312,8.89924757080078,-0.06008728951522463,0.006261868308681946,0.0058621745868511835
-3.323151904296875,-4.426878869628906,8.990227233886719,-0.041434915829789046,-0.06648238906451683,-0.0018652373685435584
-3.246537451171875,-4.376600634765625,9.351751684570312,0.08700000011849597,-0.3322787140819739,-0.003863705977697371
-3.0837317382812497,-4.429273071289062,9.217676391601563,0.03170903526524049,-0.5104088827778837,0.08899846872764978
-2.9472622436523435,-3.878606689453125,7.4603323730468745,0.8159081174971965,0.1903874428320532,0.04849617158213252
-3.782838623046875,-3.9312791259765625,8.815450512695312,0.5557075045853701,0.21343644745762716,-0.025047473234727783
-3.0597897216796874,-3.5913024902343746,9.066841687011719,0.353862175060835,0.03464012255866608,-0.011724349173702367
-2.81558115234375,-3.593696691894531,9.33978067626953,0.05169372135677862,0.004529862180748642,0.004529862180748642
-2.849099975585937,-3.73495458984375,9.411606726074218,-0.0610199081994964,0.03583920372415837,0.013056661579804908
-3.028665100097656,-3.8666356811523435,9.344569079589844,-0.20424349185551963,0.023848392069235495,0.06515007665841428
-2.901772412109375,-4.101267443847656,9.414000927734374,-0.319222052502169,0.048229709100912004,0.13722817782856178
-3.1507693847656246,-3.8762124877929685,9.291896643066405,-0.5165375198459554,0.005995405827461438,0.21503522234495023
-3.038241906738281,-3.909731311035156,8.863334545898438,-0.43420061314881836,0.199713629674771,0.17426646271821244
-3.5482068603515624,-3.842693664550781,8.480262280273436,-0.1674716694470895,0.30216845370405643,0.06834762643306039
-3.5913024902343746,-3.7421371948242186,8.583212951660157,-0.045565084288706925,0.5495788675172985,-0.055690658575086247
-3.4069489624023435,-4.029441394042968,9.085995300292968,-0.23009035253390894,0.1261699848579107,0.0383705972957532
-3.5625720703124997,-4.122815258789062,8.75320126953125,-0.09446094959267021,0.0287779479718149,-0.056090352296917
-3.3590649291992185,-4.043806604003906,8.846575134277343,-0.15561408903277688,0.12057427275228003,-0.06141960192132717
-3.347093920898437,-4.364629626464843,8.920795385742187,-0.12270597260204408,0.2511408885503291,-0.07594180714784488
-3.373430139160156,-4.333505004882812,9.018957653808593,-0.11044869846590069,-0.022382848422522698,-0.03503981628049684
-3.5314474487304683,-4.127603662109375,8.892064965820312,-0.08286983165957809,-0.028378254249984136,-0.04569831552931718
-3.2609026611328122,-4.297591979980469,8.901641772460938,-0.05502450237203497,-0.006794793271122962,-0.02145022973825092
-3.220201232910156,-4.11802685546875,9.085995300292968,-0.05955436455278361,0.11284686079688527,0.022516079663132953
-3.4763808105468748,-4.1946413085937495,9.030928662109375,-0.09192955602107537,0.17106891294356635,0.010924961730040842
-3.670311145019531,-4.2137949218749995,8.872911352539061,-0.03770444109270193,0.023049004625573973,-0.03703828488965066
-3.4548329956054684,-4.11802685546875,8.671798413085938,-0.03357427263378405,0.020650842294589397,-0.036771822408430146
-3.5506010620117183,-4.192247106933594,8.853757739257812,-0.0688805513955014,0.014921898948348467,-0.032508422708902016
-3.4524387939453125,-4.1946413085937495,8.844180932617187,-0.05102756515372735,-0.03357427263378405,-0.03557274124293786
-3.2321722412109373,-4.283226770019531,8.913612780761719,-0.04929555902579404,0.023315467106794475,-0.02078407353519965
-3.385401147460937,-4.3071687866210935,8.90643017578125,-0.06008728951522463,0.021716692219471426,-0.013189892820415163
-3.385401147460937,-4.276044165039062,9.050082275390624,-0.029843797896696934,0.06741500774878861,-0.008127105677225504
-3.4859576171874997,-4.149151477050781,8.84178673095703,-0.04063552838612752,0.03317457891195329,-0.011591117933092112
-3.430890979003906,-4.106055847167968,8.875305554199219,-0.08553445647178318,-0.012656967857974145,0.000799387443661525
-3.3710359375,-4.125209460449218,8.729259252929687,-0.04036906590490701,0.032108728987071254,-0.016653905076281773
-3.411737365722656,-4.132392065429687,8.901641772460938,-0.09699234316426504,0.045298621807486415,0.008393568158446012
-3.4428619873046875,-4.3263223999023435,8.942343200683593,-0.05915467083095285,-0.010791730489430587,-0.018918836166656093
-3.2513258544921873,-4.266467358398438,9.006986645507812,-0.045565084288706925,0.017852986241774057,-0.007860643196004996
-3.3686417358398435,-4.223371728515625,8.839392529296875,-0.02078407353519965,0.03397396635561481,-0.0018652373685435584
-3.3590649291992185,-4.062960217285156,8.884882360839843,-0.06794793271122962,0.044232771882604376,0.010392036767599824
-3.4548329956054684,-4.187458703613281,8.82981572265625,-0.06528330789902453,0.06235222060559895,-0.010791730489430587
-3.430890979003906,-4.192247106933594,8.8489693359375,-0.062218989364988694,0.03357427263378405,-0.004396630940138387
-3.303998291015625,-4.206612316894531,8.9255837890625,-0.04170137831100955,0.05262634004105039,-0.008127105677225504
-3.3016040893554686,-4.182670300292968,8.94473740234375,-0.03743797861148142,0.1299004595949978,-0.027712098046932865
-3.3973721557617185,-4.2497079467773435,8.858546142578124,-0.031176110302799476,0.20117917332148377,-0.01212404289553313
-3.5673604736328124,-4.259284753417968,8.808267907714843,-0.04263399699528134,0.07993874436615249,-0.036238897445989134
-3.469198205566406,-4.029441394042968,8.813056311035156,-0.024781010753507273,0.035972434964768624,0.0010658499248820332
-3.421314172363281,-4.13718046875,8.870517150878905,-0.028911179212425153,0.06848085767367064,0.012523736617363892
-3.526659045410156,-4.244919543457031,8.88009395751953,-0.015854517632620246,0.07354364481686029,0.020251148572758632
-3.4931402221679684,-4.3239281982421875,8.774749084472656,-0.010392036767599824,-0.041035222107958284,0.006261868308681946
-3.5984850952148437,-4.529829541015625,8.568847741699217,0.1648070446348844,-0.22129709065363215,-0.0073277182335639785
-3.4356793823242184,-4.024652990722656,8.738836059570312,0.1360290966630695,-0.36492036803148614,0.004663093421358896
-3.6631285400390623,-4.9823336547851556,7.637503295898437,0.9191623289701435,0.16240888230389983,-0.07460949474174233
-3.4907460205078125,-3.845087866210937,8.968679418945312,0.3480000004739839,-0.08899846872764978,-0.10272128651050597
-3.1651345947265623,-3.7134067749023436,9.069235888671875,0.22982389005268844,-0.07114548248587572,-0.01971822361031762
-3.086125939941406,-3.7900212280273435,9.208099584960937,0.05382542120654268,-0.13229862192598238,0.009992343045769061
-2.7246014892578123,-3.8570588745117185,9.651026892089844,-0.19425114880975056,-0.08766615632154724,0.07261102613258852
-3.0334535034179684,-3.9600095458984375,9.469067565917967,-0.38184073558898846,-0.025180704475338038,0.10432006139782901
-3.0597897216796874,-3.878606689453125,9.208099584960937,-0.663624809479676,0.0073277182335639785,0.1365620216255105
-3.066972326660156,-4.082113830566406,8.930372192382812,-0.5748928032332467,0.15881163880742297,0.01985145485092787
-3.373430139160156,-4.07971962890625,9.0021982421875,-0.31762327761484593,0.23435375223343707,0.015588055151399738
-3.5793314819335937,-3.835511059570312,8.609549169921875,-0.09712557440487528,0.3025681474258872,0.022782542144353463
-3.143586779785156,-4.070142822265625,8.973467822265624,-0.1557473202733871,0.1962496174189044,-0.022249617181912446
-3.4715924072265625,-4.355052819824219,8.8489693359375,-0.041434915829789046,0.07127871372648598,-0.05462480865020421
-3.5194764404296874,-4.115632653808594,8.908824377441405,-0.016653905076281773,-0.008793261880276773,-0.07154517620770649
-3.392583752441406,-4.357447021484375,8.858546142578124,-0.050094946469455566,-0.03384073511500456,-0.03410719759622506
-3.0885201416015624,-4.316745593261719,8.997409838867187,-0.03410719759622506,0.04569831552931718,-0.02424808579106626
-3.361459130859375,-4.254496350097656,8.98304462890625,-0.03130934154340973,0.012923430339194655,-0.01505513018895872
-3.21780703125,-4.089296435546875,9.10993731689453,-0.014788667707738212,0.036771822408430146,-0.007061255752343471
-3.299209887695312,-4.058171813964844,8.954314208984375,-0.056090352296917,0.04756355289786074,-0.009459418083328047
-3.3590649291992185,-4.173093493652344,8.894459167480468,-0.06634915782390657,0.05382542120654268,-0.023315467106794475
-3.4093431640625,-4.185064501953125,8.75320126953125,-0.0511607963943376,0.000799387443661525,-0.033307810152563545
-3.3207577026367185,-4.3071687866210935,8.82263311767578,-0.08886523748703952,-0.0255803981971688,-0.09219601850229589
-3.289633081054687,-4.455609289550781,8.90643017578125,-0.07620826962906538,-0.07847320071943971,-0.0831362941407986
-3.299209887695312,-4.2305543334960936,8.975862023925782,-0.032108728987071254,-0.06141960192132717,-0.05555742733447598
-3.1699229980468746,-4.2521021484374995,9.04050546875,-0.032241960227681506,0.041434915829789046,-0.041168453348568536
-3.3590649291992185,-4.228160131835938,8.968679418945312,-0.05862174586851183,-0.007993874436615249,0.0095926493239383
-3.246537451171875,-4.211400720214844,8.870517150878905,-0.05635681477813751,0.022382848422522698,0.017186830038722786
-3.227383837890625,-4.209006518554688,8.908824377441405,-0.032108728987071254,0.05702297098118878,-0.004396630940138387
-3.3446997192382812,-4.2688615600585935,8.90643017578125,-0.06115313944010666,0.036238897445989134,-0.0021316998497640663
-3.265691064453125,-4.276044165039062,8.834604125976561,-0.03144257278401998,0.006261868308681946,-0.01692036755750228
-3.2130186279296873,-4.209006518554688,8.939948999023438,-0.032241960227681506,0.031575804024630234,-0.016520673835671518
-3.2537200561523436,-4.311957189941406,8.930372192382812,-0.03317457891195329,0.014655436467127957,-0.01692036755750228
-3.2920272827148436,-4.11802685546875,9.0021982421875,-0.05182695259738887,-0.007061255752343471,0.0010658499248820332
-3.124433166503906,-4.223371728515625,8.997409838867187,-0.04383307816077362,0.04703062793541972,-0.013323124061025418
-3.208230224609375,-4.242525341796875,8.939948999023438,-0.04583154676992743,0.02584686067838931,-0.004929555902579405
-3.2704794677734372,-4.266467358398438,8.913612780761719,-0.03384073511500456,0.016520673835671518,-0.011191424211261349
-3.1938650146484373,-4.235342736816406,8.908824377441405,-0.028911179212425153,0.041967840792230066,-0.0003996937218307625
-3.2249896362304686,-4.276044165039062,8.882488159179687,-0.04449923436382489,0.04703062793541972,0.0013323124061025418
-3.2154128295898436,-4.204218115234375,8.872911352539061,-0.027712098046932865,0.019318529888486854,-0.007727411955394742
-3.239354846191406,-4.108450048828125,9.004592443847656,-0.05382542120654268,-0.0029310872934255917,0.011058192970651094
-3.1938650146484373,-4.316745593261719,9.0021982421875,-0.05955436455278361,0.027845329287543123,0.011324655451871604
-3.2225954345703123,-4.3430818115234375,8.911218579101561,-0.07967228188493199,0.04449923436382489,0.049428790266404295
-3.248931652832031,-4.127603662109375,8.908824377441405,-0.09166309353985486,0.05942113331217336,0.03983614094246599
-3.2034418212890623,-4.359841223144531,8.992621435546875,-0.057422664703019544,0.03064318534035846,-0.006794793271122962
-3.2034418212890623,-4.359841223144531,9.057264880371093,-0.04783001537908124,0.04210107203284032,-0.008526799399056265
-3.1747114013671873,-4.2329485351562495,9.14824454345703,-0.03903675349880447,0.06488361417719378,0.009059724361497283
-3.308786694335937,-4.209006518554688,8.949525805664061,-0.049029096544573526,0.012523736617363892,-0.005329249624410167
-3.1651345947265623,-4.2137949218749995,8.959102612304687,-0.012656967857974145,0.0302434916185277,-0.013189892820415163
-3.246537451171875,-4.237736938476562,8.927977990722656,-0.025447166956558548,0.04703062793541972,-0.0014655436467127959
-3.2561142578125,-4.395754248046875,8.884882360839843,-0.015454823910789483,0.020251148572758632,0.0074609494741742334
-3.308786694335937,-4.374206433105469,9.054870678710937,-0.008260336917835759,-0.09432771835205994,0.005196018383799912
-3.1100679565429687,-4.553771557617187,9.162609753417968,0.16414088843183314,-0.360656968331958,0.13589586542245924
-2.849099975585937,-3.892971899414062,9.41639512939453,0.2751225118601749,-0.24754364505385223,0.0074609494741742334
-3.6463691284179687,-3.8283284545898435,7.987056738281249,1.1549816248502933,0.2115712100890836,0.009992343045769061
-4.955997436523437,-3.356670727539062,7.977479931640625,0.582886677669862,-0.18119448722994566,-0.18319295583909948
-1.7669208251953124,-3.42849677734375,9.730035546875,-0.22542725911255004,-0.37371362991176293,0.13043338455743883
-2.2840683837890623,-4.201823913574218,9.548076220703125,-0.1769310875304175,0.029444104174866172,0.01985145485092787
-2.9281086303710935,-3.986345764160156,9.677363110351562,-0.19251914268181727,-0.10884992357857766,0.18452526824520202
-2.4779987182617185,-3.7804444213867185,9.701305126953125,-0.6235222060559894,-0.057422664703019544,0.28964471708669254
-2.602497204589844,-3.9743747558593747,9.507374792480467,-0.9442098022048713,0.12950076587316706,0.336009188819061
-3.4069489624023435,-4.4005426513671875,8.91840118408203,-0.6453721295160711,0.22982389005268844,0.06315160804926047
-3.2728736694335936,-4.062960217285156,8.585607153320312,-0.28964471708669254,0.36345482438477333,0.036372128686599385
-3.670311145019531,-4.182670300292968,8.010998754882811,0.008526799399056265,0.5016156208976069,-0.17919601862079185
-3.2130186279296873,-4.297591979980469,8.856151940917968,-0.1508177643708077,0.11231393583444427,-0.14708728963372059
-3.31357509765625,-4.513070129394531,8.729259252929687,0.046098009251147945,-0.055690658575086247,-0.11764318545885442
-3.0813375366210938,-4.42448466796875,9.026140258789061,0.05542419609386573,-0.03757120985209167,-0.09539356827694198
-3.1603461914062496,-4.276044165039062,8.971073620605468,-0.020650842294589397,0.02131699849764067,-0.05182695259738887
-3.1364041748046874,-4.316745593261719,9.117119921875,-0.07727411955394742,0.04223430327345057,-0.036105666205378875
-3.1028853515624997,-4.299986181640625,9.04050546875,-0.058754977109122086,0.10312098023233673,-0.004529862180748642
-3.2609026611328122,-4.338293408203125,8.975862023925782,-0.02438131703167651,0.08593415019361393,-0.020384379813368887
-3.2632968627929686,-4.254496350097656,8.851363537597656,-0.0401026034236865,0.06435068921475276,-0.006661562030512709
-3.1387983764648437,-4.220977526855468,8.844180932617187,-0.06062021447766565,0.049961715228845315,-0.01505513018895872
-3.2561142578125,-4.3071687866210935,8.844180932617187,-0.040502297145517265,0.04236753451406082,-0.02438131703167651
-3.0789433349609374,-4.314351391601562,8.98304462890625,-0.04356661567955311,0.04449923436382489,-0.00479632466196915
-3.1555577880859373,-4.314351391601562,8.942343200683593,-0.0747427259823526,0.031975497746460996,-0.005995405827461438
-3.1364041748046874,-4.422090466308593,8.825027319335938,-0.03703828488965066,0.0383705972957532,-0.009725880564548555
-3.1387983764648437,-4.261678955078125,9.038111267089842,-0.07021286380160395,0.03477335379927634,0.023315467106794475
-3.246537451171875,-4.2497079467773435,8.892064965820312,-0.06981317007977318,0.04783001537908124,0.013989280264076687
-3.2800562744140622,-4.264073156738281,8.793902697753905,-0.03397396635561481,0.0063950995492922,-0.023315467106794475
-3.227383837890625,-4.309562988281249,8.930372192382812,-0.045565084288706925,0.04663093421358895,-0.03384073511500456
-3.162740393066406,-4.405331054687499,8.839392529296875,-0.03943644722063524,0.03797090357392244,-0.013989280264076687
-3.210624426269531,-4.3454760131835934,8.894459167480468,-0.022116385941302188,-0.0037304747370871167,-0.022649310903743208
-3.0813375366210938,-4.271255761718749,9.038111267089842,-0.04929555902579404,0.080205206847373,-0.0013323124061025418
-3.2417490478515623,-4.378994836425781,8.8872765625,-0.02011791733214838,0.06741500774878861,-0.01345635530163567
-3.134009973144531,-4.242525341796875,8.930372192382812,-0.057156202221799034,0.041301684589178794,-0.003464012255866608
-3.189076611328125,-4.333505004882812,8.90643017578125,-0.046231240491758196,0.040502297145517265,-0.01345635530163567
-3.2154128295898436,-4.3430818115234375,8.95670841064453,-0.049029096544573526,0.04729709041664023,-0.010924961730040842
-3.1507693847656246,-4.319139794921875,8.939948999023438,-0.0383705972957532,0.044632465604435144,-0.0003996937218307625
-3.2249896362304686,-4.189852905273438,8.911218579101561,-0.053558958725322174,0.036238897445989134,0.0074609494741742334
-3.1316157714843746,-4.359841223144531,8.954314208984375,-0.0607534457182759,0.07860643196004995,0.02011791733214838
-3.2561142578125,-4.280832568359375,8.961496813964843,-0.07833996947882944,0.11591117933092111,0.015854517632620246
-3.4356793823242184,-4.357447021484375,8.726865051269531,-0.036105666205378875,0.03956967846124549,-0.015854517632620246
-3.21780703125,-4.223371728515625,8.8872765625,-0.07234456365136802,0.03503981628049684,-0.009059724361497283
-3.23696064453125,-4.386177441406249,8.767566479492187,-0.04436600312321464,0.0514272588755581,-0.0095926493239383
-3.2537200561523436,-4.290409374999999,8.908824377441405,-0.08247013793774732,0.06355130177109124,-0.00479632466196915
-3.227383837890625,-4.412513659667969,9.038111267089842,-0.03170903526524049,0.03743797861148142,-0.0006661562030512709
-3.303998291015625,-4.436455676269531,9.054870678710937,-0.03144257278401998,-0.03903675349880447,0.004130168458917879
-3.086125939941406,-4.584896179199219,9.404424121093749,0.09206278726168562,-0.13469678425696696,0.05395865244715294
-3.0693665283203124,-4.53940634765625,9.198522778320312,0.2487427262193445,-0.38703675397278836,0.03543951000232761
-3.447650390625,-2.2744915771484373,8.406042028808594,0.8821240440804927,0.0909969373368036,-0.3068315471254154
-3.7038299682617186,-3.8690298828125,8.336610180664062,0.20917304775809903,-0.09046401237436258,-0.22049770320997064
-2.0278888061523435,-3.9600095458984375,9.725247143554688,-0.022249617181912446,0.057955589665460557,-0.026513016881440577
-2.8419173706054686,-4.256890551757812,9.631873278808593,-0.06848085767367064,-0.09539356827694198,-0.010791730489430587
-2.978386865234375,-3.9695863525390624,9.72285294189453,-0.21610107226983225,-0.037171516130260915,0.04290045947650184
-2.6312276245117188,-4.007893579101562,9.660603698730467,-0.5970091891745489,-0.022116385941302188,0.10418683015721876
-3.0741549316406247,-4.225765930175781,9.057264880371093,-0.7714088831333716,0.14069219008442838,0.11071516094712121
-3.3494881225585935,-4.386177441406249,8.662221606445312,-0.6084670758670309,0.22729249648109362,0.00985911180515881
-3.0693665283203124,-4.331110803222656,8.470685473632813,-0.22476110290949877,0.448722818375336,-0.04543185304809667
-3.5242648437499997,-3.900154504394531,8.705317236328124,0.040768759626737774,0.5269295566135552,-0.09259571222412663
-3.2704794677734372,-4.446032482910156,8.997409838867187,-0.12137366019594154,0.21263706001396562,-0.07634150086967564
-3.2920272827148436,-4.5968671875,8.959102612304687,-0.0074609494741742334,0.07567534466662437,0.0026646248122050836
-3.411737365722656,-4.371812231445312,8.911218579101561,-0.011191424211261349,0.0834027566220191,0.016387442595061263
-3.4955344238281247,-4.42448466796875,8.892064965820312,-0.028911179212425153,0.05275957128166065,0.0021316998497640663
-3.392583752441406,-4.240131140136718,8.815450512695312,-0.05542419609386573,0.07900612568188072,0.010258805526989571
-3.4907460205078125,-4.355052819824219,8.698134631347656,-0.0479632466196915,0.02904441045303541,0.002797856052815337
-3.4739866088867184,-4.3239281982421875,8.741230261230468,-0.05395865244715294,-0.025447166956558548,-0.002797856052815337
-3.3446997192382812,-4.402936853027343,8.674192614746094,-0.04250076575467108,0.010258805526989571,-0.01185758041431262
-3.4452561889648434,-4.477157104492187,8.781931689453124,-0.0369050536490404,-0.02398162330984575,-0.02145022973825092
-3.375824340820312,-4.429273071289062,8.91840118408203,-0.0654165391396348,-0.05702297098118878,0.011724349173702367
-3.2800562744140622,-4.388571643066406,8.8489693359375,-0.018652373685435583,0.020517611053979142,-0.015588055151399738
-3.4548329956054684,-4.4196962646484375,8.836998327636719,-0.0610199081994964,0.0011990811654922875,-0.0010658499248820332
-3.2130186279296873,-4.426878869628906,8.767566479492187,-0.0287779479718149,0.06435068921475276,-0.0031975497746461
-3.4668040039062498,-4.407725256347656,8.769960681152343,-0.027978560528153375,0.025180704475338038,-0.005329249624410167
-3.421314172363281,-4.364629626464843,8.772354882812499,-0.04916232778518379,-0.0006661562030512709,-0.009059724361497283
-3.299209887695312,-4.357447021484375,8.8872765625,-0.03770444109270193,0.06914701387672191,-0.0037304747370871167
-3.438073583984375,-4.319139794921875,8.757989672851561,-0.0433001531983326,0.031575804024630234,-0.015987748873230498
-3.4811692138671875,-4.3071687866210935,8.774749084472656,-0.029177641693645662,-0.026779479362661087,-0.023448698347404734
-3.318363500976562,-4.376600634765625,8.793902697753905,-0.04036906590490701,0.005062787143189658,-0.05649004601874777
-3.299209887695312,-4.309562988281249,8.980650427246093,-0.012390505376753637,0.036771822408430146,-0.08553445647178318
-3.440467785644531,-4.410119458007812,8.913612780761719,-0.031842266505850744,-0.036638591167819895,-0.05342572748471192
-3.153163586425781,-4.386177441406249,8.99501563720703,-0.041834609551619814,0.06661562030512709,0.0013323124061025418
-3.337517114257812,-4.357447021484375,8.757989672851561,-0.024781010753507273,0.0607534457182759,-0.008393568158446012
-3.35188232421875,-4.280832568359375,8.738836059570312,-0.01052526800821008,0.058888208349732345,-0.011591117933092112
-3.394977954101562,-4.276044165039062,8.674192614746094,-0.05209341507860938,0.02145022973825092,-0.003464012255866608
-3.3303345092773435,-4.398148449707031,8.757989672851561,-0.041434915829789046,0.011990811654922875,-0.011324655451871604
-3.303998291015625,-4.321533996582031,8.89924757080078,-0.06461715169597326,-0.016120980113840753,0.012390505376753637
-3.402160559082031,-4.2688615600585935,8.911218579101561,-0.11031546722529045,-0.04063552838612752,0.007993874436615249
-3.3542765258789062,-4.2688615600585935,8.901641772460938,-0.1389601839564951,-0.2206309344505809,0.04743032165725048
-3.0741549316406247,-4.266467358398438,8.851363537597656,-0.040901990867348026,0.010658499248820334,-0.020650842294589397
-3.3255461059570313,-4.407725256347656,8.846575134277343,-0.013323124061025418,0.010658499248820334,-0.03077641658096871
-3.342305517578125,-4.57771357421875,8.963891015625,-0.04316692195772235,-0.2186324658414271,0.0037304747370871167
-3.086125939941406,-4.271255761718749,8.971073620605468,-0.013056661579804908,-0.11564471684970061,-0.010658499248820334
-3.19865341796875,-4.50109912109375,9.306261853027344,0.02011791733214838,-0.29843797896696933,-0.010392036767599824
-2.959233251953125,-4.994304663085937,9.392453112792968,0.29470750422988223,-0.8165742737002478,0.16787136316892026
-3.9600095458984375,-3.071760729980469,8.080430603027343,0.9316860655875074,0.03743797861148142,-0.4091531399140905
-3.172317199707031,-3.7038299682617186,8.650250598144531,0.295640122914154,-0.30736447208785633,-0.30843032201273834
-1.6807295654296874,-4.094084838867187,9.777919580078125,0.04250076575467108,-0.09166309353985486,-0.10192189906684443
-2.4157494750976563,-4.103661645507812,9.900023864746093,0.032108728987071254,-0.05329249624410167,-0.016387442595061263
-2.5905261962890624,-4.072537023925781,9.667786303710937,-0.23821745821113444,-0.036505359927209644,0.05955436455278361
-2.291250988769531,-4.039018200683594,9.871293444824218,-0.47177182300091003,-0.00479632466196915,0.09912404301402909
-2.4349030883789062,-3.9911341674804683,9.617508068847656,-0.6040704449268923,0.1758652376055355,0.095926493239383
-2.9927520751953125,-4.2688615600585935,9.064447485351561,-0.6391102612073892,0.15188361429568975,0.15921133252925374
-2.8203695556640622,-4.321533996582031,8.604760766601562,-0.4220765702532852,0.40888667743287005,0.05822205214668107
-3.687070556640625,-4.7931917236328125,8.207323291015625,-0.07873966320066021,0.8778606443809647,-0.10352067395416749
-3.1220389648437497,-4.673481640625,8.801085302734375,-0.2147687598637297,0.30856355325334867,0.01945176112909711
-3.2249896362304686,-4.673481640625,8.8489693359375,-0.031575804024630234,0.10365390519477774,0.01572128639200999
-3.2920272827148436,-4.364629626464843,8.875305554199219,-0.026113323159609816,0.1328315468884234,-0.005329249624410167
-3.229778039550781,-4.407725256347656,8.985438830566405,-0.08593415019361393,0.019052067407266345,0.0255803981971688
-3.0621839233398433,-4.352658618164062,8.896853369140624,-0.08766615632154724,0.07141194496709623,0.01052526800821008
-3.248931652832031,-4.388571643066406,8.82263311767578,-0.08899846872764978,0.005595712105630674,-0.002531393571594829
-3.047818713378906,-4.467580297851562,8.985438830566405,-0.0688805513955014,0.08260336917835759,0.01372281778285618
-3.308786694335937,-4.522646936035156,8.655039001464843,-0.06341807053048099,0.04743032165725048,-0.021983154700691936
-3.248931652832031,-4.534617944335937,8.805873706054687,-0.02078407353519965,0.005329249624410167,-0.046231240491758196
-3.0023288818359375,-4.395754248046875,8.91840118408203,-0.023448698347404734,0.04743032165725048,-0.09925727425463936
-3.2561142578125,-4.367023828124999,8.75320126953125,-0.05622358353752725,0.03930321598002497,-0.08806585004337801
-3.208230224609375,-4.620809204101562,8.908824377441405,-0.05275957128166065,0.046231240491758196,-0.01212404289553313
-3.303998291015625,-4.388571643066406,8.858546142578124,-0.0430336907171121,0.06008728951522463,-0.01732006127933304
-3.289633081054687,-4.520252734375,8.70771143798828,-0.0558238898156965,0.009326186842717792,-0.020917304775809907
-2.9448680419921875,-4.493916516113281,8.70771143798828,-0.050094946469455566,0.035972434964768624,-0.00479632466196915
-3.287238879394531,-4.4196962646484375,8.75320126953125,-0.045032159326265905,0.018385911204215073,0.0073277182335639785
-3.1962592163085937,-4.4196962646484375,8.901641772460938,-0.06594946410207582,-0.03490658503988659,-0.002264931090374321
-3.124433166503906,-4.467580297851562,8.870517150878905,-0.050094946469455566,-0.005462480865020421,-0.0095926493239383
-3.0933085449218747,-4.474762902832031,8.889670764160156,-0.03703828488965066,0.07354364481686029,0.01971822361031762
-3.2441432495117186,-4.429273071289062,8.836998327636719,-0.05662327725935802,0.07247779489197827,0.017586523760553547
-3.1507693847656246,-4.529829541015625,8.712499841308594,-0.062085758124378436,0.08833231252459851,0.020384379813368887
-3.2609026611328122,-4.510675927734375,8.772354882812499,-0.0767411945915064,0.07927258816310122,0.02011791733214838
-3.258508459472656,-4.498704919433593,8.717288244628906,-0.06754823898939886,0.03450689131805583,0.00985911180515881
-3.047818713378906,-4.417302062988281,8.781931689453124,-0.04729709041664023,0.0909969373368036,0.0037304747370871167
-3.299209887695312,-4.498704919433593,8.726865051269531,-0.06341807053048099,0.06435068921475276,0.015588055151399738
-3.2800562744140622,-4.414907861328125,8.734047656249999,-0.06115313944010666,0.031975497746460996,0.01185758041431262
-3.2513258544921873,-4.472368701171875,8.813056311035156,-0.05102756515372735,0.0543583461689837,0.0073277182335639785
-3.3111808959960936,-4.560954162597656,8.817844714355468,-0.059287902071563106,0.0558238898156965,0.0018652373685435584
-3.2704794677734372,-4.185064501953125,8.781931689453124,-0.06235222060559895,-0.001732006127933304,-0.0014655436467127959
-3.258508459472656,-4.551377355957031,8.683769421386717,-0.053026033762881154,-0.04689739669480947,0.004663093421358896
-3.258508459472656,-4.522646936035156,8.865728747558594,0.009059724361497283,-0.0831362941407986,0.014122511504686942
-3.0741549316406247,-4.491522314453125,8.935160595703124,-0.02118376725703041,-0.07114548248587572,0.0668820827863476
-3.2704794677734372,-4.304774584960938,8.875305554199219,-0.011724349173702367,-0.03077641658096871,0.025180704475338038
-3.227383837890625,-4.261678955078125,8.741230261230468,-0.08353598786262936,-0.031042879062189218,0.0005329249624410166
-3.1962592163085937,-4.364629626464843,8.686163623046875,-0.111647779631393,-0.035173047521107094,-0.04369984692016337
-3.1747114013671873,-4.529829541015625,8.63827958984375,-0.1057856050445418,0.08087136305042428,-0.05129402763494785
-3.1794998046874996,-4.556165759277343,8.762778076171875,-0.07287748861380902,0.061686064402547675,-0.04369984692016337
-3.134009973144531,-4.695029455566406,8.949525805664061,-0.017453292519943295,-0.012523736617363892,-0.013589586542245924
-3.1771056030273437,-4.608838195800781,8.89924757080078,-0.020650842294589397,-0.013856049023466432,0.0035972434964768626
-3.2321722412109373,-4.50109912109375,8.980650427246093,-0.01732006127933304,-0.11884226662434672,0.016120980113840753
-2.923320227050781,-4.647145422363281,9.088389501953124,-0.13909341519710536,-0.4003598780338138,0.20317764193063761
-2.868253588867187,-4.9416322265625,9.387664709472656,0.0073277182335639785,-0.705059725309465,0.3003032163355129
-3.7134067749023436,-2.7748797241210936,9.042899670410156,0.5393200619903089,-0.13336447185086442,-0.08700000011849597
-3.047818713378906,-3.7708676147460936,8.334215979003906,0.2740566619352928,-0.3154915777650819,-0.07114548248587572
-2.2385785522460937,-4.096479040527344,9.150638745117186,0.12390505376753637,0.029177641693645662,-0.0191852986478766
-2.664746447753906,-3.9552211425781247,9.425971936035156,-0.11497856064664934,-0.13629555914429,0.026779479362661087
-2.437297290039062,-4.271255761718749,9.552864624023437,-0.42447473258426976,0.0035972434964768626,0.08873200624642928
-2.77727392578125,-4.2329485351562495,9.354145886230468,-0.7851317009162279,0.13336447185086442,0.12483767245180814
-2.5330653564453125,-5.1331683593749995,9.334992272949219,-0.8133767239256017,0.2580689130620623,0.1557473202733871
-2.8802245971679685,-4.7884033203125,8.619125976562499,-0.20624196046467347,0.43699846920163365,-0.04290045947650184
-3.066972326660156,-4.630386010742187,8.183381274414062,0.007993874436615249,0.8851883626145286,-0.337075038743943
-3.1292215698242187,-4.568136767578125,8.966285217285156,-0.14309035241541299,0.33147932663831237,-0.1424241962123617
-3.2632968627929686,-4.707000463867187,8.779537487792968,0.032774885190122525,0.17852986241774058,-0.10098928038257265
-3.229778039550781,-4.407725256347656,8.741230261230468,0.01438897398590745,0.0846018377875114,0.009459418083328047
-3.189076611328125,-4.6064439941406246,8.851363537597656,-0.0433001531983326,0.04596477801053769,0.0002664624812205083
-3.1316157714843746,-4.726154077148437,8.793902697753905,-0.044765696845045395,0.06355130177109124,-0.00479632466196915
-3.2513258544921873,-4.826710546875,8.667010009765624,-0.0039969372183076245,0.09059724361497283,0.003863705977697371
-3.3303345092773435,-4.680664245605469,8.741230261230468,0.0019984686091538122,0.022649310903743208,-0.004663093421358896
-3.201047619628906,-4.491522314453125,8.662221606445312,0.01372281778285618,0.041035222107958284,-0.002797856052815337
-3.3351229125976563,-4.357447021484375,8.741230261230468,-0.045165390566876164,0.04769678413847099,-0.0073277182335639785
-3.1794998046874996,-4.496310717773437,8.853757739257812,-0.05342572748471192,0.09259571222412663,-0.001732006127933304
-3.308786694335937,-4.572925170898437,8.836998327636719,-0.03797090357392244,0.1008560491419624,0.002264931090374321
-3.361459130859375,-4.460397692871093,8.757989672851561,-0.06461715169597326,0.021983154700691936,0.023848392069235495
-3.1004911499023438,-4.637568615722656,8.786720092773438,-0.05595712105630675,0.13069984703865933,0.08926493120887029
-3.414131567382812,-4.620809204101562,8.628702783203124,-0.03410719759622506,0.13616232790367974,0.05555742733447598
-3.411737365722656,-4.5322237426757805,8.643067993164061,-0.017852986241774057,0.08193721297530632,0.011724349173702367
-3.430890979003906,-4.426878869628906,8.580818749999999,-0.06448392045536301,0.002398162330984575,-0.007993874436615249
-3.296815686035156,-4.505887524414062,8.614337573242187,-0.06901378263611166,0.016653905076281773,-0.015987748873230498
-3.3590649291992185,-4.505887524414062,8.769960681152343,-0.0334410413931738,0.05822205214668107,-0.012656967857974145
-3.3494881225585935,-4.601655590820312,8.808267907714843,-0.049961715228845315,0.005062787143189658,-0.0127901990985844
-3.3207577026367185,-4.668693237304687,8.779537487792968,-0.026379785640830326,0.020517611053979142,-0.001732006127933304
-3.323151904296875,-4.42448466796875,8.762778076171875,-0.06581623286146555,0.044232771882604376,0.006128637068071691
-3.3973721557617185,-4.398148449707031,8.80347950439453,-0.058754977109122086,0.02145022973825092,0.0031975497746461
-3.296815686035156,-4.491522314453125,8.659827404785156,-0.05275957128166065,0.06381776425231174,-0.005995405827461438
-3.394977954101562,-4.493916516113281,8.607154968261717,-0.04756355289786074,0.016120980113840753,-0.010924961730040842
-3.342305517578125,-4.5585599609375,8.674192614746094,-0.057156202221799034,-0.009992343045769061,-0.011457886692481857
-3.2321722412109373,-4.592078784179687,8.743624462890624,-0.03930321598002497,0.029177641693645662,-0.007061255752343471
-3.373430139160156,-4.4819455078125,8.722076647949219,-0.04223430327345057,0.07514241970418334,-0.0764747321102859
-3.3542765258789062,-4.44363828125,8.884882360839843,-0.036505359927209644,-0.057955589665460557,-0.14175804000931044
-3.3446997192382812,-4.505887524414062,8.698134631347656,-0.07341041357625004,-0.1589448700480332,-0.08500153150934216
-3.265691064453125,-4.53940634765625,8.693346228027343,-0.14029249636259766,-0.24168147046700106,-0.01212404289553313
-3.19865341796875,-4.618415002441406,8.652644799804687,-0.12310566632387485,-0.09979019921708036,0.012390505376753637
-3.2058360229492187,-4.623203405761719,8.774749084472656,-0.0846018377875114,-0.1394931089189361,0.0029310872934255917
-3.028665100097656,-4.647145422363281,8.693346228027343,-0.059287902071563106,-0.09632618696121377,-0.0058621745868511835
-3.0621839233398433,-4.594472985839843,8.779537487792968,-0.080205206847373,-0.08580091895300368,-0.050094946469455566
-2.9951462768554684,-4.599261389160156,8.772354882812499,-0.06994640132038345,-0.12403828500814663,-0.04290045947650184
-2.913743420410156,-4.61602080078125,8.908824377441405,-0.05662327725935802,-0.03170903526524049,0.0011990811654922875
-3.009511486816406,-4.668693237304687,8.793902697753905,-0.07607503838845513,-0.033041347671343035,0.03930321598002497
-3.0502129150390624,-4.747701892089843,8.769960681152343,-0.09952373673585986,-0.06368453301170149,0.05595712105630675
-2.940079638671875,-4.647145422363281,8.777143286132812,-0.05049464019128633,0.005329249624410167,0.015454823910789483
-2.9448680419921875,-4.726154077148437,8.920795385742187,-0.007194486992953725,-0.022516079663132953,0.024514548272286763
-2.987963671875,-4.759672900390624,9.04050546875,-0.007061255752343471,-0.3833062792357012,0.09912404301402909
-2.932897033691406,-5.193023400878906,9.208099584960937,0.04316692195772235,-0.9424777960769379,0.07554211342601411
-2.3726538452148436,-4.405331054687499,9.306261853027344,0.21290352249518615,-0.9952373673585986,0.15601378275460764
-2.7365724975585937,-2.7916391357421872,9.423577734375,0.223828484225227,-0.17333384403394067,-0.07807350699760894
-3.1579519897460937,-4.127603662109375,8.482656481933594,0.17066921922173559,-0.19132006151632497,-0.17533231264309448
-1.946485949707031,-4.467580297851562,9.179369165039063,-0.009459418083328047,-0.2808514552064158,-0.1259035223766902
-1.7908628417968748,-4.515464331054687,9.502586389160156,-0.08673353763727547,-0.06328483928987072,-0.0287779479718149
-2.051830822753906,-4.517858532714843,9.514557397460937,-0.1769310875304175,0.029444104174866172,-0.0033307810152563544
-2.1547814941406247,-4.570530969238281,9.447519750976562,-0.42021133288474166,0.07194486992953725,0.0543583461689837
-1.9704279663085937,-4.797980126953124,9.366116894531249,-0.49482082762648394,0.17360030651516117,0.07221133241075775
-2.272097375488281,-4.826710546875,9.100360510253905,-0.26552986253623656,0.22782542144353463,0.11138131715017249
-3.0071172851562498,-4.410119458007812,8.259995727539062,0.05262634004105039,0.549845329998519,-0.09885758053280859
-2.5139117431640625,-4.477157104492187,8.896853369140624,-0.1229724350832646,0.3096294031782307,-0.03264165394951227
-2.602497204589844,-4.611232397460937,8.930372192382812,-0.029843797896696934,0.18625727437313533,-0.040768759626737774
-2.6192566162109374,-4.627991809082031,8.9255837890625,0.0035972434964768626,0.14841960203982313,-0.046764165454199216
-2.6431986328124997,-4.7764323120117185,9.018957653808593,0.003863705977697371,0.15934456376986397,-0.022649310903743208
-2.5905261962890624,-4.745307690429687,9.04050546875,-0.03130934154340973,0.08473506902812164,0.00479632466196915
-2.6216508178710938,-4.764461303710937,8.990227233886719,-0.04876263406335302,0.07754058203516792,0.002264931090374321
-2.6527754394531247,-4.7117888671875,8.927977990722656,-0.015854517632620246,0.08566768771239343,0.00866003063966652
-2.568978381347656,-4.69263525390625,8.82981572265625,-0.003863705977697371,0.21077182264542207,0.0033307810152563544
-2.7653029174804686,-4.537012145996093,8.9255837890625,-0.024781010753507273,0.10911638605979816,0.0191852986478766
-2.8467057739257813,-4.5585599609375,8.827421520996094,-0.03890352225819422,0.0019984686091538122,-0.001732006127933304
-2.7341782958984373,-4.592078784179687,8.920795385742187,-0.03464012255866608,0.03743797861148142,-0.020384379813368887
-2.5953145996093747,-4.632780212402343,8.908824377441405,-0.06128637068071692,0.07940581940371148,-0.00479632466196915
-2.8036101440429686,-4.7117888671875,8.961496813964843,-0.04036906590490701,0.03757120985209167,-0.011990811654922875
-2.6599580444335937,-4.647145422363281,9.0021982421875,-0.024514548272286763,0.05022817771006582,0.0009326186842717792
-2.7269956909179687,-4.618415002441406,8.892064965820312,-0.04023583466429676,0.0604869832370554,0.0033307810152563544
-2.7653029174804686,-4.589684582519531,8.939948999023438,-0.049828483988235056,0.03943644722063524,0.017852986241774057
-2.607285607910156,-4.513070129394531,8.954314208984375,-0.05555742733447598,0.08500153150934216,0.002264931090374321
-2.882618798828125,-4.61602080078125,8.839392529296875,-0.05822205214668107,0.01692036755750228,0.012390505376753637
-2.7653029174804686,-4.649539624023437,9.018957653808593,-0.0479632466196915,-0.012257274136143382,0.0035972434964768626
-2.73896669921875,-4.695029455566406,8.990227233886719,-0.04689739669480947,0.01971822361031762,0.010791730489430587
-2.7724855224609373,-4.707000463867187,8.932766394042968,-0.002398162330984575,0.022116385941302188,0.0073277182335639785
-2.602497204589844,-4.544194750976562,8.963891015625,-0.049828483988235056,0.053026033762881154,0.0287779479718149
-2.664746447753906,-4.563348364257812,8.882488159179687,-0.053026033762881154,0.11084839218773146,0.006928024511733216
-2.8131869506835936,-4.618415002441406,8.939948999023438,-0.06315160804926047,0.06701531402695785,0.010258805526989571
-2.8131869506835936,-4.647145422363281,8.86094034423828,-0.03037672285913795,0.03823736605514295,0.009192955602107537
-2.7557261108398436,-4.620809204101562,9.018957653808593,-0.041168453348568536,0.03464012255866608,0.016120980113840753
-2.8131869506835936,-4.623203405761719,8.935160595703124,-0.04023583466429676,0.02584686067838931,0.015188361429568975
-2.877830395507812,-4.553771557617187,8.939948999023438,-0.05156049011616837,-0.01372281778285618,0.011058192970651094
-2.6815058593749996,-4.522646936035156,8.920795385742187,-0.07234456365136802,0.009326186842717792,0.03011026037791744
-2.7533319091796873,-4.594472985839843,8.801085302734375,-0.03437366007744557,0.0738101072980808,-0.0013323124061025418
-2.8730419921875,-4.860229370117187,8.805873706054687,0.04170137831100955,0.04769678413847099,0.005196018383799912
-2.8131869506835936,-4.525041137695312,8.832209924316405,0.053159265003491406,0.02078407353519965,0.014122511504686942
-2.741360900878906,-4.515464331054687,8.844180932617187,-0.041301684589178794,-0.005062787143189658,0.0026646248122050836
-2.7150246826171873,-4.565742565917969,8.904035974121093,-0.032375191468291764,0.02531393571594829,-0.006661562030512709
-2.750937707519531,-4.50109912109375,9.13627353515625,-0.0607534457182759,0.024914241994117528,0.0011990811654922875
-2.829946362304687,-4.489128112792969,8.978256225585938,-0.027045941843881597,0.023315467106794475,-0.001732006127933304
-2.8802245971679685,-4.474762902832031,8.863334545898438,-0.062485451846209204,-0.006128637068071691,-0.014788667707738212
-2.6815058593749996,-4.517858532714843,9.066841687011719,-0.09352833090839843,-0.03770444109270193,0.012390505376753637
-2.6815058593749996,-4.6351744140625,9.138667736816405,-0.09206278726168562,0.1020551303074547,0.05062787143189658
-2.913743420410156,-4.6255976074218745,8.911218579101561,-0.017719755001163805,0.08673353763727547,0.02598009191899956
-2.849099975585937,-4.398148449707031,8.82263311767578,-0.08207044421591657,0.012656967857974145,0.016787136316892024
-2.703053674316406,-4.508281726074219,8.889670764160156,-0.06341807053048099,0.0011990811654922875,0.027312404325102103
-2.7269956909179687,-5.154716174316406,9.349357482910156,0.07221133241075775,-0.535189893531391,0.13562940294123874
-1.8459294799804686,-4.5968671875,9.624690673828125,0.26672894370172884,-1.1194088836073555,0.3406722822404199
-3.071760729980469,-2.8706477905273435,8.681375219726561,0.5647672289468675,0.3966294032967267,-0.23621898960198062
-3.2800562744140622,-4.11802685546875,8.40125362548828,0.18212710591421744,-0.07087902000465522,-0.08500153150934216
-1.936909143066406,-4.177881896972656,9.191340173339842,-0.04276722823589159,0.09832465557036758,0.03583920372415837
-2.0733786376953125,-4.180276098632812,9.437942944335937,-0.17306738155272017,0.1945176112909711,0.003863705977697371
-2.518700146484375,-4.374206433105469,9.60793126220703,-0.38250689179203967,0.029577335415476424,0.05395865244715294
-2.379836450195312,-4.592078784179687,9.311050256347656,-0.36878407400918356,0.024781010753507273,0.02118376725703041
-2.403778466796875,-4.50109912109375,9.215282189941405,-0.4195451766816904,0.1433568148966335,0.0720781011701475
-2.750937707519531,-4.321533996582031,9.018957653808593,-0.4271393573964748,0.07847320071943971,0.06381776425231174
-2.5163059448242184,-4.271255761718749,8.595183959960938,-0.4306033696523414,0.35159724397046077,-0.18732312429801734
-2.454056701660156,-4.034229797363281,8.537723120117187,-0.2717917308449185,0.6320490054550457,-0.20730781038955548
-2.9831752685546875,-4.6639048339843745,8.999804040527343,-0.24807657001629327,0.3774441046488501,-0.1674716694470895
-2.710236279296875,-5.051765502929687,8.916006982421875,-0.04170137831100955,0.14522205226517704,-0.08406891282507037
-2.7820623291015623,-4.726154077148437,8.90643017578125,-0.019052067407266345,0.10058958666074189,-0.03317457891195329
-2.8323405639648436,-4.7884033203125,8.89924757080078,-0.011058192970651094,0.17959571234262262,-0.05702297098118878
-2.9855694702148434,-4.599261389160156,8.920795385742187,-0.014655436467127957,0.07367687605747056,-0.05249310880044014
-2.7964275390625,-4.611232397460937,8.992621435546875,-0.03064318534035846,0.018652373685435583,-0.02531393571594829
-2.887407202148437,-4.656722229003906,8.856151940917968,-0.028111791768763626,-0.0013323124061025418,-0.005462480865020421
-2.7437551025390623,-4.611232397460937,8.992621435546875,-0.022649310903743208,0.07101225124526546,-0.005462480865020421
-2.961627453613281,-4.7381250854492185,8.79150849609375,-0.037171516130260915,-0.013989280264076687,0.005595712105630674
-2.901772412109375,-4.671087438964843,8.834604125976561,-0.031575804024630234,-0.04343338443894285,0.00013323124061025415
-2.6001030029296874,-4.642357019042969,9.03332286376953,-0.012923430339194655,0.02145022973825092,-0.0073277182335639785
-2.925714428710937,-4.620809204101562,8.856151940917968,0.014788667707738212,0.011324655451871604,-0.011324655451871604
-2.877830395507812,-4.537012145996093,8.882488159179687,-0.020251148572758632,-0.02691271060327134,-0.02624655440022007
-2.789244934082031,-4.666299035644531,8.863334545898438,-0.0415681470703993,-0.014522205226517705,0.00479632466196915
-2.7653029174804686,-4.651933825683593,8.980650427246093,-0.027578866806322613,0.04596477801053769,0.015454823910789483
-2.868253588867187,-4.6351744140625,8.832209924316405,-0.046098009251147945,0.017586523760553547,0.010658499248820334
-2.710236279296875,-4.608838195800781,8.86812294921875,-0.06155283316193742,0.022782542144353463,0.023581929588014985
-2.8898014038085935,-4.6830584472656245,8.86094034423828,-0.045165390566876164,0.04569831552931718,-0.004929555902579405
-2.920926025390625,-4.685452648925781,8.89924757080078,-0.03064318534035846,0.005462480865020421,0.00159877488732305
-2.6982652709960937,-4.5968671875,9.05965908203125,-0.027978560528153375,0.04369984692016337,0.005196018383799912
-2.8562825805664063,-4.563348364257812,8.939948999023438,-0.03290811643073278,0.036638591167819895,-0.0019984686091538122
-2.896984008789062,-4.570530969238281,8.86094034423828,-0.023581929588014985,-0.0063950995492922,-0.014255742745297196
-2.5953145996093747,-4.53940634765625,8.935160595703124,-0.055690658575086247,0.032774885190122525,-0.0073277182335639785
-2.8107927490234372,-4.5968671875,8.8872765625,-0.036771822408430146,0.037837672333312186,-0.015454823910789483
-2.863465185546875,-4.505887524414062,8.908824377441405,-0.036238897445989134,-0.025447166956558548,-0.008926493120887028
-2.6048914062499997,-4.651933825683593,8.997409838867187,-0.05502450237203497,0.0029310872934255917,-0.0074609494741742334
-2.8706477905273435,-4.53940634765625,8.975862023925782,-0.04783001537908124,0.06515007665841428,0.006794793271122962
-2.8562825805664063,-4.642357019042969,9.004592443847656,-0.05022817771006582,0.059287902071563106,0.010258805526989571
-2.896984008789062,-4.553771557617187,8.884882360839843,-0.03543951000232761,0.0011990811654922875,-0.009326186842717792
-2.750937707519531,-4.498704919433593,8.920795385742187,-0.032108728987071254,0.025047473234727783,-0.014788667707738212
-2.6384102294921874,-4.479551306152343,8.954314208984375,-0.06062021447766565,0.040768759626737774,-0.008793261880276773
-2.906560815429687,-4.608838195800781,8.95670841064453,-0.024914241994117528,0.03863705977697371,-0.017586523760553547
-2.825157958984375,-4.604049792480469,9.064447485351561,-0.06488361417719378,0.045298621807486415,0.009059724361497283
-2.877830395507812,-4.697423657226563,8.856151940917968,-0.04916232778518379,0.05475803989081446,0.019984686091538122
-2.750937707519531,-4.474762902832031,8.973467822265624,-0.036238897445989134,0.0767411945915064,0.017453292519943295
-2.9185318237304685,-4.505887524414062,8.757989672851561,-0.08220367545652682,0.011724349173702367,-0.018652373685435583
-2.834734765625,-4.6064439941406246,8.786720092773438,-0.04343338443894285,0.025447166956558548,-0.06488361417719378
-2.741360900878906,-4.611232397460937,9.064447485351561,-0.04703062793541972,0.07833996947882944,-0.05728943346240929
-2.798821740722656,-4.733336682128906,9.042899670410156,-0.022249617181912446,0.08393568158446013,-0.05622358353752725
-2.849099975585937,-4.5968671875,9.272743029785156,-0.05915467083095285,0.025447166956558548,-0.02145022973825092
-2.6791116577148437,-4.604049792480469,9.018957653808593,-0.03916998473941472,0.08127105677225505,-0.0035972434964768626
-2.73896669921875,-4.513070129394531,9.126696728515624,-0.06754823898939886,0.0018652373685435584,0.0255803981971688
-2.521094348144531,-5.0757075195312495,9.763554370117188,-0.11764318545885442,-0.6247212872214818,0.24900918870056504
-1.9823989746093749,-4.146757275390625,7.6231380859375,0.9761852999513322,-0.29817151648574886,0.5301271063882013
-4.283226770019531,-3.5098996337890624,8.32463917236328,0.49895099608540183,0.08353598786262936,-0.13483001549757723
-2.8371289672851563,-4.218583325195312,8.295908752441406,0.24807657001629327,0.09059724361497283,-0.21796630963837582
-1.9991583862304687,-4.50109912109375,9.315838659667968,0.1807947935081149,0.12110719771472103,-0.12337212880509535
-2.1212626708984375,-3.7158009765625,9.701305126953125,-0.1854578869294738,0.04783001537908124,-0.09086370609619333
-2.35589443359375,-4.113238452148437,9.610325463867188,-0.6610934159080812,0.07540888218540386,0.05222664631921963
-2.463633508300781,-4.395754248046875,9.76116016845703,-1.001765698148501,0.06448392045536301,0.04783001537908124
-2.4157494750976563,-5.284003063964843,9.255983618164063,-0.844419602987791,0.12550382865485943,0.1020551303074547
-2.887407202148437,-4.611232397460937,8.59278975830078,-0.3950306284094036,0.20677488542711447,0.0074609494741742334
-3.0550013183593747,-4.0988732421875,8.245630517578125,-0.03170903526524049,0.6604272597050298,-0.2695267997545442
-2.8275521606445313,-4.855440966796874,9.035717065429687,-0.16986983177807405,0.2949739667111027,-0.044099540641994124
-2.920926025390625,-5.070919116210937,8.650250598144531,0.041434915829789046,-0.007727411955394742,-0.035173047521107094
-2.896984008789062,-4.778826513671874,8.805873706054687,0.1020551303074547,0.009326186842717792,-0.044232771882604376
-2.844311572265625,-4.7884033203125,8.86094034423828,0.0543583461689837,0.032375191468291764,-0.02424808579106626
-2.7916391357421872,-4.6639048339843745,8.916006982421875,-0.035972434964768624,0.049695252747624805,0.006128637068071691
-2.849099975585937,-4.910507604980468,8.94473740234375,0.0057289433462409285,0.07221133241075775,-0.001732006127933304
-2.91134921875,-4.647145422363281,8.8872765625,0.007061255752343471,0.04356661567955311,0.019984686091538122
-3.0023288818359375,-4.522646936035156,8.856151940917968,-0.01692036755750228,0.049562021507014546,0.009992343045769061
-2.9089550170898435,-4.551377355957031,8.86812294921875,-0.026646248122050836,0.03930321598002497,-0.0002664624812205083
-2.935291235351562,-4.666299035644531,8.67658681640625,-0.04543185304809667,-0.00985911180515881,-0.0014655436467127959
-2.8802245971679685,-4.742913488769531,8.695740429687499,-0.045298621807486415,-0.014655436467127957,0.012390505376753637
-2.8012159423828122,-4.809951135253906,8.774749084472656,-0.020384379813368887,0.03530627876171736,0.0
-2.925714428710937,-4.520252734375,8.88009395751953,-0.03930321598002497,0.000799387443661525,0.007860643196004996
-2.916137622070312,-4.668693237304687,8.896853369140624,-0.04929555902579404,0.008926493120887028,0.003863705977697371
-2.849099975585937,-4.556165759277343,8.801085302734375,-0.04383307816077362,0.019052067407266345,0.006528330789902454
-2.7964275390625,-4.587290380859375,8.999804040527343,-0.06475038293658353,0.06808116395183987,0.017453292519943295
-2.9496564453125,-4.7022120605468745,8.870517150878905,-0.06235222060559895,0.0479632466196915,-0.0095926493239383
-2.858676782226562,-4.707000463867187,8.839392529296875,-0.04263399699528134,0.040901990867348026,-0.0029310872934255917
-2.971204260253906,-4.774038110351563,8.86812294921875,-0.04809647786030175,0.02145022973825092,0.006661562030512709
-2.935291235351562,-4.6255976074218745,8.8489693359375,-0.03317457891195329,-0.0095926493239383,0.0021316998497640663
-2.877830395507812,-4.551377355957031,8.832209924316405,-0.0415681470703993,0.015454823910789483,-0.0074609494741742334
-2.8107927490234372,-4.627991809082031,8.932766394042968,-0.04569831552931718,0.06634915782390657,-0.004663093421358896
-2.916137622070312,-4.6830584472656245,8.74601866455078,-0.06648238906451683,0.036771822408430146,0.0039969372183076245
-2.923320227050781,-4.764461303710937,8.702923034667968,-0.04036906590490701,0.0305099540997482,-0.010392036767599824
-2.942473840332031,-4.7022120605468745,8.88009395751953,-0.027578866806322613,0.0003996937218307625,-0.006528330789902454
-2.978386865234375,-4.675875842285156,8.892064965820312,-0.03064318534035846,-0.014122511504686942,0.005595712105630674
-2.85388837890625,-4.553771557617187,9.045293872070312,-0.011990811654922875,0.0415681470703993,0.0033307810152563544
-2.8562825805664063,-4.604049792480469,8.992621435546875,-0.054091883687763194,0.04849617158213252,0.017453292519943295
-2.882618798828125,-4.618415002441406,8.911218579101561,-0.04836294034152226,0.06421745797414251,0.00985911180515881
-2.916137622070312,-4.623203405761719,8.748412866210938,-0.04663093421358895,0.049428790266404295,0.013056661579804908
-2.935291235351562,-4.675875842285156,8.839392529296875,-0.05995405827461438,0.017986217482384312,0.005595712105630674
-2.817975354003906,-4.649539624023437,8.901641772460938,-0.06022052075583488,0.05862174586851183,-0.00159877488732305
-2.999934680175781,-4.6255976074218745,8.882488159179687,-0.07114548248587572,0.03970290970185574,-0.010924961730040842
-2.8107927490234372,-4.548983154296875,9.035717065429687,-0.03503981628049684,-0.08007197560676275,-0.05702297098118878
-2.81558115234375,-4.673481640625,8.851363537597656,-0.08806585004337801,0.03477335379927634,0.014522205226517705
-2.750937707519531,-4.611232397460937,8.93755479736328,-0.09166309353985486,0.09979019921708036,0.057822358424850305
-3.0885201416015624,-4.771643908691406,8.820238916015624,-0.06741500774878861,0.10525268008210079,0.027578866806322613
-3.1411925781249996,-4.6064439941406246,8.580818749999999,-0.025047473234727783,0.016120980113840753,0.006661562030512709
-2.9735984619140625,-4.436455676269531,8.56166513671875,-0.0846018377875114,0.06594946410207582,-0.004929555902579405
-2.990357873535156,-4.73094248046875,8.872911352539061,-0.05102756515372735,0.10591883628515206,-0.10338744271355724
-2.9089550170898435,-4.972756848144531,9.062053283691405,0.00479632466196915,0.006261868308681946,-0.06181929564315793
-2.932897033691406,-5.183446594238281,8.889670764160156,0.14855283328043337,-0.03863705977697371,-0.035173047521107094
-2.4301146850585935,-5.255272644042968,9.18655177001953,0.17906278738018158,-0.34173813216530197,0.14815313955860265
-5.123591552734375,-5.623979699707031,7.635109094238281,1.0509280259336848,0.09672588068304452,-0.3322787140819739
-2.978386865234375,-3.5913024902343746,8.44674345703125,0.4552511491652385,-0.23208882114306276,-0.0909969373368036
-1.927332336425781,-4.158728283691406,9.325415466308593,0.1625421135445101,-0.0961929557206035,-0.0191852986478766
-2.5067291381835934,-4.426878869628906,9.548076220703125,0.2250275653907193,0.06914701387672191,0.005196018383799912
-2.8945898071289062,-4.048595007324218,9.3852705078125,0.03130934154340973,0.01052526800821008,-0.01572128639200999
-2.403778466796875,-4.120421057128906,9.418789331054686,-0.13522970921940797,0.005995405827461438,-0.011324655451871604
-2.4684219116210935,-4.036623999023437,9.306261853027344,-0.23968300185784724,0.2194318532850886,-0.04276722823589159
-2.655169641113281,-3.842693664550781,9.344569079589844,-0.5009494646945557,0.14122511504686944,-0.02464777951289702
-2.50912333984375,-3.9887399658203124,9.387664709472656,-0.8216370608434375,0.17599846884614573,-0.01732006127933304
-2.7461493041992187,-4.778826513671874,9.030928662109375,-0.6588284848177067,0.29750536028269753,0.02011791733214838
-3.418919970703125,-4.874594580078124,7.972691528320312,-0.07767381327577817,0.614329250453882,-0.12523736617363893
-2.9951462768554684,-4.673481640625,8.700528833007812,-0.08966462493070106,0.3697166926934553,-0.0029310872934255917
-3.2058360229492187,-4.984727856445312,8.604760766601562,-0.06141960192132717,0.0511607963943376,0.05262634004105039
-3.0933085449218747,-4.575319372558593,8.717288244628906,-0.007194486992953725,0.014921898948348467,0.0018652373685435584
-3.0885201416015624,-4.704606262207031,8.877699755859375,-0.005595712105630674,-0.03490658503988659,-0.040768759626737774
-2.81558115234375,-4.508281726074219,9.028534460449219,-0.005462480865020421,-0.012523736617363892,-0.035173047521107094
-2.9759926635742184,-4.529829541015625,9.0021982421875,-0.04383307816077362,0.04063552838612752,-0.03410719759622506
-2.952050646972656,-4.57771357421875,9.018957653808593,-0.04290045947650184,0.06022052075583488,-0.041168453348568536
-3.066972326660156,-4.57771357421875,8.858546142578124,-0.04862940282274277,0.018785604926045835,-0.02971056665608668
-3.0597897216796874,-4.6639048339843745,8.71489404296875,-0.06288514556803997,0.023315467106794475,-0.0302434916185277
-3.0430303100585934,-4.568136767578125,8.719682446289061,-0.053692189965932426,-0.023049004625573973,-0.015188361429568975
-2.9376854370117185,-4.673481640625,8.86812294921875,-0.04290045947650184,0.0030643185340358454,-0.022116385941302188
-2.952050646972656,-4.7189714721679685,8.863334545898438,-0.03370750387439431,0.03503981628049684,0.011324655451871604
-2.9855694702148434,-4.661510632324219,8.827421520996094,-0.0287779479718149,0.004529862180748642,0.027578866806322613
-2.9735984619140625,-4.568136767578125,8.836998327636719,-0.01212404289553313,0.035972434964768624,0.036771822408430146
-3.071760729980469,-4.503493322753906,8.779537487792968,-0.04290045947650184,-0.009992343045769061,0.027712098046932865
-2.9831752685546875,-4.572925170898437,8.875305554199219,-0.04276722823589159,0.009059724361497283,0.0063950995492922
-2.9759926635742184,-4.6639048339843745,8.793902697753905,-0.03450689131805583,-0.024781010753507273,0.0057289433462409285
-3.0238766967773434,-4.529829541015625,8.856151940917968,-0.04023583466429676,-0.031842266505850744,0.00479632466196915
-2.9185318237304685,-4.592078784179687,9.054870678710937,-0.050361408950676076,0.03370750387439431,0.0095926493239383
-2.9544448486328125,-4.587290380859375,8.904035974121093,-0.05275957128166065,0.01945176112909711,0.026513016881440577
-2.959233251953125,-4.508281726074219,8.872911352539061,-0.03264165394951227,0.05209341507860938,0.007061255752343471
-3.0023288818359375,-4.515464331054687,8.839392529296875,-0.05942113331217336,0.0063950995492922,0.01345635530163567
-2.9185318237304685,-4.553771557617187,8.896853369140624,-0.044898928085655654,0.031975497746460996,0.0058621745868511835
-2.887407202148437,-4.587290380859375,8.901641772460938,-0.061686064402547675,0.03863705977697371,0.0039969372183076245
-2.9544448486328125,-4.594472985839843,8.920795385742187,-0.058888208349732345,0.0369050536490404,0.020917304775809907
-3.0334535034179684,-4.589684582519531,8.89924757080078,-0.057422664703019544,0.02744563556571236,0.024914241994117528
-2.959233251953125,-4.484339709472656,8.8872765625,-0.03943644722063524,0.057156202221799034,0.021849923460081685
-3.086125939941406,-4.498704919433593,8.774749084472656,-0.05808882090607082,0.05022817771006582,0.01945176112909711
-3.0214824951171875,-4.53940634765625,8.781931689453124,-0.06315160804926047,0.013323124061025418,0.0029310872934255917
-2.9640216552734375,-4.6064439941406246,8.79150849609375,-0.04276722823589159,0.008526799399056265,0.0035972434964768626
-2.9640216552734375,-4.666299035644531,8.908824377441405,-0.037304747370871166,0.023581929588014985,0.009459418083328047
-2.93050283203125,-4.565742565917969,9.016563452148437,-0.04729709041664023,0.04596477801053769,0.016387442595061263
-3.019088293457031,-4.544194750976562,8.980650427246093,-0.06515007665841428,0.04063552838612752,0.01532159267017923
-3.0406361083984375,-4.474762902832031,8.91840118408203,-0.05196018383799912,0.07034609504221419,0.03037672285913795
-3.0813375366210938,-4.477157104492187,8.813056311035156,-0.06088667695888615,0.06448392045536301,0.017453292519943295
-2.999934680175781,-4.484339709472656,8.947131604003905,-0.06235222060559895,0.11564471684970061,0.03450689131805583
-2.942473840332031,-4.833893151855468,9.023746057128905,0.006528330789902454,0.1269693723015722,0.054491577409593955
-3.124433166503906,-4.568136767578125,8.987833032226561,-0.006928024511733216,0.11817611042129544,0.041301684589178794
-3.0621839233398433,-4.637568615722656,8.896853369140624,0.041168453348568536,0.11990811654922875,0.032508422708902016
-3.028665100097656,-4.604049792480469,8.8872765625,0.1183093416619057,0.12830168470767475,0.0607534457182759
-3.201047619628906,-4.589684582519531,8.882488159179687,0.1217733539177723,0.10192189906684443,0.05462480865020421
-3.2728736694335936,-4.515464331054687,8.971073620605468,0.09672588068304452,0.06181929564315793,0.053558958725322174
-3.0741549316406247,-4.355052819824219,9.03332286376953,0.0877993875621575,0.09752526812670605,0.059021439590342596
-3.2249896362304686,-4.525041137695312,9.018957653808593,0.11084839218773146,0.1345635530163567,0.06315160804926047
-3.299209887695312,-4.520252734375,9.100360510253905,0.15747932640132042,0.07447626350113207,0.0750091884635731
-3.0813375366210938,-4.266467358398438,9.363722692871093,0.1628085760257306,0.15015160816775644,0.07927258816310122
-3.294421484375,-4.180276098632812,9.157821350097656,0.14522205226517704,0.22516079663132954,0.09845788681097782
-3.4739866088867184,-3.9887399658203124,9.114725720214842,0.10884992357857766,0.1566799389576589,0.11324655451871604
-3.7517140014648436,-3.9528269409179684,9.18655177001953,0.0831362941407986,0.09539356827694198,0.03543951000232761
-4.113238452148437,-4.182670300292968,9.323021264648437,0.0287779479718149,-0.0058621745868511835,-0.058488514627901576
-3.9600095458984375,-3.782838623046875,9.196128576660156,-0.1601439512135255,-0.12603675361730043,-0.0738101072980808
-4.314351391601562,-3.8379052612304685,8.769960681152343,-0.32628330825451246,-0.18039509978628412,-0.14189127124992068
-5.317521887207031,-5.085284326171875,8.410830432128906,0.04290045947650184,-0.2423476266700523,-0.1807947935081149
-4.493916516113281,-4.841075756835937,9.157821350097656,0.8384241971603295,-0.42420827010304923,-0.16720520696586896
-4.390965844726562,-3.488351818847656,9.777919580078125,1.0701133245815615,-0.7198483930172032,-0.08966462493070106
-3.2537200561523436,-4.204218115234375,10.196904870605469,1.0691807058972898,-1.186157735153093,0.06594946410207582
-3.3494881225585935,-5.355829113769531,9.923965881347655,1.8806921924543478,-1.7405329273323604,0.34200459464652244
-0.5674257934570313,-3.1699229980468746,9.82580361328125,2.628785608480925,-1.6431408904462648,0.16107656989779728
-0.5219359619140624,-1.2832920898437499,9.246406811523437,2.8151761140946703,-1.7674456379356316,-0.11564471684970061
-1.2306196533203124,-0.7757213378906249,9.871293444824218,2.3142266494001147,-1.1480536003385602,-0.002398162330984575
-0.39264907226562495,-1.66636435546875,10.453084448242187,2.6731516116041396,-0.5522434923295035,0.03930321598002497
0.3758896606445312,-0.20829554443359374,10.644620581054687,3.07697550189382,-0.21010566644237083,0.06741500774878861
-0.3854664672851562,1.3144167114257812,9.430760339355468,3.0749770332846658,-0.3025681474258872,0.08326952538140886
-0.3399766357421875,2.786850732421875,9.227253198242186,2.795191428003132,-0.0961929557206035,0.008393568158446012
0.1292868896484375,2.844311572265625,9.267954626464844,2.3865712130514827,-0.008127105677225504,0.32108728987071256
-0.2059013427734375,2.528276953125,9.579200842285156,2.2966401256395614,-0.18679019933557633,0.4866937219492585
-0.26336218261718747,3.801992236328125,9.255983618164063,1.9299877514801418,-0.28937825460547206,0.32015467118644075
-0.4740519287109375,3.756502404785156,8.027758166503906,2.067482391789924,0.2287580401278064,0.15694640143887942
-0.28730419921875,4.630386010742187,8.590395556640624,1.8196722842548514,0.1264364473391312,0.23075650873696021
-0.277727392578125,4.7022120605468745,8.817844714355468,1.5357565105143998,-0.07127871372648598,0.1444226648215155
0.21787235107421873,5.130774157714844,8.705317236328124,1.3144594198607678,0.14175804000931044,0.08153751925347555
-0.1388636962890625,6.517016918945312,8.56166513671875,0.9414119461520559,0.18625727437313533,0.033041347671343035
-0.22744915771484372,6.8210805297851556,8.154650854492187,0.543050536727396,-0.017719755001163805,-0.05049464019128633
-0.13407529296874998,6.672640026855468,8.422801440429687,0.1057856050445418,-0.13882695271588483,-0.05076110267250683
-0.05985504150390625,7.058106494140625,8.497021691894531,-0.23581929588014985,0.11298009203749554,-0.14522205226517704
-0.28730419921875,7.105990527343749,8.317456567382813,-0.5932787144374618,0.08873200624642928,-0.09406125587083944
-0.2609679809570312,7.539341027832031,8.353369592285155,-1.3998606450919404,-0.055690658575086247,-0.023182235866184224
-0.32561142578124996,7.841010437011718,8.441955053710936,-3.294009192847924,-0.28964471708669254,0.15095099561141798
-0.23702596435546874,5.774814404296874,8.300697155761718,-4.360658505173619,-0.49455436514526346,0.4051562026957829
0.3447650390625,4.046200805664062,9.478644372558593,-4.365721292316808,-0.07873966320066021,0.6565635537273325
0.07422025146484375,3.143586779785156,9.107543115234375,-4.365721292316808,0.5988744265430924,0.6241883622590408
-0.45489831542968745,0.7996633544921875,9.100360510253905,-4.365721292316808,0.5537090359762163,0.27259111828858
-0.48123453369140623,-1.37906015625,8.501810095214843,-4.365721292316808,0.4767013789034894,0.20424349185551963
-0.6081272216796875,-5.0014872680664055,8.667010009765624,-4.365721292316808,0.67628177733765,0.30190199122283595
-1.16837041015625,-4.778826513671874,8.757989672851561,-3.829199086379315,1.292076571438245,0.36532006175331694
-1.6424223388671875,-4.709394665527343,9.018957653808593,-3.6244226695613544,2.1730015343532454,0.6263200621088049
-1.8914193115234375,-5.327098693847656,9.234435803222656,-4.066617157146788,0.9025084238938617,-0.34866615667703516
-1.905784521484375,-6.931213806152344,8.904035974121093,-3.638545181066041,0.7173169994456084,-0.4692404294293152
-2.0254946044921875,-7.536946826171874,6.809109521484374,-2.8676692228951106,0.5070781017626274,-0.40129249671808553
-1.89620771484375,-7.110778930664062,6.457161877441406,-3.173301688855034,0.7361026043716543,-0.41088514604202386
-1.8770541015625,-8.300697155761718,6.505045910644531,-2.8283660069150858,0.5310597250724731,-0.5004165397321146
-1.678335363769531,-8.303091357421874,6.3973068359375,-2.086667690437801,0.464444104767346,-0.4384640128483464
-1.8746598999023436,-7.6997525390625,5.276820458984375,-2.3366094978226375,0.36318836190355286,-0.39716232825916764
-1.8004396484374998,-9.153032946777342,4.548983154296875,-2.697000003673375,0.2398162330984575,-0.4960199087919762
-1.43652099609375,-10.005368737792969,4.103661645507812,-1.8648376748217275,0.3767779484457988,-0.2598009191899956
-1.6160861206054686,-9.457096557617186,3.612850305175781,-1.5241653925813077,0.37651148596457823,-0.24634456388835996
-1.6639701538085936,-10.026916552734374,3.5625720703124997,-1.171502298685965,0.26206585028036994,-0.33734150122516354
-1.407790576171875,-9.950302099609374,2.9544448486328125,-0.8196385922342837,0.26366462516769296,-0.2188989283226476
-1.5705962890624998,-10.165780249023436,2.961627453613281,-0.4737702916100638,0.15041807064897697,-0.0668820827863476
-1.5322890624999999,-9.026140258789061,2.6336218261718747,-0.46257886739880244,0.06794793271122962,-0.07687442583211665
-1.47482822265625,-9.200916979980468,2.2026655273437497,-1.0141562035252547,0.2963062791172053,-0.2017120982839248
-1.4867992309570313,-10.568006127929687,2.0638018310546875,-0.6058024510548257,0.20770750411138625,-0.18812251174167888
-1.6831237670898436,-11.465831750488281,2.272097375488281,0.7740735079455767,0.13935987767832586,-0.05635681477813751
-1.8315642700195311,-12.943054174804686,2.482787121582031,3.246845333671894,-0.06315160804926047,0.5208009195454836
-1.8148048583984373,-11.666944689941406,2.7748797241210936,4.365588061076198,-0.4627120986394127,0.8373583472354474
-1.2593500732421874,-10.522516296386717,3.0813375366210938,4.365588061076198,-0.9593981636344403,1.2068085774476822
1.0654197387695312,-5.125985754394531,4.819527941894531,4.365588061076198,-1.1802955605662415,0.6453721295160711
-1.4724340209960938,-2.748543505859375,5.681440539550781,4.365588061076198,-0.5852848400008465,-0.8393568158446012
-1.9967641845703124,2.492363928222656,9.150638745117186,4.365588061076198,-0.43140275709600295,-1.049462482286972
-0.36152445068359373,2.5665841796874997,8.987833032226561,4.365588061076198,-1.0770413490932946,0.07327718233563979
-0.9121908325195311,2.906560815429687,11.310208642578125,3.641609499600077,-0.7182496181298803,0.18292649335787897
-0.5051765502929687,3.39018955078125,11.276689819335937,2.91456661958992,-0.8605405831016316,0.5593047480818469
-0.4836287353515625,3.883395092773437,9.988609326171874,3.0889663135487426,-0.8266998479866271,0.2287580401278064
0.2657563842773437,4.568136767578125,9.085995300292968,2.8891194526333615,-0.4348667693518696,0.05982082703400412
0.2346317626953125,5.027823486328125,9.057264880371093,2.4761026067415735,-0.07420980101991156,0.15135068933324874
-0.02633621826171875,6.354211206054687,8.24802471923828,2.0329755004718684,0.14695405839311035,0.2675283311453904
-0.16280571289062498,6.904877587890625,8.188169677734374,1.1964165406800824,-0.10178866782623419,0.11417917320298782
0.05027823486328125,6.517016918945312,8.518569506835936,0.5883491585348823,-0.12803522222645425,0.10045635542013163
0.1292868896484375,6.356605407714843,8.422801440429687,0.13389739681330545,-0.032774885190122525,0.25833537554328284
0.29448680419921874,6.232106921386718,8.269572534179687,0.19465084253158133,0.01851914244482533,0.08553445647178318
0.201112939453125,6.363788012695312,8.757989672851561,0.23821745821113444,0.020517611053979142,0.04743032165725048
0.07900865478515624,6.189011291503906,8.305485559082031,0.12110719771472103,0.08446860654690114,0.11311332327810578
0.08858546142578125,6.581660363769531,8.228871105957031,0.13856049023466432,0.0031975497746461,0.0010658499248820332
0.201112939453125,6.4667386840820305,8.432378247070313,0.0860673814342242,-0.0720781011701475,-0.0834027566220191
0.3902548706054687,6.1842228881835934,8.78432589111328,-0.013856049023466432,0.022116385941302188,0.027845329287543123
0.39264907226562495,6.325480786132812,8.755595471191405,-0.10032312417952138,0.17200153162783813,0.040768759626737774
0.14604630126953125,6.172251879882812,8.444349255371094,-0.036105666205378875,0.21143797884847337,-0.013589586542245924
0.02154781494140625,6.224924316406249,8.10197841796875,-0.12683614106096197,0.04689739669480947,-0.009192955602107537
0.13407529296874998,6.004657763671875,7.960720520019531,-0.006794793271122962,0.015854517632620246,-0.07341041357625004
0.21308394775390624,6.0908490234374995,8.109161022949218,0.03557274124293786,0.013989280264076687,-0.020650842294589397
0.1292868896484375,6.217741711425781,8.358157995605469,0.03703828488965066,0.08793261880276775,0.011457886692481857
0.0526724365234375,6.4834980957031245,8.001421948242188,-0.04596477801053769,0.054491577409593955,0.049562021507014546
0.181959326171875,6.574477758789062,8.204929089355469,-0.08233690669713707,0.012923430339194655,-0.02624655440022007
0.1484405029296875,6.526593725585937,8.310273962402343,-0.056090352296917,0.04250076575467108,-0.09832465557036758
0.15322890625,6.746860278320312,8.52335791015625,-0.20557580426162217,-0.040502297145517265,-0.029577335415476424
0.229843359375,6.849810949707031,8.834604125976561,-0.46644257337649986,-0.0747427259823526,-0.014522205226517705
0.36391865234375,6.7803791015625,9.318232861328125,-0.8871868312236825,0.057156202221799034,-0.055690658575086247
0.3950432739257812,6.854599353027344,9.18655177001953,-1.8621730500095224,0.03810413481453269,-0.015588055151399738
0.047884033203124995,6.885723974609375,8.621520178222656,-3.6336156251634617,-0.13882695271588483,0.07394333853869106
0.3447650390625,4.8314989501953125,9.062053283691405,-4.365721292316808,-0.5218667694703656,0.24341347659493437
1.1276689819335937,3.5027170288085934,9.765948571777344,-4.365721292316808,-0.01958499236970736,-0.20597549798345294
0.9169792358398436,2.300827795410156,9.962273107910155,-4.365721292316808,-0.06408422673353224,0.40329096532723935
0.5722141967773438,1.24498486328125,9.97184991455078,-4.365721292316808,0.4254073512685415,0.4220765702532852
-0.04548983154296875,-0.8068459594726562,9.622296472167967,-4.365721292316808,-0.23621898960198062,0.3348101076535687
0.8906430175781249,-2.9496564453125,10.05564697265625,-3.690771827385261,0.7744732016674075,0.35705972483548115
0.1005564697265625,-3.0071172851562498,9.765948571777344,-2.9453430361708888,0.6989310882413933,0.19518376749402233
-0.4955997436523437,-2.1787235107421874,9.004592443847656,-3.409254215975794,0.42767228235891586,0.004130168458917879
-0.6967126831054687,-3.9312791259765625,8.89924757080078,-3.817075043483782,-0.5261301691698937,0.0334410413931738
0.9792284790039062,-4.450820886230469,8.640673791503906,-4.093396636509449,0.05702297098118878,0.37278101122749113
0.4333505004882812,-6.3901242309570305,8.200140686035155,-3.699831551746758,0.07221133241075775,0.14668759591188982
-0.16759411621093748,-7.297526660156249,7.6997525390625,-3.1088177683996707,-0.15707963267948966,-0.27805359915360045
-0.19393033447265623,-7.64229169921875,6.955155822753905,-2.8316967879303423,-0.07127871372648598,0.06315160804926047
-0.3758896606445312,-7.690175732421874,6.174646081542968,-2.813444107966737,-0.011457886692481857,-0.016520673835671518
0.0430956298828125,-8.628702783203124,5.628768103027343,-2.399228180909457,-0.39822817818404965,-0.12577029113607993
0.6631938598632812,-8.825027319335938,5.626373901367187,-1.856177644182061,-0.4091531399140905,-0.21290352249518615
0.05027823486328125,-8.839392529296875,5.343858105468749,-1.4723384399839188,0.08913169996826004,-0.22129709065363215
0.13168109130859373,-8.623914379882812,5.137956762695312,-1.6315497725131725,0.2526064321970419,-0.1590781012886435
0.6679822631835937,-9.964667309570311,4.551377355957031,-1.2146692206436873,-0.18345941832031998,-0.5470474739457036
0.1580173095703125,-9.945513696289062,5.104437939453125,-0.4822970910091201,0.07927258816310122,-0.22449464042827827
0.4261678955078125,-9.93354268798828,4.611232397460937,0.003863705977697371,0.009725880564548555,-0.05382542120654268
0.3687070556640625,-9.208099584960937,4.453215087890625,0.24288055163249336,-0.03357427263378405,-0.028911179212425153
0.3950432739257812,-8.86094034423828,4.508281726074219,-0.062085758124378436,-0.08406891282507037,0.0030643185340358454
0.4525041137695312,-9.502586389160156,4.417302062988281,-0.07794027575699868,0.06928024511733216,0.011058192970651094
0.6919242797851562,-9.519345800781249,4.254496350097656,0.16840428813136127,-0.0479632466196915,0.01985145485092787
-0.411802685546875,-8.853757739257812,4.309562988281249,-0.09685911192365478,-0.1743996939588227,-0.1898545178696122
0.35194764404296874,-9.440337145996093,4.216189123535156,0.0750091884635731,0.04263399699528134,0.006928024511733216
-0.1580173095703125,-9.478644372558593,4.352658618164062,0.48749310939292,-0.046231240491758196,0.004130168458917879
0.5913678100585937,-9.418789331054686,4.398148449707031,0.8233690669713708,0.044898928085655654,-0.2328882085867243
0.7948749511718749,-9.337386474609374,4.666299035644531,0.9399464025053432,-0.071811638688927,-0.03557274124293786
0.6081272216796875,-10.232817895507813,5.066130712890625,1.8155421157959335,0.16054364493535628,-0.6340474740641995
0.46686932373046874,-10.242394702148436,5.475539196777343,3.3017366048033185,0.16067687617596652,-0.013856049023466432
0.6081272216796875,-8.99501563720703,6.167463476562499,4.365588061076198,0.591813170790749,-0.19824808602805818
0.7206546997070312,-7.4962453979492185,6.816292126464844,4.365588061076198,0.5310597250724731,-0.03757120985209167
1.0941501586914062,-5.571307263183593,8.573636145019531,4.365588061076198,0.6135298630102205,-0.2231623280221757
0.46686932373046874,-5.051765502929687,7.920019091796875,4.365588061076198,0.776338439035951,-0.6501684541780404
1.35990654296875,-2.683900061035156,7.936778503417968,4.365588061076198,1.0611868314606745,-0.7163843807613366
0.062249243164062495,-1.0319009155273438,8.607154968261717,4.365588061076198,1.18482542274699,-0.023315467106794475
-0.4955997436523437,1.0845733520507812,10.189722265624999,4.365588061076198,0.5691638598870058,0.05235987755982989
-0.9457096557617187,2.5905261962890624,10.64222637939453,3.6835773403923073,0.7664793272307922,0.06581623286146555
-1.1659762084960936,3.306392492675781,10.31661495361328,2.1913874455574605,0.3465344568272711,0.1557473202733871
-0.7254431030273437,2.6096798095703124,10.275913525390624,1.8332618707970973,0.19904747347171972,0.028644716731204646
-0.8116343627929687,2.9975404785156248,10.218452685546874,1.6740505382678437,0.24860949497873427,0.11031546722529045
-0.9864110839843749,3.2441432495117186,9.964667309570311,1.2735574289934195,0.09113016857741385,0.19291883640364801
-0.8834604125976562,3.77326181640625,10.081983190917969,1.4045237385132994,0.15308269546118203,0.06728177650817835
-1.0175357055664063,4.3454760131835934,9.751583361816406,1.2086738148162257,0.1781301686959098,0.12030781027105951
-1.0223241088867188,4.733336682128906,9.763554370117188,1.0815712112740434,0.18572434941069432,0.01572128639200999
-1.0773907470703123,4.833893151855468,9.512163195800781,0.743297091364608,0.10058958666074189,0.058355283387291325
-0.9888052856445312,4.76924970703125,9.433154541015625,0.919961716413805,0.24221439542944206,-0.02691271060327134
-1.1516109985351561,5.202600207519531,9.035717065429687,0.7199816242578135,0.19864777974988895,0.05049464019128633
-1.1156979736328125,5.679046337890624,8.939948999023438,0.3894349163037729,0.06621592658329632,0.0767411945915064
-1.0558429321289062,5.2648494506835934,8.911218579101561,0.6101990819949641,0.17599846884614573,0.0005329249624410166
-1.1731588134765625,5.5832782714843745,8.719682446289061,0.545715161539601,0.13616232790367974,0.0514272588755581
-1.1156979736328125,6.136338854980468,8.86094034423828,0.2142358349012887,0.032774885190122525,0.08233690669713707
-1.0726023437499999,5.729324572753906,8.722076647949219,0.2162343035104425,0.026513016881440577,0.04689739669480947
-0.9600748657226562,6.098031628417968,8.820238916015624,0.14908575824287443,0.05502450237203497,0.015588055151399738
-1.0534487304687499,6.0884548217773435,8.71489404296875,-0.20837366031443752,-0.031575804024630234,0.045165390566876164
-0.9720458740234375,5.825092639160156,8.760383874511719,-0.17426646271821244,0.029843797896696934,0.06821439519245012
-1.0773907470703123,5.932831713867187,8.659827404785156,-0.22569372159377055,0.06141960192132717,0.014122511504686942
-1.0127473022460938,5.683834741210937,8.722076647949219,-0.3037672285913795,0.0003996937218307625,0.012523736617363892
-1.0941501586914062,5.683834741210937,8.693346228027343,-0.3152251152838613,-0.05156049011616837,0.01052526800821008
-0.9888052856445312,5.813121630859374,8.793902697753905,-0.6922695262108807,-0.06848085767367064,0.03370750387439431
-0.9816226806640624,5.463568188476562,9.121908325195312,-0.944609495926702,-0.05382542120654268,-0.021983154700691936
-0.948103857421875,5.305550878906249,9.165003955078124,-1.0829035236801459,-0.07247779489197827,0.005462480865020421
-1.0486603271484374,5.521029028320312,9.167398156738281,-1.807947935081149,-0.1421577337311412,-0.004263399699528133
-1.1180921752929687,4.84586416015625,9.085995300292968,-2.4811653938847633,-0.3890352225819422,0.002264931090374321
-0.6703764648437499,3.7517140014648436,9.548076220703125,-2.7492266499925946,-0.6082006133858102,0.17360030651516117
-0.565031591796875,2.935291235351562,9.866505041503906,-3.136130172724773,-0.5740934157895852,0.14122511504686944
-0.239420166015625,2.1068974609374997,10.24718310546875,-3.4584165437609773,-0.6622924970735734,0.1386937214752746
-0.18435352783203124,0.4740519287109375,10.283096130371094,-3.3161255787892263,-0.504280245709812,0.1540153141454538
-0.19393033447265623,0.17956512451171874,10.309432348632813,-3.63254977523858,-0.6203246562813434,0.09486064331450096
0.06943184814453125,-1.2737152832031249,10.335768566894531,-3.619892807380606,-0.7526232782073258,0.12870137842950552
0.36152445068359373,-1.9009961181640624,10.115502014160155,-3.817208274724392,-0.7002634006474958,0.049562021507014546
0.4955997436523437,-3.0214824951171875,9.696516723632811,-3.9913415062019943,-0.7269096487695467,0.10152220534501366
0.4644751220703125,-3.6727053466796873,9.030928662109375,-4.365721292316808,-0.8715987760722826,0.045298621807486415
0.9409212524414062,-5.212177014160156,8.834604125976561,-4.170271062341565,-0.8060490056920377,0.021983154700691936
1.0702081420898437,-6.904877587890625,8.463502868652343,-3.240716696603822,-0.6105987757167949,0.057822358424850305
0.9648632690429687,-5.930437512207031,7.637503295898437,-3.3780781056729943,-0.5883491585348823,0.2781868303942107
1.0726023437499999,-7.000645654296875,6.5026517089843745,-3.893549775594068,-0.8653369077636008,0.04023583466429676
1.9823989746093749,-8.662221606445312,6.675034228515624,-2.487427262193445,-0.49175650909244817,-0.1628085760257306
1.5227122558593749,-7.7596075805664055,6.217741711425781,-2.0965268022429595,-0.22143032189424242,-0.04729709041664023
1.149216796875,-7.9655089233398435,5.427655163574219,-2.796923434131066,-0.536255743456273,-0.09432771835205994
1.8100164550781248,-9.121908325195312,4.862623571777344,-2.5814885180642846,-0.5719617159398211,-0.14002603388137713
2.1715409057617188,-9.643844287109374,4.513070129394531,-1.8475176135423945,-0.3168238901711844,-0.08899846872764978
1.8818425048828125,-9.411606726074218,3.833116857910156,-1.5697304768700147,-0.16294180726634083,-0.1272358347827927
1.9680337646484374,-10.230423693847655,3.4524387939453125,-0.8818575815992723,-0.10525268008210079,-0.12563705989546967
2.001552587890625,-10.158597644042969,3.402160559082031,0.022116385941302188,0.04343338443894285,0.010392036767599824
1.7884686401367187,-9.323021264648437,3.342305517578125,0.42021133288474166,0.18519142444825326,0.036771822408430146
1.5586252807617187,-8.82981572265625,3.361459130859375,0.17080245046234582,0.08713323135910622,-0.01052526800821008
1.8531120849609375,-9.847351428222655,3.3590649291992185,0.40795405874859825,-0.018785604926045835,-0.07314395109502954
2.152387292480469,-9.981426721191406,3.67749375,1.1074180719524327,0.1613430323790178,-0.022516079663132953
1.6424223388671875,-10.079588989257813,4.256890551757812,1.860441043881589,0.3473338442709326,0.04729709041664023
2.104503259277344,-10.850521923828124,4.441244079589843,3.351165395069723,0.514272588755581,0.15534762655155634
1.9752163696289062,-10.77630167236328,4.5968671875,4.365588061076198,0.9973690672083626,0.15761255764193066
1.898601916503906,-7.611167077636718,5.394136340332031,4.365588061076198,1.1906875973338413,0.367984686565522
1.1228805786132812,-5.7317187744140625,5.820304235839844,4.365588061076198,1.0354732020228954,0.1055191425633213
0.2154781494140625,-1.0486603271484374,7.187393383789062,4.365588061076198,1.1774977045134263,-0.6845421142554858
0.26815058593749996,2.521094348144531,9.957484704589843,4.365588061076198,0.5615696791722213,-0.638444105004338
0.29448680419921874,2.868253588867187,10.333374365234375,4.271793267686579,0.37624502348335775,-0.30203522246344616
0.4860229370117187,3.2609026611328122,10.498574279785156,2.69966462848558,0.08540122523117291,-0.19584992369707363
0.6727706665039062,2.829946362304687,10.563217724609375,2.564834612988003,0.23102297121818072,-0.31122817806555375
0.7038952880859375,3.0645781249999997,10.946289990234375,2.426540585234559,0.2328882085867243,-0.15095099561141798
0.565031591796875,4.122815258789062,9.962273107910155,2.204710569618486,0.41048545232019307,-0.036505359927209644
-0.16041151123046873,4.857835168457031,9.121908325195312,1.6839096500730022,0.3049663097568718,-0.011591117933092112
-0.011971008300781249,5.025429284667968,9.605537060546874,1.6865742748852075,0.14309035241541299,-0.06981317007977318
0.12689268798828124,5.817910034179687,9.617508068847656,1.2583690675638504,0.1805283310268944,-0.011324655451871604
0.11252747802734374,5.667075329589843,9.504980590820312,1.0080275664571832,0.2220964780972937,-0.12550382865485943
0.201112939453125,5.966350537109375,9.368511096191405,0.7483598785077976,0.25833537554328284,-0.05728943346240929
0.023942016601562498,5.882553479003906,8.90643017578125,0.4928223590173302,0.24714395133202147,-0.014921898948348467
-0.05027823486328125,5.846640454101562,8.657433203124999,0.33787442618760455,0.1712021441841766,0.00866003063966652
-0.16519991455078123,6.186617089843749,8.614337573242187,0.136828484106731,0.14575497722761804,0.037304747370871166
0.02154781494140625,6.153098266601562,8.626308581542968,-0.14735375211494112,0.0019984686091538122,0.0033307810152563544
0.023942016601562498,5.791573815917968,8.786720092773438,-0.1775972437334688,0.09512710579572148,0.010791730489430587
0.05027823486328125,5.832275244140624,8.659827404785156,-0.1938514550879198,0.11631087305275188,0.04809647786030175
0.0047884033203125,5.753266589355468,8.640673791503906,-0.35079785652679923,0.15161715181446922,0.08899846872764978
-0.2705447875976562,5.7508723876953125,8.652644799804687,-0.29031087328974386,0.057822358424850305,0.05129402763494785
-0.181959326171875,5.667075329589843,8.604760766601562,-0.2464777951289702,0.0035972434964768626,-0.0479632466196915
-0.05746083984375,5.588066674804687,8.827421520996094,-0.3759785610021373,-0.002398162330984575,-0.008260336917835759
-0.028730419921875,5.307945080566406,9.117119921875,-0.37837672333312183,0.05489127113142472,0.04916232778518379
-0.02633621826171875,5.482721801757812,8.779537487792968,-0.11631087305275188,0.07194486992953725,0.045032159326265905
-0.10295067138671875,5.667075329589843,8.568847741699217,-0.12337212880509535,0.03477335379927634,0.006261868308681946
-0.2154781494140625,5.628768103027343,8.63827958984375,-0.3881026038976704,-0.09579326199877274,0.06848085767367064
-0.031124621582031248,5.607220288085937,8.779537487792968,-0.6200581938001228,-0.08393568158446013,0.07940581940371148
0.031124621582031248,5.312733483886719,9.066841687011719,-0.8109785615946171,-0.15508116407033584,0.11684379801519292
0.201112939453125,4.680664245605469,9.275137231445312,-0.652033691546584,-0.12283920384265434,0.1488192957616539
0.30406361083984373,4.7572786987304685,9.782707983398437,-0.009725880564548555,0.09779173060792655,0.11018223598468019
0.08379705810546874,5.492298608398437,9.548076220703125,-0.17599846884614573,0.13789433403161305,0.0912633998180241
0.17956512451171874,5.248090039062499,9.404424121093749,-0.3746462485960347,0.07487595722296284,0.03983614094246599
0.1149216796875,5.006275671386718,9.255983618164063,-0.21063859140481184,0.07354364481686029,0.0010658499248820332
0.009576806640625,5.181052392578125,9.22485899658203,-0.48029862239996624,-0.05129402763494785,0.02531393571594829
0.15562310791015624,5.3199160888671875,9.583989245605467,-1.2615666173384965,-0.16533996959732541,0.0961929557206035
0.08379705810546874,5.398924743652343,9.631873278808593,-2.7061929592754828,-0.2815176114094671,0.1955834612158531
0.28969840087890625,3.8043864379882812,9.758765966796874,-3.3022695297657596,-0.6188591126346307,0.16120980113840752
0.5267243652343749,2.9448680419921875,9.68454571533203,-3.587117922190483,-0.7242450239573417,0.2211638594130219
0.4644751220703125,1.9393033447265624,9.414000927734374,-4.365721292316808,-0.9486064331450097,0.28071822396580554
1.024718310546875,-0.30406361083984373,9.208099584960937,-4.365721292316808,-1.0098928038257267,0.9158315479548872
1.3910311645507811,-1.2306196533203124,9.694122521972655,-4.365721292316808,-1.2016125590638822,0.7554211342601411
1.6711527587890624,-3.0550013183593747,9.773131176757811,-4.365721292316808,-1.217733539177723,0.6709525277132399
1.7860744384765623,-3.7421371948242186,9.552864624023437,-4.365721292316808,-1.4109188380625914,0.4912235841300071
2.327164013671875,-5.312733483886719,8.827421520996094,-4.365721292316808,-1.3620229727586284,0.43273506950210555
2.5163059448242184,-7.637503295898437,8.506598498535157,-4.365721292316808,-1.0775742740557357,0.4764349164222689
2.6503812377929687,-7.8362220336914055,7.637503295898437,-4.325485457652512,-0.7419647789585054,0.4055558964176137
2.473210314941406,-8.037334973144532,6.438008264160156,-3.988676881389789,-0.5601041355255085,0.24887595745995478
2.528276953125,-9.052476477050782,4.977545251464844,-3.464145487107219,-0.5101424202966632,0.08033843808798326
2.6479870361328124,-9.5384994140625,4.180276098632812,-2.441062790461077,-0.3222863710362048,0.07074578876404496
2.4301146850585935,-8.757989672851561,3.641580725097656,-1.7350704464673399,-0.2621990815209802,0.03077641658096871
2.408566870117187,-8.231265307617187,3.402160559082031,-1.8664364497090506,-0.4306033696523414,-0.03424042883683532
2.980781066894531,-9.888052856445311,2.5617957763671875,-0.7269096487695467,-0.11018223598468019,0.012656967857974145
2.693476867675781,-8.394071020507813,2.6096798095703124,-0.3697166926934553,0.10818376737552639,0.0401026034236865
2.77727392578125,-8.798691101074219,2.521094348144531,-1.2719586541060963,-0.29843797896696933,-0.019318529888486854
2.9496564453125,-10.335768566894531,2.2649147705078123,-0.6141960192132717,-0.10938284854101867,0.02398162330984575
2.710236279296875,-9.196128576660156,2.6431986328124997,-0.2644640126113545,-0.02584686067838931,0.027978560528153375
2.8419173706054686,-9.406818322753905,2.5953145996093747,-0.5255972442074527,-0.0415681470703993,-0.004529862180748642
2.9185318237304685,-10.153809240722655,1.9321207397460936,-0.26672894370172884,0.10418683015721876,0.002264931090374321
2.7365724975585937,-9.682151513671874,1.7094599853515624,-0.10845022985674689,0.1342970905351362,0.03583920372415837
2.418143676757812,-9.49300958251953,1.649604943847656,-0.1414915775280899,0.045565084288706925,0.026113323159609816
2.403778466796875,-9.524134204101562,1.8219874633789062,-0.009326186842717792,-0.02438131703167651,-0.04636447173236845
2.8850130004882812,-9.866505041503906,1.9895815795898437,0.22809188392475513,0.09152986229924462,-0.10911638605979816
2.9975404785156248,-10.943895788574219,2.114080065917969,1.2198652390274871,0.3344104139317379,-0.1365620216255105
2.9975404785156248,-11.142614526367186,2.1595698974609374,3.095894338060476,0.6929356824139319,-0.3241516084047483
2.703053674316406,-9.275137231445312,2.7557261108398436,3.9773522259379175,0.8524134774244061,-0.3233522209610869
2.6096798095703124,-8.583212951660157,4.187458703613281,4.028379791091645,1.0062955603292498,-0.31975497746460996
2.4588451049804685,-7.994239343261718,4.948814831542968,4.365588061076198,0.926756509684928,-0.28937825460547206
2.4875755249023435,-6.861781958007812,6.191405493164062,4.301770296823887,0.8276324666708988,-0.45232006187181284
2.612074011230469,-5.329492895507812,7.48906279296875,3.4598820874076903,0.7575528341099051,-0.29670597283903605
2.5163059448242184,-5.578489868164062,8.109161022949218,2.79918836522144,0.5910137833470875,-0.175598775124315
2.4756045166015626,-6.349422802734375,8.264784130859374,4.047698320980132,0.870666157388011,-0.24634456388835996
2.0446482177734375,-3.3877953491210935,8.93755479736328,4.365588061076198,0.9559341513785736,-0.44685758100679246
1.89620771484375,-2.138022082519531,10.046070166015625,4.024915778835778,0.9095696796462052,-0.46084686127086916
1.656787548828125,-1.7741034301757812,9.81862100830078,4.365588061076198,0.8356263411075141,-0.4786998475126432
1.5945383056640625,0.9337386474609375,10.649408984374999,4.245546713286359,1.0549249631519924,-0.454451761721577
1.1827356201171875,1.5298948608398437,10.342951171874999,3.6484042928712004,0.7105222061744855,-0.3853047478448551
0.9983820922851562,2.2553379638671873,9.967061511230469,3.36502144409319,0.5439831554116678,-0.33587595757845073
1.0390835205078124,3.39018955078125,10.108319409179687,2.974653909105145,0.5764915781205697,-0.45884839266171534
1.2138602416992186,2.8514941772460936,9.658209497070311,3.1206753488139833,0.7226462490700186,-0.5230658506358579
0.48123453369140623,5.05655390625,9.86411083984375,2.855944873721408,0.8565436458833241,-0.565566616390529
0.15322890625,5.504269616699219,8.939948999023438,2.0337748879155297,0.39689586577794717,-0.5305268001100321
0.0383072265625,5.530605834960937,8.820238916015624,1.6215574294674036,0.15614701399521788,-0.46151301747392043
0.22505495605468748,6.007051965332031,9.133879333496093,1.3900015332867817,0.31495865280264085,-0.17986217482384312
0.2154781494140625,6.186617089843749,9.011775048828124,1.28954517786665,0.3702496176558963,-0.21969831576630913
-0.0383072265625,6.4834980957031245,8.63827958984375,0.9988346108550754,0.2679280248672211,-0.10018989293891113
-0.19393033447265623,6.842628344726562,8.52335791015625,0.9366156214900868,0.32788208314183553,-0.23848392069235497
-0.28969840087890625,7.168239770507812,8.252813122558594,0.6031378262426207,0.16960336929685357,-0.13363093433208492
-0.3016694091796875,7.168239770507812,8.097190014648437,0.06821439519245012,0.05049464019128633,-0.05555742733447598
-0.2753331909179687,6.880935571289062,7.934384301757812,-0.2519402759939906,-0.01572128639200999,0.04210107203284032
-0.2609679809570312,6.603208178710937,8.05648858642578,-0.3007029100573437,0.010258805526989571,0.05475803989081446
-0.1388636962890625,6.691793640136718,8.207323291015625,-0.2757886680632261,0.009459418083328047,0.058888208349732345
-0.1149216796875,6.469132885742187,8.145074047851562,-0.17839663117713034,0.02571362943777905,0.003464012255866608
-0.12449848632812499,6.58884296875,8.310273962402343,-0.2226294030597347,0.0003996937218307625,0.0058621745868511835
-0.19393033447265623,6.411672045898437,8.106766821289062,-0.2821837676125183,0.016120980113840753,0.020251148572758632
-0.086191259765625,6.311115576171875,8.269572534179687,-0.19318529888486854,0.03370750387439431,0.07247779489197827
-0.08379705810546874,6.449979272460937,8.073247998046874,-0.39169984739414726,-0.03916998473941472,0.1267029098203517
-0.16041151123046873,6.253654736328125,7.991845141601562,-0.5118744264245966,-0.06275191432742971,0.200246554637212
0.0430956298828125,6.205770703124999,8.365340600585936,-0.1220398163989928,0.01532159267017923,0.11284686079688527
-0.105344873046875,6.313509777832031,8.327033374023436,-0.10631853000698281,0.07367687605747056,0.0575558959436298
-0.0383072265625,6.169857678222656,8.525752111816406,-0.14975191444592567,-0.002264931090374321,0.062218989364988694
0.047884033203124995,6.1842228881835934,8.281543542480469,-0.031975497746460996,0.03810413481453269,0.019318529888486854
0.00718260498046875,6.2009822998046875,8.283937744140625,-0.06821439519245012,0.0415681470703993,-0.0037304747370871167
-0.06943184814453125,6.244077929687499,8.192958081054687,-0.07274425737319877,0.004130168458917879,0.010392036767599824
-0.12449848632812499,6.423643054199219,8.250418920898436,-0.18758958677923787,-0.013856049023466432,0.03956967846124549
-0.016759411621093748,6.268019946289062,8.343792785644531,-0.08620061267483445,0.08233690669713707,-0.03397396635561481
-0.15083470458984374,6.373364819335937,8.25520732421875,-0.08273660041896783,0.062085758124378436,-0.01705359879811253
-0.1771709228515625,6.356605407714843,8.207323291015625,-0.26259877524281094,-0.012656967857974145,-0.0005329249624410166
0.047884033203124995,5.597643481445312,8.02536396484375,-0.08700000011849597,0.09725880564548554,0.0003996937218307625
-0.02154781494140625,5.935225915527344,8.633491186523438,0.12950076587316706,0.11298009203749554,0.04369984692016337
-0.10295067138671875,6.449979272460937,8.935160595703124,-0.0302434916185277,0.03770444109270193,0.020517611053979142
-0.1149216796875,6.308721374511719,8.892064965820312,-0.07354364481686029,0.029310872934255914,0.00159877488732305
0.07422025146484375,6.426037255859375,9.035717065429687,-0.33281163904441485,-0.015987748873230498,0.03956967846124549
-0.02154781494140625,6.782773303222656,8.913612780761719,-0.9631286383715274,-0.07607503838845513,0.0831362941407986
-0.22266075439453123,7.149086157226562,8.710105639648438,-2.36938438301276,-0.28658039855265666,0.16387442595061263
0.011971008300781249,5.738901379394531,9.203311181640624,-2.978384383842232,-0.5515773361264522,0.34693415054910187
0.2537853759765625,5.722141967773437,10.022128149414062,-4.365721292316808,-0.8036508433610531,0.5787565092109441
0.43574470214843747,4.151545678710937,9.114725720214842,-4.365721292316808,-0.982313937019404,0.8079142430605812
0.9696516723632812,0.2154781494140625,9.088389501953124,-4.365721292316808,-1.1504517626695447,0.6381776425231175
1.3646949462890625,-1.675941162109375,9.380482104492186,-4.365721292316808,-1.2659632482786352,0.4496554370596078
2.0159177978515626,-3.8570588745117185,9.121908325195312,-4.365721292316808,-1.1743001547387801,0.3106952531031127
2.1715409057617188,-4.762067102050781,9.208099584960937,-4.365721292316808,-1.1220735084195606,0.4929555902579404
2.1116858642578125,-5.434837768554687,8.43956085205078,-4.365721292316808,-0.9367488527306971,0.3558606436699889
2.0446482177734375,-5.980715747070312,7.955932116699218,-4.365721292316808,-0.8798591129901184,0.2014456358027043
1.9919757812499999,-6.512228515625,7.204152795410156,-4.365721292316808,-0.8865206750206313,0.09885758053280859
2.2649147705078123,-7.9272016967773435,6.047753393554687,-3.730874430808947,-0.7727411955394742,0.021983154700691936
2.731784094238281,-8.192958081054687,5.4779333984375,-3.2433813214160274,-0.6056692198142154,-0.04316692195772235
3.0142998901367184,-9.014169250488282,5.0014872680664055,-2.8023859149960857,-0.5863506899257286,-0.04849617158213252
3.1411925781249996,-9.574412438964844,4.565742565917969,-2.134098012095051,-0.26459724385196476,0.050094946469455566
2.858676782226562,-9.380482104492186,3.6846763549804686,-1.2866140905732246,-0.037837672333312186,0.040502297145517265
2.8467057739257813,-9.150638745117186,2.8898014038085935,-0.8352266473856834,0.04596477801053769,0.06914701387672191
2.7198130859375,-9.117119921875,2.6144682128906247,-0.8139096488880426,-0.0433001531983326,0.10738437993186485
2.9041666137695312,-9.502586389160156,2.6503812377929687,-0.6413751922977635,-0.05196018383799912,0.015987748873230498
2.8323405639648436,-9.641450085449218,2.789244934082031,-0.12923430339194653,0.03583920372415837,-0.01572128639200999
2.731784094238281,-9.1554271484375,2.786850732421875,-0.06874732015489114,0.11311332327810578,-0.06155283316193742
2.7653029174804686,-9.411606726074218,2.7964275390625,0.07221133241075775,0.10418683015721876,-0.01212404289553313
2.6575638427734374,-8.968679418945312,2.925714428710937,0.1028545177511162,0.13216539068537214,-0.02904441045303541
2.6671406494140624,-8.827421520996094,2.906560815429687,-0.20650842294589394,0.09459418083328046,-0.0013323124061025418
2.9376854370117185,-9.701305126953125,2.8203695556640622,0.1124471670750545,0.1313660032417106,-0.08726646259971647
3.071760729980469,-9.579200842285156,3.2130186279296873,0.9087702922025437,0.5413185305994627,-0.1737335377557714
2.3511060302734372,-8.111555224609374,3.303998291015625,0.41155130224507513,0.5217335382297553,-0.12110719771472103
2.4133552734375,-9.167398156738281,3.1794998046874996,-0.18798928050106864,0.2595344567087751,-0.1616094948602383
3.066972326660156,-11.238382592773437,2.999934680175781,1.0495957135275822,0.3746462485960347,-0.11084839218773146
3.1651345947265623,-10.733206042480468,3.4261025756835934,2.861140892105208,0.6369785613576252,-0.01212404289553313
2.0087351928710935,-9.404424121093749,4.584896179199219,3.32332006578218,0.8805252691931699,0.14695405839311035
2.8802245971679685,-9.828197814941406,5.590460876464843,3.6963675394908915,1.1469877504136783,0.8734640134408262
3.1771056030273437,-8.113949426269532,5.971138940429687,3.8378591170189815,1.327782543921793,0.581287902782539
1.8818425048828125,-6.186617089843749,7.486668591308593,3.338108733489918,0.7174502306862187,0.6491026042531582
1.3287819213867187,-6.785167504882812,7.175422375488281,3.009294031663811,0.3401393572779789,0.5118744264245966
1.1731588134765625,-5.834669445800781,7.766790185546874,3.6338820876446825,0.48682695318986874,0.5529096485325548
1.1420341918945311,-5.908889697265625,8.339004382324218,4.365588061076198,0.4760352227004381,0.4322021445396645
0.9624690673828125,-3.7397429931640622,8.963891015625,4.365588061076198,0.5439831554116678,0.4818973972872893
0.7230489013671875,-2.4301146850585935,8.963891015625,4.365588061076198,0.40275804036479834,0.22755895896231412
0.4644751220703125,0.3806780639648437,9.07163009033203,4.365588061076198,0.29310872934255916,0.17733078125224827
0.63206923828125,2.4875755249023435,9.294290844726563,4.365588061076198,-0.04783001537908124,-0.1833261870797097
0.507570751953125,4.2497079467773435,9.605537060546874,3.962430326989569,-0.14069219008442838,-0.28591424234960544
0.7637503295898437,5.623979699707031,10.484209069824217,2.480099543959881,-0.2960398166359847,-0.7243782551979518
0.8882488159179687,4.690241052246093,10.31661495361328,1.6648575826657361,-0.0770076570727269,-0.2781868303942107
0.9002198242187499,4.534617944335937,9.907206469726562,1.119675346088576,0.11764318545885442,-0.17306738155272017
0.7493851196289062,4.134786267089844,9.332598071289063,1.1232725895850528,0.1433568148966335,-0.18532465568886355
0.603338818359375,4.601655590820312,9.18655177001953,1.0402695266848645,0.10818376737552639,0.019318529888486854
0.6655880615234374,5.070919116210937,9.45470235595703,0.7426309351615566,0.1296339971137773,0.032241960227681506
0.6368576416015624,5.353434912109375,9.567229833984374,0.7335712108000594,0.10778407365369562,-0.12856814718889525
0.5458779785156249,6.007051965332031,9.550470422363281,0.21823277211959632,0.13443032177574646,-0.10858346109735714
0.4165910888671875,5.774814404296874,9.320627062988281,-0.29683920407964626,-0.10152220534501366,-0.17506585016187395
0.5051765502929687,5.370194323730469,9.165003955078124,-0.07714088831333717,0.0095926493239383,-0.16667228200342796
0.5195417602539062,5.204994409179688,9.236830004882812,-0.19171975523815574,0.013189892820415163,-0.0514272588755581
0.59376201171875,5.102043737792968,9.241618408203124,0.045565084288706925,0.04663093421358895,-0.06328483928987072
0.5578489868164063,5.453991381835937,9.157821350097656,0.17413323147760218,0.11098162342834172,-0.13909341519710536
0.3758896606445312,5.72693037109375,9.09796630859375,-0.007860643196004996,0.012390505376753637,-0.10911638605979816
0.5123591552734374,5.6215854980468745,8.947131604003905,-0.35506125622632734,-0.05675650849996827,-0.03543951000232761
0.6368576416015624,5.102043737792968,8.935160595703124,-0.3885022976195011,-0.016120980113840753,-0.018385911204215073
0.5722141967773438,5.032611889648437,8.947131604003905,-0.18039509978628412,0.03064318534035846,-0.04876263406335302
0.6392518432617187,5.130774157714844,9.160215551757812,-0.4986845336041813,-0.049695252747624805,0.02424808579106626
0.6248866333007812,4.57771357421875,9.102754711914063,-0.5005497709727249,-0.07993874436615249,0.02598009191899956
0.5243301635742187,4.797980126953124,9.215282189941405,-0.2564701381747393,-0.06435068921475276,-0.012523736617363892
0.40940848388671874,5.200206005859375,9.217676391601563,-0.32908116430732776,-0.0668820827863476,-0.019984686091538122
0.8092401611328125,4.953603234863281,9.497797985839844,-0.17959571234262262,0.07847320071943971,-0.020650842294589397
0.612915625,5.054159704589844,9.399635717773437,-0.04290045947650184,0.1308330782792696,-0.0604869832370554
0.3687070556640625,5.030217687988281,9.13627353515625,-0.095926493239383,0.09765849936731631,-0.08433537530629089
0.4285620971679687,4.881777185058594,9.311050256347656,-0.09339509966778817,0.08446860654690114,-0.03543951000232761
0.47165772705078124,4.958391638183594,9.334992272949219,-0.00866003063966652,0.022249617181912446,-0.015588055151399738
0.5770026000976562,5.161898779296875,9.358934289550781,-0.15694640143887942,0.08113782553164478,-0.033307810152563545
0.5315127685546874,5.154716174316406,9.382876306152344,-0.45218683063120263,0.03703828488965066,0.0305099540997482
0.5985504150390625,4.553771557617187,9.457096557617186,-0.5763583468799595,0.002264931090374321,0.07980551312554225
0.5147533569335937,4.096479040527344,9.267954626464844,-0.03703828488965066,0.07993874436615249,0.002398162330984575
0.42377369384765623,4.759672900390624,9.275137231445312,0.10938284854101867,0.07221133241075775,-0.00866003063966652
0.4908113403320312,4.991910461425781,9.507374792480467,-0.08007197560676275,-0.002264931090374321,-0.0305099540997482
0.6560112548828124,4.61602080078125,9.686939916992188,-0.11324655451871604,0.09246248098351639,-0.018119448722994567
0.45968671875,4.745307690429687,9.562441430664062,-0.1328315468884234,0.05062787143189658,-0.018119448722994567
0.373495458984375,4.900930798339844,9.521740002441407,-0.327082695698174,-0.007061255752343471,-0.04916232778518379
0.5219359619140624,4.936843823242187,9.65342109375,-0.7911271067436892,-0.10072281790135215,0.03144257278401998
0.5889736083984375,6.0716954101562495,9.91438907470703,-2.320754980190017,-0.26606278749867757,0.24687748885080096
0.6368576416015624,6.6510922119140625,9.756371765136718,-4.365721292316808,-0.5684977036839546,0.49308882149855066
0.4333505004882812,2.712630480957031,8.226476904296874,-4.365721292316808,-1.0707794807846127,0.6429739671850866
1.4437036010742186,-2.2577321655273437,7.4699091796875,-4.365721292316808,-1.7418652397384629,0.5399862181933601
1.599326708984375,-5.116408947753906,8.24802471923828,-4.365721292316808,-1.481398164345416,0.22276263430034499
2.205059729003906,-6.6510922119140625,7.9295958984374995,-4.365721292316808,-1.3368422682832903,0.25047473234727785
2.090138049316406,-6.426037255859375,7.048529687499999,-4.365721292316808,-0.8833231252459851,0.5303935688694218
2.4564509033203126,-7.536946826171874,5.494692810058593,-4.365721292316808,-1.056257275558095,0.3412052072028609
2.118868469238281,-10.83376251220703,4.182670300292968,-4.365721292316808,-1.0333415021731314,-0.14708728963372059
2.760514514160156,-11.044452258300781,3.6439749267578123,-3.648803986593031,-0.8601408893798009,-0.393698316003301
2.7629087158203123,-9.380482104492186,2.5354595581054684,-2.3458024534247452,-0.19092036779449423,-0.11591117933092111
2.7365724975585937,-9.6151138671875,1.7214309936523438,-1.617693723489706,-0.3105620218625025,-0.32854823934488675
3.0502129150390624,-9.9981861328125,1.2928688964843749,-1.0662496186038641,-0.06461715169597326,-0.2507411948284983
2.7724855224609373,-9.947907897949218,1.3215993164062498,-0.8568101083645445,-0.06235222060559895,-0.016120980113840753
2.901772412109375,-9.418789331054686,1.5921441040039062,-0.49615314003258654,0.06954670759855268,0.12683614106096197
2.978386865234375,-8.88009395751953,1.465251416015625,-0.2777871366723799,-0.026779479362661087,0.009992343045769061
2.9496564453125,-9.105148913574219,1.1276689819335937,-0.247943338775683,-0.05102756515372735,0.041035222107958284
2.779668127441406,-9.409212524414063,0.33758243408203126,-0.13802756527222332,0.03797090357392244,0.017852986241774057
2.712630480957031,-9.368511096191405,0.2825157958984375,-0.1765313938085868,-0.07394333853869106,0.013589586542245924
2.9831752685546875,-9.610325463867188,0.6105214233398437,-0.1584119450855922,-0.04916232778518379,-0.037837672333312186
2.942473840332031,-9.7683427734375,0.5793968017578125,-0.10471975511965978,0.05182695259738887,0.00866003063966652
2.7174188842773437,-9.514557397460937,0.5363011718749999,-0.14349004613724373,0.00159877488732305,0.05702297098118878
2.712630480957031,-9.469067565917967,0.5099649536132812,-0.19718223610317617,-0.0191852986478766,0.022782542144353463
2.767697119140625,-9.512163195800781,0.6536170532226562,-0.17360030651516117,0.013856049023466432,-0.018252679963604822
2.77727392578125,-9.624690673828125,0.6009446166992187,-0.09499387455511121,0.00479632466196915,-0.022382848422522698
2.923320227050781,-10.153809240722655,0.5961562133789062,-0.031042879062189218,0.06062021447766565,-0.013056661579804908
2.9544448486328125,-10.788272680664061,0.7685387329101562,0.6552312413212299,0.19491730501280186,-0.02997702913730719
3.380612744140625,-11.827356201171874,0.6392518432617187,2.3318131731606684,0.6224563561311075,-0.08819908128398825
2.8227637573242186,-10.295067138671874,1.1109095703125,3.5011837719968693,0.834027566220191,0.0433001531983326
2.5258827514648434,-9.548076220703125,1.917755529785156,3.4180474778560703,0.6023384387989591,0.1529494642205718
2.6240450195312497,-10.266336718749999,3.0933085449218747,4.055159270454306,0.3390735073530969,0.23875038317357547
2.39420166015625,-9.926360083007811,3.754108203125,4.365588061076198,0.1781301686959098,-0.20544257302101193
2.2936451904296873,-7.426813549804687,4.019864587402344,4.365588061076198,0.006794793271122962,-0.29550689167354377
2.3965958618164063,-4.9416322265625,5.719747766113281,4.365588061076198,0.1389601839564951,-1.0862343046954022
2.693476867675781,-4.216189123535156,6.885723974609375,4.365588061076198,0.71292036850547,-1.5345574293489075
2.3295582153320313,-0.16759411621093748,8.63109698486328,4.365588061076198,1.3197886694851777,-1.9996676903193047
1.89620771484375,3.2154128295898436,9.540893615722656,4.365588061076198,1.1912205222962824,-1.5027151628430566
1.9009961181640624,4.453215087890625,10.122684619140625,4.35079939336846,0.9891087302905269,-1.0432006139782901
1.668758557128906,4.376600634765625,10.146626635742187,2.341006128762776,0.7330382858376184,-0.5543751921792676
1.7788918334960937,3.5673604736328124,9.962273107910155,1.8154088845553231,0.4488560496159463,-0.32908116430732776
1.6448165405273436,4.067748620605468,9.988609326171874,1.4762021459616161,0.554108729698047,-0.2848483924247234
1.5753846923828123,4.259284753417968,9.883264453125,1.233454825569733,0.4671087295795511,-0.30909647821578967
1.3575123413085937,4.446032482910156,9.830592016601562,1.071445636987664,0.5549081171417086,-0.30096937253856415
0.9337386474609375,4.88417138671875,9.41639512939453,0.7699433394866588,0.37158193006199886,-0.17946248110201235
0.852335791015625,5.137956762695312,9.212887988281249,0.4107519148014136,0.23768453324869343,-0.09312863718656766
0.9265560424804687,5.269637854003906,9.169792358398437,-0.037837672333312186,0.011191424211261349,0.09286217470534716
1.0797849487304687,5.303156677246093,9.440337145996093,-0.15694640143887942,0.06288514556803997,0.0929954059459574
0.9241618408203125,5.317521887207031,9.540893615722656,0.12270597260204408,0.09845788681097782,-0.1087166923379674
0.7709329345703124,5.578489868164062,9.318232861328125,0.010924961730040842,0.136828484106731,-0.08620061267483445
0.7924807495117187,5.125985754394531,9.04050546875,-0.21663399723227325,0.02971056665608668,0.005995405827461438
0.7948749511718749,4.7884033203125,8.942343200683593,-0.295107197951713,-0.0415681470703993,0.0604869832370554
1.1180921752929687,4.8650177734375,9.234435803222656,-0.055690658575086247,0.008926493120887028,0.03797090357392244
1.0414777221679687,5.185840795898438,9.299079248046874,-0.21396937242006817,0.03290811643073278,0.040502297145517265
1.1540052001953125,4.608838195800781,8.930372192382812,-0.327082695698174,0.016120980113840753,0.080205206847373
1.0342951171875,4.460397692871093,8.935160595703124,-0.1505513018895872,0.019318529888486854,0.11884226662434672
0.9552864624023437,4.6447512207031245,8.94473740234375,-0.02624655440022007,0.10072281790135215,0.09192955602107537
0.9313444458007812,5.046977099609375,9.260772021484375,-0.054491577409593955,0.10991577350345969,0.0752756509447936
0.9816226806640624,5.219359619140625,9.397241516113281,0.15148392057385898,0.1505513018895872,-0.12283920384265434
0.7900865478515624,5.221753820800781,9.193734375,0.21063859140481184,0.07061255752343472,-0.12736906602340298
0.9911994873046874,5.269637854003906,9.354145886230468,0.09139663105863435,0.13562940294123874,-0.057422664703019544
0.6177040283203125,5.272032055664062,9.153032946777342,0.005196018383799912,0.10565237380393155,-0.01958499236970736
0.8068459594726562,5.444414575195312,9.445125549316407,-0.14029249636259766,0.033307810152563545,-0.005462480865020421
0.7565677246093749,5.015852478027344,9.299079248046874,-0.14282388993419246,0.09246248098351639,-0.03437366007744557
0.7015010864257812,5.027823486328125,9.184157568359375,-0.16147626361962805,0.023182235866184224,-0.0013323124061025418
0.8690952026367187,5.05655390625,9.157821350097656,-0.3774441046488501,0.07021286380160395,0.0430336907171121
0.737414111328125,4.824316345214844,9.167398156738281,-0.5954104142872259,0.1648070446348844,0.09179632478046512
0.6440402465820312,4.556165759277343,9.066841687011719,-0.5202679945830425,0.13749464030978228,-0.000799387443661525
0.6727706665039062,4.733336682128906,9.234435803222656,-0.6160612565818152,0.11284686079688527,0.0021316998497640663
0.9600748657226562,5.068524914550781,10.014945544433592,-1.5565405840495994,0.15028483940836668,0.09765849936731631
0.6177040283203125,5.604826086425781,9.923965881347655,-4.058223588988342,-0.20077947959965303,0.479632466196915
0.6751648681640625,4.134786267089844,9.662997900390625,-4.365721292316808,-0.575558959436298,0.5956768767684464
0.9696516723632812,1.8602946899414061,9.382876306152344,-4.365721292316808,-0.6090000008294718,0.520001532101822
1.3144167114257812,-0.6631938598632812,8.923189587402343,-4.365721292316808,-0.9964364485240909,0.4203445641253519
1.70467158203125,-3.938461730957031,7.838616235351562,-4.365721292316808,-1.5942450251423015,0.5141393575149709
1.4341267944335936,-5.61200869140625,6.598419775390624,-4.365721292316808,-1.2883460967011577,0.17280091907149964
1.917755529785156,-7.6997525390625,5.260061047363281,-4.365721292316808,-0.9496722830698917,0.037837672333312186
2.8850130004882812,-10.484209069824217,4.508281726074219,-4.365721292316808,-0.43446707563003883,-0.07940581940371148
2.521094348144531,-11.726799731445311,3.670311145019531,-4.365721292316808,-0.0058621745868511835,-0.01692036755750228
2.408566870117187,-11.666944689941406,2.3965958618164063,-2.8257013821028805,0.231689127421232,-0.054091883687763194
2.2601263671875,-10.747571252441405,1.6352397338867186,-1.4403629422374578,0.11471209816542884,-0.044632465604435144
2.4253262817382812,-9.983820922851562,1.5753846923828123,-0.7178499244080494,0.014255742745297196,-0.1328315468884234
1.7262193969726563,-8.963891015625,2.3151930053710936,-0.49775191491990955,-0.11457886692481858,-0.19824808602805818
2.3535002319335936,-9.49300958251953,2.5354595581054684,-0.3386738136312661,0.053558958725322174,-0.06368453301170149
2.7174188842773437,-9.363722692871093,2.2290017456054687,-0.21929862204447836,0.18385911204215075,-0.01372281778285618
2.50912333984375,-9.330203869628905,1.9201497314453124,-0.2462113326477497,0.15241653925813076,0.01958499236970736
2.43250888671875,-9.30147344970703,1.6136919189453125,-0.3775773358894603,-0.022915773384963714,-0.03503981628049684
2.6312276245117188,-9.868899243164062,1.4341267944335936,-0.27045941843881594,0.08646707515605495,0.037304747370871166
2.499546533203125,-9.184157568359375,1.3072341064453123,-0.2063751917052837,0.07420980101991156,0.03903675349880447
2.3774422485351563,-9.325415466308593,1.1276689819335937,-0.5463813177426523,0.13309800936964392,-0.0037304747370871167
2.243366955566406,-10.000580334472655,0.7829039428710937,-0.30949617193762047,0.029843797896696934,0.03477335379927634
2.4205378784179685,-9.624690673828125,0.9265560424804687,-0.22769219020292436,0.08713323135910622,0.04836294034152226
2.2577321655273437,-9.351751684570312,0.8762778076171874,-0.4054226651770034,0.04836294034152226,0.026113323159609816
2.2098481323242187,-9.801861596679688,0.9935936889648437,-0.2354196021583191,0.05662327725935802,-0.04236753451406082
2.1643583007812497,-10.0748005859375,1.2114660400390624,0.1865237368543558,0.11018223598468019,-0.010125574286379316
2.4133552734375,-9.713276135253906,1.0199299072265624,0.11804287918068519,0.2019785607651453,0.016254211354451008
2.2457611572265623,-9.744400756835937,0.70868369140625,-0.15388208290484356,0.1650735071161049,0.0511607963943376
2.4396914916992185,-9.952696301269532,0.5027823486328125,-0.09486064331450096,0.004529862180748642,0.0058621745868511835
2.408566870117187,-9.986215124511718,0.6584054565429687,0.00013323124061025415,-0.01372281778285618,0.002264931090374321
2.463633508300781,-9.880870251464843,0.9983820922851562,0.21383614117945793,0.0075941807147844875,0.036771822408430146
2.3151930053710936,-9.892841259765625,1.2473790649414063,0.39436447220635235,0.05862174586851183,0.058488514627901576
2.482787121582031,-10.711658227539061,1.6903063720703124,1.0819709049958741,0.11937519158678774,0.10791730489430588
2.6910826660156246,-11.944672082519531,1.8555062866210936,3.223130172843269,0.3485329254364249,0.07780704451638844
2.3343466186523436,-10.850521923828124,2.2744915771484373,4.365588061076198,0.5722281784210417,0.19851454850927872
2.9568390502929685,-9.299079248046874,3.9887399658203124,4.365588061076198,0.8203047484373349,0.4924226652954994
1.9584569580078124,-9.56962403564453,4.599261389160156,4.365588061076198,1.2197320077868767,0.23315467106794477
2.01112939453125,-8.585607153320312,4.568136767578125,4.365588061076198,1.8295313960600101,-0.12257274136143384
1.0390835205078124,-4.939238024902344,5.465962390136719,4.365588061076198,2.4102863738801084,-0.5026814708224889
-0.0430956298828125,1.216254443359375,6.744466076660156,4.365588061076198,2.277588058232295,-0.06062021447766565
-0.7876923461914062,3.833116857910156,7.905653881835937,4.365588061076198,1.4498223603207858,-0.08100459429103453
-0.8643067993164062,4.735730883789063,9.157821350097656,4.365588061076198,0.7426309351615566,-0.12350536004570561
-0.6727706665039062,5.801150622558594,10.359710583496094,2.3857718256078213,0.3883690663788909,-0.0654165391396348
-0.5482721801757812,4.572925170898437,10.421959826660157,0.8632052079138368,-0.027845329287543123,-0.041035222107958284
0.16041151123046873,3.6655227416992187,10.089165795898436,1.162575805565078,0.07447626350113207,-0.03410719759622506
-0.14604630126953125,4.953603234863281,10.496180078124999,0.8977120992318925,0.3709157738589476,-0.03503981628049684
-0.6392518432617187,4.697423657226563,9.490615380859374,0.6252542121839227,0.16840428813136127,0.02624655440022007
-0.5363011718749999,5.035006091308594,9.452308154296874,0.5201347633424322,0.09219601850229589,-0.011058192970651094
-0.5530605834960938,4.862623571777344,9.49300958251953,0.31362634039653825,0.025047473234727783,-0.02571362943777905
-0.469263525390625,4.848258361816406,9.430760339355468,0.446591118525572,0.031042879062189218,-0.022516079663132953
-0.5099649536132812,5.588066674804687,9.428366137695312,0.05635681477813751,-0.02011791733214838,0.02584686067838931
-0.6057330200195312,5.147533569335937,9.251195214843749,-0.2797856052815338,-0.015188361429568975,0.0026646248122050836
-0.507570751953125,4.8650177734375,9.016563452148437,0.09725880564548554,0.023581929588014985,0.035705972483548114
-0.718260498046875,5.6024318847656245,9.02135185546875,-0.03557274124293786,-0.05502450237203497,0.06022052075583488
-0.6368576416015624,5.528211633300781,9.1554271484375,-0.4865604907086482,-0.1384272589940541,0.10978254226284943
-0.22505495605468748,4.496310717773437,9.423577734375,-0.5263966316511142,-0.1979816235468377,0.2592679942275546
-0.05746083984375,4.65432802734375,9.840168823242188,-0.14868606452104366,-0.031042879062189218,0.33734150122516354
-0.2657563842773437,5.092466931152344,9.425971936035156,-0.07607503838845513,0.07167840744831674,0.2290245026090269
-0.469263525390625,5.027823486328125,8.8489693359375,-0.11018223598468019,-0.045298621807486415,0.1532159267017923
-0.0909796630859375,4.996698864746094,9.184157568359375,-0.13935987767832586,-0.05329249624410167,0.0767411945915064
-0.17238251953125,4.651933825683593,9.157821350097656,-0.14082542132503867,-0.07620826962906538,0.054091883687763194
-0.076614453125,4.707000463867187,9.244012609863281,-0.16893721309380227,-0.11018223598468019,0.05662327725935802
0.1484405029296875,4.932055419921875,9.583989245605467,-0.4653767234516178,-0.06648238906451683,0.03464012255866608
-0.02633621826171875,4.649539624023437,9.411606726074218,-0.6994640132038344,-0.057955589665460557,0.049695252747624805
-0.08140285644531249,4.446032482910156,9.394847314453125,-0.72864165489748,-0.12710260354218247,-0.004529862180748642
-0.08379705810546874,4.2305543334960936,9.433154541015625,-0.5477136301487548,-0.1028545177511162,-0.03916998473941472
-0.0526724365234375,4.666299035644531,10.046070166015625,-1.2327886693666816,-0.1633415009881716,0.14735375211494112
-0.16998831787109375,4.438849877929687,10.134655627441406,-2.2834502328191464,-0.31975497746460996,0.2677947936266109
0.055066638183593745,3.4931402221679684,10.058041174316406,-2.5439173082121926,-0.35612710615120935,0.3003032163355129
0.21787235107421873,3.8283284545898435,10.548852514648438,-3.8541133283734323,-0.5617029104128316,0.4100857585983623
0.5506663818359374,2.5354595581054684,10.120290417480469,-4.365721292316808,-0.6039372136862822,0.1967825423813454
0.6488286499023437,0.5195417602539062,10.089165795898436,-4.365721292316808,-0.83869065964155,0.06528330789902453
1.0534487304687499,-1.8004396484374998,8.762778076171875,-4.365721292316808,-0.9186294040077024,-0.2792526803190927
0.948103857421875,-4.900930798339844,7.3861121215820305,-4.365721292316808,-0.9280888220910305,-0.2755222055820056
0.9002198242187499,-6.433219860839843,6.603208178710937,-4.365721292316808,-0.9051730487060669,0.2777871366723799
2.0087351928710935,-8.451531860351562,6.9360022094726554,-4.365721292316808,-0.7081240438435009,-0.0305099540997482
1.8722656982421875,-8.851363537597656,6.311115576171875,-4.365721292316808,-0.39742879074038817,-0.05515773361264523
2.123656872558594,-8.67658681640625,5.161898779296875,-4.205977034825113,-0.14015926512198737,0.021716692219471426
2.3343466186523436,-9.753977563476562,4.062960217285156,-3.5166385959076587,-0.16960336929685357,0.020384379813368887
2.8227637573242186,-10.560823522949217,3.8283284545898435,-2.1686049034131067,-0.06874732015489114,-0.04862940282274277
2.0302830078125,-9.809044201660155,3.2728736694335936,-1.2923430339194653,-0.03916998473941472,-0.0063950995492922
2.138022082519531,-9.423577734375,3.303998291015625,-0.7241117927167314,0.03170903526524049,0.13856049023466432
1.8339584716796873,-8.908824377441405,3.1866824096679687,-0.49069065916756605,-0.06421745797414251,-0.018119448722994567
1.9919757812499999,-8.683769421386717,3.2154128295898436,-0.32801531438244574,0.06181929564315793,-0.07833996947882944
2.1739351074218747,-9.057264880371093,3.0071172851562498,-0.12803522222645425,0.11844257290251595,-0.09206278726168562
2.1212626708984375,-9.282319836425781,2.7964275390625,0.09139663105863435,0.04583154676992743,-0.09979019921708036
2.2744915771484373,-9.476250170898437,3.0214824951171875,0.07087902000465522,0.10605206752576231,-0.17053598798112535
2.365471240234375,-10.587159741210938,3.1603461914062496,0.722912711551239,0.1955834612158531,-0.09752526812670605
2.3918074584960936,-10.596736547851561,3.086125939941406,1.7844992367337442,0.24208116418883183,-0.04170137831100955
1.9728221679687499,-9.521740002441407,3.268085266113281,2.3617902022979758,0.3114946405467742,-0.08593415019361393
1.924938134765625,-10.493785876464843,3.632003918457031,3.354362944844369,0.25500459452802643,-0.16227565106328956
1.6543933471679686,-10.28549033203125,4.709394665527343,4.365588061076198,0.3001699850949026,-0.3296140892697688
2.4971523315429685,-8.291120349121094,5.9376201171875,4.365588061076198,0.6460382857191225,-0.19598315493768387
2.0566192260742184,-6.873752966308594,7.022193469238281,4.365588061076198,1.1741669234981698,-0.25473813204680595
1.618480322265625,-4.8314989501953125,7.7979148071289055,4.365588061076198,1.3833399712562688,-0.20091271084026327
1.429338391113281,-2.0446482177734375,8.757989672851561,4.365588061076198,1.427839205620094,-0.667754977938594
0.8092401611328125,0.5913678100585937,9.667786303710937,4.365588061076198,1.296339971137773,-0.4322021445396645
0.3758896606445312,2.7246014892578123,9.847351428222655,4.365588061076198,0.9367488527306971,-0.2948407354704925
0.430956298828125,3.1507693847656246,9.835380419921874,3.585119453581329,0.7468943348610848,-0.3677182240843015
0.16280571289062498,4.436455676269531,10.1131078125,2.298105669286274,0.5181362947332785,-0.2412817767451703
0.11731588134765625,3.9911341674804683,10.038887561035155,1.33151301865888,0.3177565088554562,-0.17746401249285856
0.05027823486328125,3.8474820678710935,9.610325463867188,1.158978562068601,0.23422052099282684,-0.10978254226284943
-0.040701428222656245,4.3071687866210935,9.488221179199218,1.0034977042764344,0.1859908118919148,-0.014255742745297196
0.20829554443359374,4.261678955078125,9.665392102050781,0.8845222064114774,0.1970490048625659,0.049828483988235056
0.14604630126953125,4.7117888671875,9.658209497070311,0.9343506903997124,0.2607335378742674,0.00479632466196915
-0.0047884033203125,5.214571215820312,9.5001921875,0.6147289441757127,0.18172741219238667,0.002398162330984575
0.05746083984375,4.944026428222656,9.380482104492186,0.6427075047038661,0.17280091907149964,-0.03064318534035846
-0.02154781494140625,5.444414575195312,9.169792358398437,0.4922894340548891,0.19438438005036082,-0.07607503838845513
-0.22505495605468748,5.377376928710937,8.872911352539061,0.22409494670644753,0.07873966320066021,0.000799387443661525
-0.047884033203124995,5.5090580200195305,9.112331518554686,0.2058422667428427,0.08273660041896783,0.001732006127933304
-0.0526724365234375,5.374982727050781,9.124302526855468,0.24088208302333952,0.057689127184240054,-0.026646248122050836
-0.08140285644531249,5.485116003417969,9.042899670410156,0.17026952549990482,0.04929555902579404,0.0033307810152563544
0.023942016601562498,5.6311623046875,9.042899670410156,0.15241653925813076,0.017586523760553547,-0.08500153150934216
-0.16280571289062498,5.346252307128906,8.793902697753905,0.21676722847288354,-0.0604869832370554,-0.07221133241075775
-0.14604630126953125,5.487510205078125,8.793902697753905,0.3846385916418038,-0.08446860654690114,-0.02717917308449185
-0.1771709228515625,5.9591679321289055,8.9255837890625,0.27418989317590303,-0.04290045947650184,0.005462480865020421
-0.06464344482421874,6.303932971191406,9.069235888671875,0.07634150086967564,-0.03384073511500456,0.013589586542245924
-0.15322890625,6.347028601074219,8.844180932617187,-0.3885022976195011,-0.04036906590490701,-0.003863705977697371
-0.03591302490234375,5.961562133789062,8.947131604003905,-0.8368254222730064,-0.20837366031443752,0.06301837680865022
0.1197100830078125,5.767631799316406,9.023746057128905,-1.298871364709368,-0.24701072009141123,0.10245482402928546
0.08140285644531249,5.6024318847656245,9.018957653808593,-1.9314532951268546,-0.30829709077212814,0.15428177662667433
-0.040701428222656245,5.2624552490234375,9.198522778320312,-2.8395574311263467,-0.4783001537908124,0.21610107226983225
0.2537853759765625,4.228160131835938,9.323021264648437,-3.5646018425273502,-0.7274425737319877,0.311361409306164
0.584185205078125,1.7094599853515624,9.564835632324218,-3.0704471711039174,-0.7632817774561461,0.3394732010749276
0.8307879760742187,2.3726538452148436,10.587159741210938,-2.623722821337735,-0.4543185304809667,0.26819448734844165
0.6775590698242188,3.0119056884765625,10.352527978515624,-3.843588060365222,-0.6272526807930765,0.29204287941767715
1.0079588989257813,0.2705447875976562,10.405200415039062,-4.301770296823887,-1.070379787062782,0.2675283311453904
1.915361328125,-1.4317325927734375,10.86009873046875,-3.961364477064687,-0.9268897409255382,0.3168238901711844
1.7429788085937499,-0.9504980590820312,10.594342346191405,-4.365721292316808,-0.9420781023551072,0.24434609527920614
1.8938135131835936,-3.7110125732421873,9.203311181640624,-4.365721292316808,-1.2153353768467385,0.16667228200342796
2.2290017456054687,-5.305550878906249,8.760383874511719,-4.365721292316808,-0.9011761114877591,0.16533996959732541
2.3774422485351563,-5.027823486328125,8.166621862792969,-4.365721292316808,-0.6637580407202862,0.33734150122516354
2.3032219970703123,-6.622361791992187,6.830657336425781,-4.365721292316808,-0.464444104767346,0.4647105672485666
2.597708801269531,-7.419630944824219,6.153098266601562,-4.365721292316808,-0.5605038292473392,0.23355436478977554
2.5641899780273434,-9.70369932861328,5.4013189453125,-3.5067794841024997,-0.3719816237838296,0.11870903538373646
2.8203695556640622,-8.8489693359375,4.797980126953124,-2.5304609529105573,0.009725880564548555,0.2997702913730719
2.0757728393554684,-9.2320416015625,4.017470385742187,-1.709356817029561,0.09219601850229589,0.22662634027804232
2.4971523315429685,-9.023746057128905,4.096479040527344,-0.9077044422776616,0.13216539068537214,0.16227565106328956
2.4899697265625,-9.191340173339842,3.775656018066406,-0.353862175060835,0.026513016881440577,-0.009725880564548555
2.5258827514648434,-8.492233288574218,3.8379052612304685,0.15188361429568975,0.004396630940138387,-0.11897549786495697
2.29843359375,-7.790732202148437,3.7517140014648436,-0.7865972445629407,0.04836294034152226,-0.024914241994117528
2.422932080078125,-9.504980590820312,3.6750995483398436,-1.044666157625003,-0.16867075061258177,-0.027978560528153375
2.693476867675781,-9.744400756835937,3.7325603881835936,-0.2989709039294104,-0.044232771882604376,-0.03743797861148142
2.518700146484375,-9.351751684570312,3.6583401367187496,0.016254211354451008,0.1967825423813454,-0.008393568158446012
2.29843359375,-8.786720092773438,3.4261025756835934,-0.3795758044986141,0.0848683002687319,0.0039969372183076245
2.4109610717773435,-9.572018237304688,3.308786694335937,-0.4367320067204131,-0.01971822361031762,0.0033307810152563544
2.6240450195312497,-9.78031378173828,3.3542765258789062,-0.09432771835205994,0.06115313944010666,-0.029310872934255914
2.549824768066406,-9.528922607421874,3.1124621582031247,0.08033843808798326,0.10591883628515206,0.02598009191899956
2.4971523315429685,-9.516951599121093,3.1483751831054687,0.09286217470534716,0.08433537530629089,0.0255803981971688
2.5809493896484375,-9.543287817382812,3.4835634155273434,0.4331347632239363,0.12363859128631587,0.02078407353519965
2.511517541503906,-9.45470235595703,3.775656018066406,0.8100459429103453,0.20504287929918116,-0.0013323124061025418
2.6695348510742187,-9.911994873046874,3.938461730957031,1.3116615638079523,0.27418989317590303,0.002531393571594829
2.583343591308594,-10.998962426757812,4.374206433105469,2.85154824278127,0.34919908163947616,0.03170903526524049
2.935291235351562,-10.09395419921875,4.632780212402343,4.365588061076198,0.48283001597156106,-0.08566768771239343
2.252943762207031,-8.480262280273436,5.030217687988281,4.365588061076198,0.8718652385535033,-0.2723246558073595
2.35589443359375,-7.687781530761718,4.898536596679687,4.365588061076198,1.597709037398168,-0.967658500552276
1.6998831787109374,-3.806780639648437,6.263231542968749,4.365588061076198,2.0245819323134224,-0.658428791095876
1.3263877197265623,1.199495031738281,8.9255837890625,4.365588061076198,2.019252682689012,-0.9764517624325527
0.5291185668945312,3.507505432128906,10.09395419921875,4.365588061076198,1.170569680001693,-0.11711026049641342
0.2753331909179687,3.7325603881835936,10.551246716308594,3.1907549813749774,0.6794793271122962,-0.19691577362195564
0.19632453613281248,3.67749375,10.345345373535155,2.678081167506719,0.41528177698216223,-0.5265298628917244
0.19632453613281248,3.399766357421875,9.694122521972655,2.6658238933705753,0.19904747347171972,-0.6181929564315793
0.51714755859375,3.1316157714843746,9.445125549316407,3.336643189843205,0.06608269534268607,-0.6176600314691383
0.6272808349609375,5.310339282226562,9.782707983398437,3.499451765868936,0.3909004599504857,-0.6027381325207898
0.0526724365234375,5.961562133789062,9.176974963378905,2.9077718263187973,0.47896630999386375,-0.5959433392496668
-0.16280571289062498,7.321468676757812,8.449137658691406,1.8004869856069747,0.30456661603504104,-0.30243491618527696
-0.3064578125,7.417236743164062,7.843404638671874,1.0276125588268903,0.04343338443894285,-0.22769219020292436
-0.22505495605468748,7.189787585449218,7.793126403808594,0.6732174588036143,-0.05808882090607082,-0.16787136316892026
0.05746083984375,7.40526573486328,8.180987072753906,0.34573506938360954,-0.050094946469455566,-0.05662327725935802
-0.181959326171875,7.144297753906249,7.9655089233398435,0.20437672309612986,-0.03770444109270193,-0.012523736617363892
-0.06464344482421874,7.388506323242187,7.663839514160156,0.21730015343532455,0.07407656977930133,-0.05968759579339387
-0.14125789794921875,7.266402038574219,7.364564306640625,0.18146094971116616,0.08806585004337801,-0.057156202221799034
-0.18914193115234373,7.230489013671875,7.264007836914062,-0.05222664631921963,0.05649004601874777,0.050094946469455566
-0.12449848632812499,7.072471704101562,7.419630944824219,-0.17066921922173559,-0.02078407353519965,0.11924196034617748
-0.08379705810546874,7.144297753906249,7.481880187988281,-0.03450689131805583,-0.05968759579339387,0.04849617158213252
0.10773907470703124,6.979097839355468,7.580042456054687,-0.08273660041896783,-0.1732006127933304,0.11298009203749554
0.0430956298828125,7.153874560546875,7.697358337402343,-0.2632649314458622,-0.15681317019826913,0.15827871384498196
0.086191259765625,6.883329772949218,7.575254052734374,-0.10951607978162892,-0.06621592658329632,-0.006128637068071691
0.09576806640624999,6.833051538085937,7.769184387207031,-0.07980551312554225,0.008526799399056265,0.01212404289553313
0.12210428466796874,7.0078282592773435,8.003816149902343,-0.28165084265007734,0.014122511504686942,0.021583460978861175
0.2346317626953125,6.868964562988281,8.111555224609374,-0.4002266467932035,-0.0030643185340358454,0.0430336907171121
0.011971008300781249,6.995857250976562,8.161833459472655,-0.5168039823271758,-0.03970290970185574,0.03770444109270193
0.15083470458984374,7.1778165771484375,8.384494213867187,-0.9490061268668405,-0.15867840756681273,0.07727411955394742
0.05746083984375,7.055712292480468,8.437166650390624,-1.8870872920036401,-0.37651148596457823,0.2559372132122983
0.28730419921875,5.798756420898437,8.264784130859374,-1.823669221473159,-0.3554609499481581,0.2548713632874162
0.5889736083984375,5.346252307128906,8.71489404296875,-1.316324657229311,-0.011457886692481857,0.09392802463022919
0.04548983154296875,6.0142345703124995,8.51617530517578,-2.048696786863878,-0.1212404289553313,0.21210413505152462
0.16519991455078123,5.681440539550781,8.480262280273436,-3.227393572542797,-0.6339142428235893,0.3092297094563999
0.7206546997070312,4.498704919433593,9.157821350097656,-3.9409800972513183,-0.9109019920523077,0.5788897404515544
1.0773907470703123,2.9089550170898435,9.679757312011718,-4.052494645642101,-0.958732007431389,0.5515773361264522
1.7836802368164062,1.618480322265625,10.409988818359375,-3.9197963299942877,-0.6360459426733533,0.4960199087919762
1.5729904907226562,1.867477294921875,10.137049829101562,-4.365721292316808,-0.700796325609937,0.4356661567955311
1.1133037719726562,0.8643067993164062,8.468291271972657,-4.365721292316808,-1.2168009204934513,0.43952986277322853
1.3646949462890625,-3.5817256835937497,7.874529260253905,-4.365721292316808,-1.8407228202712715,0.6415084235383739
2.7653029174804686,-5.111620544433594,8.659827404785156,-4.365721292316808,-1.7410658522948015,0.4914900466112276
3.347093920898437,-5.315127685546875,8.74601866455078,-4.365721292316808,-1.3401730492985466,0.4553843804058487
3.6176387084960937,-7.161057165527343,8.528146313476562,-3.8531807096891604,-1.1078177656742634,0.30603215968175385
3.749319799804687,-7.055712292480468,8.382100012207031,-3.1481209843796956,-0.7287748861380904,0.24527871396347792
3.744531396484375,-7.163451367187499,7.522581616210937,-2.6542327754374835,-0.464444104767346,0.25846860678389305
3.2321722412109373,-7.522581616210937,6.543353137207031,-2.1352970932605437,-0.06994640132038345,0.18372588080154048
3.423708374023437,-8.06367119140625,6.004657763671875,-1.6827105689075101,-0.2727243495291903,0.12230627888021332
3.5625720703124997,-8.29351455078125,5.7508723876953125,-1.2644977046319221,-0.36984992393406557,0.057955589665460557
3.727771984863281,-8.425195642089843,5.655104321289063,-0.831362941407986,-0.1898545178696122,0.01851914244482533
3.763685009765625,-8.645462194824217,5.561730456542969,-0.18559111817008403,0.027578866806322613,0.020251148572758632
3.5577836669921874,-8.21690009765625,5.468356591796875,0.2586018380245033,0.13722817782856178,-0.004529862180748642
3.318363500976562,-7.486668591308593,5.331887097167969,0.1746661564400432,0.16947013805624328,0.0430336907171121
3.2920272827148436,-7.678204724121093,5.181052392578125,-0.22622664655621155,0.13629555914429,-0.019052067407266345
3.402160559082031,-8.398859423828124,4.946420629882812,-0.07434303226052183,0.0127901990985844,0.008926493120887028
3.5697546752929687,-8.058882788085937,5.293579870605469,0.0302434916185277,0.03437366007744557,0.020650842294589397
3.4069489624023435,-8.080430603027343,5.216965417480468,-0.032375191468291764,0.062485451846209204,0.004130168458917879
3.296815686035156,-8.243236315917969,5.303156677246093,0.006661562030512709,0.017852986241774057,0.08873200624642928
3.2417490478515623,-7.857769848632812,5.398924743652343,0.08100459429103453,0.015588055151399738,0.04223430327345057
3.287238879394531,-8.02536396484375,5.549759448242187,-0.06062021447766565,-0.032508422708902016,-0.02584686067838931
3.5027170288085934,-8.556876733398436,5.540182641601562,0.012656967857974145,0.023848392069235495,-0.01971822361031762
3.4668040039062498,-8.355763793945313,5.528211633300781,0.0255803981971688,-0.004130168458917879,0.049961715228845315
3.438073583984375,-8.257601525878906,5.580884069824219,-0.07953905064432175,0.011457886692481857,0.0464977029729787
3.399766357421875,-8.346186987304687,5.829881042480468,0.06301837680865022,0.14349004613724373,0.06821439519245012
3.299209887695312,-8.568847741699217,5.817910034179687,0.6276523745149074,0.3418713634059122,0.03077641658096871
3.3973721557617185,-9.165003955078124,6.0142345703124995,2.0734777976173855,0.6888055139550141,-0.045032159326265905
3.289633081054687,-8.281543542480469,6.179434484863281,3.542618687826658,0.9941715174337166,-0.10711791745064435
3.0693665283203124,-7.043741284179687,6.380547424316406,4.365588061076198,1.1696370613174212,-0.10951607978162892
2.741360900878906,-5.473144995117187,6.842628344726562,4.365588061076198,1.2203981639899282,-0.14548851474639754
2.176329309082031,-3.7158009765625,8.02536396484375,4.208774890877929,1.2317228194417997,-0.2571362943777905
2.1404162841796874,-3.9839515624999997,8.59278975830078,4.365588061076198,1.0290781024736033,-0.18732312429801734
2.166752502441406,-2.731784094238281,9.449913952636718,4.365588061076198,1.3652205225332743,-0.48322970969339185
1.5753846923828123,-0.3711012573242187,10.46984385986328,4.365588061076198,1.2923430339194653,-0.42447473258426976
1.2928688964843749,0.3591302490234375,10.450690246582031,4.365588061076198,1.1445895880826935,-0.2772542117099389
0.9409212524414062,2.4157494750976563,10.467449658203124,3.9785513071034098,0.9090367546837642,-0.2717917308449185
0.7445967163085937,2.9927520751953125,10.175357055664062,3.4546860690238907,0.8213705983622169,-0.39343185352208054
0.47884033203125,3.9839515624999997,9.854534033203125,2.5772251183647565,0.5270627878541655,-0.32428483964535865
0.5770026000976562,4.3239281982421875,9.87608184814453,2.070946404045791,0.44898928085655654,-0.2732572744916313
0.5722141967773438,4.13718046875,9.85692823486328,2.088532927806344,0.5026814708224889,-0.25327258840009315
0.2920926025390625,4.975151049804687,9.404424121093749,2.0737442600986062,0.5371883621405448,-0.21769984715715532
0.12449848632812499,5.9783215454101555,8.884882360839843,1.555341502884107,0.41155130224507513,-0.19651607990012487
-0.05985504150390625,6.054935998535156,8.537723120117187,1.1480536003385602,0.28991117956791307,-0.0863338439154447
-0.04548983154296875,6.279990954589843,8.48505068359375,1.3745467093759922,0.2779203679129902,-0.15654670771704865
-0.18914193115234373,6.83783994140625,8.291120349121094,1.2569035239171378,0.31029555938128195,-0.1842588057639815
-0.15562310791015624,7.060500695800781,7.989450939941406,0.815641655015976,0.10898315481918791,-0.14668759591188982
-0.2154781494140625,6.718129858398437,7.726088757324218,0.7391669229056902,0.06728177650817835,-0.1386937214752746
-0.16759411621093748,7.117961535644531,7.613561279296874,0.551444104885842,0.09312863718656766,-0.045298621807486415
-0.2442085693359375,7.2903440551757805,7.44357296142578,0.07794027575699868,-0.004663093421358896,-0.012923430339194655
-0.15322890625,6.931213806152344,7.376535314941406,-0.11937519158678774,-0.06941347635794241,-0.017186830038722786
-0.12210428466796874,6.880935571289062,7.558494641113281,-0.041834609551619814,-0.020384379813368887,0.0021316998497640663
-0.1771709228515625,7.338228088378906,7.738059765625,-0.16347473222878187,-0.021849923460081685,0.04743032165725048
-0.13407529296874998,7.149086157226562,7.685387329101562,-0.22569372159377055,-0.0035972434964768626,-0.009992343045769061
-0.1388636962890625,6.833051538085937,7.750030773925781,-0.17946248110201235,0.05675650849996827,0.04543185304809667
-0.3016694091796875,7.165845568847656,7.596801867675781,-0.24727718257263173,0.058488514627901576,0.020384379813368887
-0.28969840087890625,7.283161450195312,7.601590270996093,-0.5165375198459554,-0.03477335379927634,0.033041347671343035
-0.15562310791015624,7.582436657714843,8.013392956542969,-1.4443598794557655,-0.1566799389576589,0.09899081177341885
-0.229843359375,7.237671618652343,7.922413293457031,-3.1213415050170346,-0.4467243497661822,0.22569372159377055
0.09576806640624999,4.876988781738281,8.386888415527343,-2.8312970942085114,-0.32255283351742536,0.33560949509723026
0.2059013427734375,5.099649536132812,9.557653027343749,-2.3303476295139554,-0.2507411948284983,0.224894334150109
-0.031124621582031248,5.607220288085937,9.888052856445311,-3.0982925003914605,-0.37144869882138865,0.22596018407499108
0.35194764404296874,4.055777612304687,9.813832604980469,-3.5558085806470734,-0.4877595718741405,0.18106125598933542
0.5889736083984375,2.291250988769531,10.120290417480469,-3.206476267766987,-0.5662327725935802,0.11551148560909036
0.7972691528320313,1.2593500732421874,10.280701928710936,-2.974254215383314,-0.7363690668528747,0.17080245046234582
0.9600748657226562,0.507570751953125,10.82179150390625,-2.716318533561862,-0.9629954071309171,0.2137029099388477
1.5298948608398437,-0.29448680419921874,10.709264025878905,-2.2180336936795113,-0.8689341512600777,0.3044333847944308
1.7166425903320313,-0.06703764648437499,11.113884106445312,-2.0950612585962465,-0.6301837680865022,0.3000367538542924
1.7310078002929687,0.2753331909179687,10.800243688964843,-2.569098012687531,-0.5791562029327749,0.20384379813368886
1.8770541015625,-1.3862427612304686,10.309432348632813,-2.551245026445757,-0.546248086502042,0.11417917320298782
2.080561242675781,-2.01112939453125,10.12507882080078,-2.4932894367802962,-0.44752373720984373,0.20051301711843253
2.104503259277344,-2.1715409057617188,9.986215124511718,-2.942678411358684,-0.28924502336486174,0.16867075061258177
2.0063409912109376,-2.731784094238281,9.327809667968749,-3.5458162376013043,-0.49921745856662236,0.05662327725935802
2.214636535644531,-3.7301661865234372,8.508992700195313,-4.287114860356758,-0.6383108737637277,0.06408422673353224
2.5857377929687497,-5.662286926269531,7.826645227050781,-4.365721292316808,-0.5060122518377453,0.0415681470703993
2.463633508300781,-6.754042883300781,7.343016491699219,-3.808415012844115,-0.5718284846992109,0.07194486992953725
2.8706477905273435,-7.48906279296875,7.153874560546875,-3.1982159308491513,-0.37731087340823977,0.09779173060792655
2.5546131713867184,-8.233659509277343,6.622361791992187,-2.604537522689859,-0.19331853012547878,0.0961929557206035
2.5546131713867184,-8.28633194580078,6.167463476562499,-1.8365926518123536,-0.23795099572991393,0.1613430323790178
2.4349030883789062,-7.999027746582031,5.580884069824219,-1.3616232790367975,-0.18012863730506362,0.0514272588755581
2.6958710693359373,-8.374917407226562,5.434837768554687,-1.2652970920755837,-0.10392036767599824,0.02571362943777905
2.722207287597656,-8.892064965820312,5.102043737792968,-0.8349601849044628,-0.022915773384963714,0.02011791733214838
2.6048914062499997,-8.2743609375,4.876988781738281,-0.7134532934679111,-0.015454823910789483,0.0511607963943376
2.5474305664062498,-8.489839086914062,4.448426684570312,-0.8409555907319243,-0.13203215944476188,-0.02424808579106626
2.722207287597656,-8.810662109374999,4.458003491210937,-0.7694104145242178,-0.08806585004337801,-0.009725880564548555
2.7748797241210936,-9.315838659667968,4.453215087890625,-0.21663399723227325,0.011591117933092112,0.023848392069235495
2.7533319091796873,-8.765172277832031,4.314351391601562,0.007727411955394742,0.12457120997058764,0.05862174586851183
2.7653029174804686,-8.731653454589843,4.333505004882812,-0.08326952538140886,0.12257274136143384,0.07341041357625004
2.6408044311523438,-8.607154968261717,4.216189123535156,-0.2548713632874162,0.036638591167819895,0.07047932628282445
2.4684219116210935,-8.74601866455078,4.103661645507812,-0.3998269530713727,-0.004529862180748642,0.09939050549524961
2.5665841796874997,-8.851363537597656,4.106055847167968,-0.4824303222497303,-0.07967228188493199,0.07820673823821919
2.8107927490234372,-9.267954626464844,4.091690637207031,-0.20104594208087354,-0.044765696845045395,0.012390505376753637
2.6719290527343746,-9.260772021484375,4.139574670410156,0.0401026034236865,0.011990811654922875,0.015454823910789483
2.6575638427734374,-9.088389501953124,4.043806604003906,0.000799387443661525,0.023848392069235495,0.011191424211261349
2.6144682128906247,-9.447519750976562,4.153939880371094,0.36532006175331694,0.05968759579339387,-0.018785604926045835
2.8036101440429686,-10.101136804199218,4.335899206542969,1.5163047493853026,0.2703261871982057,-0.044898928085655654
2.8993782104492185,-10.510545288085936,4.704606262207031,3.7655145533676135,0.5074777954844581,-0.10538591132271104
2.5330653564453125,-8.645462194824217,5.537788439941406,4.365588061076198,0.6936018386169831,-0.22369525298461676
2.729389892578125,-6.809109521484374,6.641515405273437,4.365588061076198,0.9027748863750822,-0.2871133235150977
2.1547814941406247,-5.645527514648437,7.848193041992187,4.365588061076198,1.086633998417233,-0.1316324657229311
2.068590234375,-3.9815573608398434,8.8489693359375,4.365588061076198,1.205209802560359,-0.1573460951607102
1.7788918334960937,-2.6384102294921874,9.504980590820312,4.365588061076198,1.131133232781058,-0.32948085802915855
1.429338391113281,-1.7693150268554687,9.986215124511718,3.7645819346833416,0.9033078113375232,-0.09312863718656766
1.5227122558593749,-1.4796166259765624,10.070012182617187,3.618027570012062,0.877460950659134,-0.027045941843881597
1.350329736328125,-1.0678139404296874,10.194510668945313,4.230758045578622,1.0591883628515206,0.1023215927886752
0.7565677246093749,0.40940848388671874,10.062829577636718,4.365588061076198,1.0329418084513005,0.19811485478744795
0.32561142578124996,3.066972326660156,9.677363110351562,4.15708116952115,0.7973889750523712,0.33880704487187635
0.26815058593749996,4.151545678710937,9.105148913574219,3.437232776503947,0.44858958713472574,0.13562940294123874
0.277727392578125,5.284003063964843,9.050082275390624,2.7276431890137336,0.3505313940455787,-0.04063552838612752
0.2059013427734375,5.315127685546875,8.968679418945312,2.3344777979728732,0.33560949509723026,-0.26406431888952375
0.06464344482421874,5.870582470703124,8.690952026367187,1.6812450252607973,0.11124808590956223,-0.2586018380245033
0.016759411621093748,5.839457849121094,8.815450512695312,1.328848393846675,-0.07354364481686029,-0.29270903562072836
0.39264907226562495,6.224924316406249,8.949525805664061,1.028545177511162,-0.011324655451871604,-0.12736906602340298
0.39264907226562495,6.030993981933594,8.863334545898438,0.9883093428468653,0.2991041351700206,-0.15588055151399735
-0.055066638183593745,6.2392895263671875,8.394071020507813,0.9364823902494765,0.15867840756681273,-0.07940581940371148
0.0383072265625,6.9527616210937495,8.298302954101562,0.6428407359444763,0.16414088843183314,-0.07141194496709623
-0.08379705810546874,6.890512377929687,8.355763793945313,0.5271960190947758,0.12030781027105951,-0.06155283316193742
-0.06703764648437499,7.003039855957031,8.180987072753906,0.5174701385302272,0.08846554376520875,-0.1151117918872596
-0.06464344482421874,7.189787585449218,7.999027746582031,0.44019601897627975,0.11884226662434672,-0.16573966331915618
-0.2753331909179687,7.127538342285156,7.541735229492187,0.26299846896464174,0.08793261880276775,-0.11631087305275188
-0.3399766357421875,7.206546997070312,7.371746911621093,0.17306738155272017,0.03464012255866608,-0.08087136305042428
-0.3136404174804687,7.211335400390625,7.3837179199218745,0.20877335403626826,0.027712098046932865,-0.12976722835438756
-0.38307226562499996,7.194575988769531,7.340622290039062,0.10338744271355724,-0.008926493120887028,-0.06062021447766565
-0.28012159423828126,7.132326745605468,7.431601953125,-0.14668759591188982,-0.05049464019128633,0.021983154700691936
-0.13168109130859373,6.868964562988281,7.467514978027343,-0.2675283311453904,-0.09712557440487528,0.06355130177109124
0.14125789794921875,6.9719152343749995,7.8529814453124995,-0.30216845370405643,-0.04369984692016337,0.1726676878308894
0.19393033447265623,6.87614716796875,7.963114721679687,-0.35292955637656326,0.022249617181912446,0.1476202145961616
0.0909796630859375,6.809109521484374,7.692569934082031,-0.11298009203749554,0.062218989364988694,0.033041347671343035
-0.0430956298828125,7.048529687499999,7.455543969726562,-0.053026033762881154,0.04369984692016337,0.0011990811654922875
-0.1292868896484375,7.029376074218749,7.398083129882812,-0.049029096544573526,0.0030643185340358454,-0.0005329249624410166
-0.04548983154296875,7.101202124023437,7.498639599609374,-0.04543185304809667,0.04170137831100955,-0.0021316998497640663
-0.009576806640625,7.165845568847656,7.615955480957031,-0.0752756509447936,0.07953905064432175,-0.020251148572758632
-0.105344873046875,7.247248425292969,7.802703210449218,-0.23781776448930367,0.049029096544573526,-0.004263399699528133
-0.07900865478515624,7.340622290039062,7.850587243652344,-0.5081439516875094,-0.006794793271122962,0.049029096544573526
-0.0430956298828125,7.7596075805664055,8.276755139160155,-1.33670903704268,-0.02744563556571236,0.12870137842950552
-0.34237083740234375,8.382100012207031,7.982268334960937,-3.490258810266828,-0.3639877493472144,0.35079785652679923
-0.3064578125,6.603208178710937,7.771578588867187,-4.365721292316808,-0.8693338449819084,0.3308131704352611
0.6536170532226562,4.039018200683594,8.82263311767578,-4.365721292316808,-0.911035223292918,0.5218667694703656
0.9002198242187499,1.8435352783203125,9.787496386718749,-4.365721292316808,-0.5856845337226774,0.39343185352208054
0.9911994873046874,1.0845733520507812,10.08677159423828,-4.365721292316808,-0.6265865245900253,0.4218101077720647
1.0103531005859374,-0.8690952026367187,9.665392102050781,-4.365721292316808,-1.0210842280369878,0.45938131762415635
1.47482822265625,-2.602497204589844,9.567229833984374,-4.365721292316808,-1.1351301699993654,0.3230857584798663
1.917755529785156,-2.437297290039062,9.916783276367187,-4.365721292316808,-1.0214839217588187,0.3168238901711844
2.0254946044921875,-3.497928625488281,8.913612780761719,-4.365721292316808,-1.1942848408303184,0.2017120982839248
2.231395947265625,-5.303156677246093,8.231265307617187,-4.365721292316808,-1.2999372146342498,0.05489127113142472
2.094926452636719,-7.062894897460937,7.747636572265624,-4.365721292316808,-0.8669356826509239,0.05502450237203497
2.6982652709960937,-7.931990100097655,7.218518005371093,-4.032509959550563,-0.6666891280137118,0.14548851474639754
2.3247698120117186,-7.517793212890624,6.469132885742187,-3.771909652916906,-0.48149770356545857,0.10765084241308535
2.760514514160156,-8.88009395751953,5.6311623046875,-3.111082699490045,-0.3703828488965065,-0.019318529888486854
2.9831752685546875,-9.193734375,5.054159704589844,-2.2573369096595366,0.01438897398590745,0.01985145485092787
2.583343591308594,-9.081206896972656,4.165910888671875,-1.7595849947396267,0.14895252700226413,0.06994640132038345
2.9640216552734375,-9.447519750976562,4.089296435546875,-0.9667258818680042,-0.05915467083095285,-0.005062787143189658
2.89219560546875,-9.188945971679686,4.091690637207031,-0.4631117923612435,0.011591117933092112,0.0005329249624410166
2.8514941772460936,-8.78432589111328,3.6942531616210936,-0.4692404294293152,-0.002398162330984575,0.10978254226284943
2.839523168945312,-8.832209924316405,3.526659045410156,-0.5967427266933284,-0.058488514627901576,0.08646707515605495
2.530671154785156,-9.397241516113281,3.5314474487304683,-0.15827871384498196,-0.08007197560676275,0.06834762643306039
2.760514514160156,-8.743624462890624,3.7421371948242186,0.17599846884614573,0.13056661579804907,-0.012656967857974145
2.7150246826171873,-8.55448253173828,3.5865140869140624,-0.12443797872997739,0.17599846884614573,-0.03037672285913795
2.6503812377929687,-9.318232861328125,3.5027170288085934,-0.08953139369009079,0.0848683002687319,-0.02584686067838931
2.7916391357421872,-9.126696728515624,3.641580725097656,0.03490658503988659,0.09832465557036758,-0.014255742745297196
2.7629087158203123,-9.138667736816405,3.3782185424804685,-0.06395099549292199,0.09699234316426504,-0.02624655440022007
2.710236279296875,-9.4618849609375,3.5577836669921874,0.18452526824520202,0.05688973974057853,-0.04703062793541972
2.6671406494140624,-9.006986645507812,3.5913024902343746,0.3709157738589476,0.06648238906451683,-0.049961715228845315
2.6719290527343746,-9.208099584960937,3.670311145019531,0.3052327722380923,0.11844257290251595,-0.06435068921475276
2.7964275390625,-10.687716210937499,3.8283284545898435,1.2771546724898963,0.22023124072875014,-0.05169372135677862
3.1675287963867187,-11.437101330566406,4.280832568359375,3.959232777214923,0.5130735075900887,-0.07420980101991156
3.047818713378906,-8.971073620605468,5.063736511230468,4.365588061076198,0.8201715171967247,-0.3342771826911277
2.664746447753906,-7.137115148925781,6.054935998535156,4.365588061076198,1.0642511499947103,-0.3787764170549526
2.3965958618164063,-5.588066674804687,7.539341027832031,4.365588061076198,1.0639846875134897,-0.6056692198142154
2.2074539306640624,-5.185840795898438,8.451531860351562,4.365588061076198,1.191486984777503,-0.5002833084915044
2.147598889160156,-4.060566015625,9.124302526855468,4.365588061076198,1.309929557680019,-0.47856661627203295
1.7956512451171873,-2.214636535644531,9.464279162597656,4.365588061076198,1.3116615638079523,-0.38916845382255244
1.3766659545898436,0.1484405029296875,9.967061511230469,4.365588061076198,1.3216539068537214,-0.4507212869844898
1.1827356201171875,1.0438719238281249,10.206481677246094,4.365588061076198,1.3657534474957154,-0.5172036760490066
0.7876923461914062,2.1356278808593747,10.05564697265625,4.365588061076198,1.3858713648278638,-0.23195558990245252
0.3687070556640625,3.7421371948242186,9.588777648925781,3.7823016896845054,1.112347627855012,-0.11857580414312621
0.2753331909179687,4.271255761718749,9.112331518554686,3.242182240250535,0.9011761114877591,0.005062787143189658
0.011971008300781249,5.681440539550781,8.89924757080078,2.34846707823695,0.5279954065384372,0.07873966320066021
-0.033518823242187495,5.475539196777343,8.532934716796875,1.593045943976809,0.2424808579106626,0.05622358353752725
-0.12210428466796874,5.954379528808594,8.429984045410155,1.5518774906282407,0.15254977049874102,0.02997702913730719
-0.06943184814453125,7.070077502441406,8.453926062011718,1.1140796339829453,0.13096630951987984,0.01692036755750228
-0.21068974609375,7.041347082519531,8.37012900390625,0.7828667698258536,0.232222052383673,0.018918836166656093
-0.19153613281249998,6.981492041015625,7.982268334960937,0.6784134771874143,0.21197090381091438,-0.015188361429568975
-0.19153613281249998,7.0102224609374995,7.752424975585937,0.4423277188260438,0.13216539068537214,-0.0018652373685435584
-0.2154781494140625,6.943184814453125,7.697358337402343,0.3767779484457988,0.09446094959267021,-0.01438897398590745
-0.3016694091796875,7.0078282592773435,7.56567724609375,0.18998774911022243,0.05995405827461438,-0.010658499248820334
-0.24660277099609373,7.0461354858398435,7.615955480957031,-0.10964931102223918,-0.026779479362661087,0.02997702913730719
-0.26815058593749996,6.981492041015625,7.651868505859374,-0.21969831576630913,-0.06754823898939886,0.013323124061025418
-0.1484405029296875,6.940790612792968,7.860164050292968,-0.1827932621172687,-0.007727411955394742,-0.38916845382255244
-0.1292868896484375,6.76122548828125,8.135497241210937,-0.08193721297530632,0.04290045947650184,-0.12870137842950552
-0.062249243164062495,7.005434057617187,8.075642199707032,-0.013856049023466432,0.057156202221799034,-0.044765696845045395
-0.2609679809570312,6.938396411132812,7.867346655273437,-0.20131240456209404,0.03890352225819422,-0.041834609551619814
-0.2825157958984375,6.861781958007812,7.723694555664062,-0.3240183771641381,-0.032774885190122525,-0.04756355289786074
-0.201112939453125,6.701370446777343,7.900865478515625,-0.34680091930849155,-0.08406891282507037,-0.0816707504940858
-0.0430956298828125,6.636727001953124,7.9295958984374995,-0.28165084265007734,-0.02531393571594829,-0.09033078113375233
-0.23702596435546874,6.600813977050781,7.967903124999999,-0.3325451765631944,0.013989280264076687,-0.06022052075583488
-0.2825157958984375,6.959944226074218,8.200140686035155,-0.621124043725005,-0.0191852986478766,-0.02851148549059439
-0.39743747558593745,7.285555651855469,8.463502868652343,-1.6263537541293727,-0.20877335403626826,0.049562021507014546
-0.3902548706054687,7.37414111328125,8.207323291015625,-3.345303220482872,-0.5779571217672825,0.13509647797879773
-0.3064578125,5.7843912109375,8.51617530517578,-4.316159270809794,-0.8305635539643245,0.044765696845045395
0.39743747558593745,3.921702319335937,9.861716638183593,-4.365721292316808,-0.9871102616813732,0.03890352225819422
0.8164227661132812,2.461239306640625,10.733206042480468,-4.365721292316808,-0.5643675352250366,-0.004929555902579405
0.8858546142578124,1.2761094848632812,9.94072529296875,-4.365721292316808,-0.4031577340866291,-0.11484532940603909
0.42377369384765623,-0.07422025146484375,9.342174877929686,-4.365721292316808,-0.30043644757612314,-0.19291883640364801
0.7517793212890624,-1.5705962890624998,9.272743029785156,-4.364122517429485,-0.9276891283691998,0.0401026034236865
1.199495031738281,-2.6862942626953124,9.576806640625,-4.254339975166636,-1.30526646425866,0.24394640155737538
1.5322890624999999,-2.2098481323242187,9.962273107910155,-4.365721292316808,-1.4146493127996786,0.07167840744831674
1.7884686401367187,-4.472368701171875,9.397241516113281,-4.365721292316808,-1.3352434933959674,0.03144257278401998
2.47081611328125,-6.461950280761719,8.578424548339843,-4.365721292316808,-1.1079509969148738,0.1291010721513363
2.2002713256835937,-6.299144567871093,7.517793212890624,-4.365721292316808,-0.8068483931356992,0.23262174610550376
2.437297290039062,-8.049305981445311,6.694187841796874,-4.186258811214796,-0.7038606441439728,0.06674885154573734
2.645592834472656,-9.062053283691405,5.801150622558594,-3.4269739709769578,-0.5298606439069808,0.22729249648109362
2.8203695556640622,-9.246406811523437,5.236119030761718,-2.5725620249433976,-0.2519402759939906,0.3334777952474662
2.379836450195312,-8.932766394042968,4.465186096191406,-1.9173307836221676,-0.059021439590342596,0.20184532952453507
2.4205378784179685,-8.726865051269531,3.794809631347656,-1.687506893569479,-0.1557473202733871,0.11977488530861849
2.346317626953125,-9.222464794921875,3.423708374023437,-1.3384410431706133,-0.08153751925347555,0.11817611042129544
2.4756045166015626,-9.445125549316407,3.5577836669921874,-0.9260903534818767,-0.16320826974756136,0.06435068921475276
2.463633508300781,-9.220070593261719,3.3111808959960936,-0.6820107206838911,-0.07833996947882944,0.0014655436467127959
2.480392919921875,-9.557653027343749,3.1699229980468746,-0.38783614141644984,0.012257274136143382,-0.03290811643073278
2.463633508300781,-9.497797985839844,3.0119056884765625,-0.19078713655388396,0.03170903526524049,0.009992343045769061
2.530671154785156,-9.042899670410156,2.9544448486328125,-0.19251914268181727,0.046098009251147945,-0.018119448722994567
2.4061726684570313,-9.521740002441407,2.7054478759765623,-0.07021286380160395,0.025047473234727783,-0.022516079663132953
2.50912333984375,-9.239224206542968,3.009511486816406,0.09139663105863435,0.017852986241774057,-0.03437366007744557
2.4875755249023435,-9.603142858886718,3.0837317382812497,0.2679280248672211,0.004130168458917879,-0.05555742733447598
2.588131994628906,-10.122684619140625,3.1004911499023438,0.8739969384032673,0.02744563556571236,-0.028911179212425153
2.7054478759765623,-10.788272680664061,3.35188232421875,2.3591255774857705,0.16560643207854595,0.06022052075583488
2.6479870361328124,-10.465055456542968,3.892971899414062,3.9372496225142313,0.14815313955860265,0.07154517620770649
2.6503812377929687,-9.330203869628905,4.898536596679687,4.365588061076198,0.46297856112063324,-0.15628024523582812
2.3127988037109373,-7.287949853515625,5.57370146484375,4.365588061076198,0.7173169994456084,-0.5227993881546373
1.9752163696289062,-6.066907006835937,6.720524060058593,4.365588061076198,0.8946477806978568,-0.5245313942825707
1.8315642700195311,-4.3239281982421875,7.829039428710937,4.365588061076198,0.7755390515922894,-0.29830474772635907
1.9943699829101562,-3.4356793823242184,9.054870678710937,4.365588061076198,0.8894517623140569,-0.33880704487187635
1.9129671264648436,-2.5426421630859375,9.64623848876953,4.365588061076198,0.911035223292918,-0.34053905099980963
1.3742717529296875,-0.5578489868164063,10.153809240722655,4.365588061076198,1.0349402770604543,-0.33414395145051745
1.3455413330078123,1.0917559570312498,10.12507882080078,4.365588061076198,0.8902511497577184,-0.32068759614888176
1.2928688964843749,1.8315642700195311,9.823409411621093,4.365588061076198,0.8152419612941452,-0.2651301688144058
1.0007762939453124,3.1699229980468746,9.830592016601562,3.645073511855944,0.7643476273810281,-0.17133537542478686
0.8882488159179687,3.785232824707031,9.445125549316407,3.3457029142047023,0.6905375200829473,-0.1865237368543558
0.46686932373046874,5.391742138671875,9.143456140136719,2.455851458168815,0.45711638653378206,-0.05062787143189658
0.488417138671875,5.4899044067382805,8.757989672851561,1.646471671461521,0.24261408915127283,-0.005329249624410167
0.38786066894531246,6.160280871582031,8.633491186523438,1.3955972453924124,0.24168147046700106,-0.03437366007744557
0.09337386474609374,6.6151791870117185,8.532934716796875,0.6090000008294718,0.0654165391396348,-0.16440735091305364
0.3495534423828125,6.157886669921875,8.434772448730468,0.5635681477813751,0.045565084288706925,-0.10098928038257265
0.2609679809570312,6.629544396972656,8.576030346679687,0.6229892810935485,0.09992343045769063,-0.07247779489197827
0.2920926025390625,6.907271789550781,8.571241943359375,0.3677182240843015,0.0767411945915064,-0.11298009203749554
0.21308394775390624,6.804321118164062,8.238447912597655,0.1630750385069511,0.05182695259738887,-0.08739969384032674
0.3136404174804687,6.792350109863281,8.207323291015625,0.08819908128398825,0.03956967846124549,-0.10938284854101867
0.239420166015625,6.701370446777343,8.202534887695313,-0.15694640143887942,-0.03530627876171736,-0.07927258816310122
0.33039982910156246,6.469132885742187,8.128314636230469,-0.28138438016885675,-0.05342572748471192,0.009459418083328047
0.4213794921875,6.047753393554687,8.377311608886718,0.015987748873230498,0.03477335379927634,-0.07740735079455767
0.47644613037109373,6.461950280761719,8.566453540039062,0.026379785640830326,0.17040275674051508,-0.06008728951522463
0.373495458984375,6.205770703124999,8.379705810546875,-0.1865237368543558,0.08673353763727547,0.0255803981971688
0.258573779296875,6.270414147949219,8.195352282714843,0.037304747370871166,0.11138131715017249,-0.010258805526989571
0.181959326171875,6.572083557128906,8.17141026611328,-0.06821439519245012,0.10032312417952138,-0.00479632466196915
0.09576806640624999,6.198588098144531,8.0062103515625,-0.10098928038257265,0.10138897410440342,0.024914241994117528
0.239420166015625,6.3973068359375,8.343792785644531,-0.05262634004105039,0.11124808590956223,0.003863705977697371
0.22505495605468748,6.287173559570312,8.350975390624999,-0.0909969373368036,0.14708728963372059,0.03490658503988659
0.15322890625,6.323086584472656,8.207323291015625,-0.12790199098584398,0.13816079651283356,0.018385911204215073
0.06943184814453125,6.177040283203125,8.384494213867187,-0.13176569696354137,0.11617764181214164,0.005196018383799912
0.06464344482421874,6.284779357910156,8.604760766601562,-0.280984686447026,0.06235222060559895,0.05395865244715294
0.16041151123046873,6.394912634277343,8.95670841064453,-0.6196585000782922,0.02011791733214838,0.06741500774878861
0.033518823242187495,6.739677673339843,9.05965908203125,-1.344036755276244,-0.07580857590723461,0.1209739664741108
-0.05746083984375,6.9910688476562495,8.779537487792968,-2.8404900498106187,-0.3514640127298505,0.19491730501280186
0.062249243164062495,6.282385156249999,9.255983618164063,-4.365721292316808,-0.7111883623775367,0.40835375247042904
0.6871358764648438,4.2305543334960936,9.320627062988281,-4.365721292316808,-0.8745298633657084,0.41981163916291087
1.0606313354492187,2.403778466796875,9.967061511230469,-4.365721292316808,-0.7730076580206947,0.28071822396580554
1.2856862915039062,1.2138602416992186,9.926360083007811,-4.365721292316808,-0.9700566628832606,0.14495558978395653
1.4724340209960938,-1.89620771484375,9.193734375,-4.365721292316808,-1.1882894350028568,0.12243951012082357
1.7525556152343749,-4.029441394042968,8.990227233886719,-4.365721292316808,-1.5835865258934811,0.1438897398590745
1.6160861206054686,-4.623203405761719,7.941566906738281,-4.365721292316808,-1.9662266489261309,0.4493889745783873
2.8658593872070313,-5.576095666503906,7.000645654296875,-4.365721292316808,-1.60930015533126,0.44898928085655654
3.0909143432617188,-7.898471276855468,5.5258174316406246,-4.365721292316808,-1.2369188378255995,0.19438438005036082
2.85388837890625,-9.543287817382812,5.0948611328124995,-4.365721292316808,-0.9908407364184603,0.27445635565712356
2.454056701660156,-9.852139831542969,4.4819455078125,-3.984946406652702,-0.5182695259738888,0.3623889744598913
3.488351818847656,-9.885658654785155,4.165910888671875,-2.347934153274509,-0.16320826974756136,0.16667228200342796
2.8371289672851563,-8.856151940917968,3.181894006347656,-1.8826906610635015,0.15987748873230498,0.04743032165725048
2.6384102294921874,-9.78031378173828,2.1930887207031247,-1.3132603386952753,0.16400765719122287,0.03943644722063524
2.829946362304687,-9.65342109375,1.8171990600585937,-0.8545451772741702,0.10938284854101867,0.0927289434647369
2.9664158569335934,-9.512163195800781,1.6711527587890624,-0.5891485459785439,0.11031546722529045,0.022915773384963714
2.959233251953125,-9.651026892089844,1.429338391113281,-0.26526340005501603,0.1325650844072029,-0.003863705977697371
2.748543505859375,-9.069235888671875,1.3431471313476562,-0.2789862178378722,0.11151454839078273,0.010392036767599824
2.73896669921875,-9.399635717773437,1.3646949462890625,-0.37491271107725527,0.04210107203284032,0.0006661562030512709
2.8131869506835936,-9.670180505371093,1.5251064575195312,0.011724349173702367,0.028111791768763626,-0.027312404325102103
2.70065947265625,-9.277531433105468,1.5490484741210937,0.006794793271122962,0.09019754989314206,-0.03770444109270193
2.8131869506835936,-9.481038574218749,1.4987702392578124,-0.05529096485325548,0.09046401237436258,-0.04716385917602997
2.8514941772460936,-9.873687646484374,1.5705962890624998,0.049562021507014546,0.05968759579339387,-0.044898928085655654
2.760514514160156,-9.708487731933593,1.618480322265625,0.27498928061956457,0.07913935692249098,-0.05022817771006582
2.858676782226562,-10.091559997558592,1.93451494140625,0.6544318538775684,0.1793292498614021,-0.06368453301170149
3.143586779785156,-11.068394274902342,2.020706201171875,1.858309344031825,0.3209540586301023,-0.10338744271355724
3.347093920898437,-11.717222924804688,2.2553379638671873,4.114313941285259,0.8430872905816883,-0.11617764181214164
2.932897033691406,-9.993397729492187,3.1459809814453124,4.365588061076198,1.2347871379758357,-0.15161715181446922
2.4779987182617185,-7.886500268554687,4.745307690429687,4.365588061076198,1.1575130184218883,-0.08700000011849597
1.956062756347656,-6.768408093261718,5.724536169433593,4.365588061076198,1.1565803997376163,-0.648436448050107
2.1930887207031247,-5.932831713867187,6.3973068359375,4.365588061076198,1.1439234318796423,-0.09899081177341885
2.6288334228515624,-3.2920272827148436,8.276755139160155,4.365588061076198,1.2882128654605476,-0.45232006187181284
1.7836802368164062,-1.2976572998046874,9.181763366699219,4.365588061076198,1.0565237380393155,-0.5690306286463955
1.5801730957031248,0.9217676391601562,9.672574707031249,4.365588061076198,0.8846554376520877,-0.18585758065130456
1.1013327636718748,2.403778466796875,10.070012182617187,4.365588061076198,0.8321623288516475,-0.1526830017393513
0.9792284790039062,3.0238766967773434,9.974244116210937,3.24990965220593,0.6444395108317994,-0.13816079651283356
0.679953271484375,3.6200329101562496,9.983820922851562,2.312361412031571,0.45671669281195126,-0.1057856050445418
0.8068459594726562,3.7158009765625,9.832986218261718,1.5377549791235536,0.2598009191899956,-0.07487595722296284
0.9792284790039062,4.165910888671875,10.295067138671874,1.5734609516071016,0.19838131726866845,-0.32375191468291764
1.1468225952148436,4.6447512207031245,10.539275708007812,1.2687611043314504,0.3043001535538205,-0.1386937214752746
1.005564697265625,4.556165759277343,9.78031378173828,0.9705895878457016,0.3052327722380923,-0.05076110267250683
0.7757213378906249,4.876988781738281,9.366116894531249,1.0686477809348487,0.3487993879176454,-0.0302434916185277
0.6248866333007812,5.580884069824219,9.03332286376953,0.6678882091792042,0.26672894370172884,-0.02105053601642016
0.5315127685546874,5.513846423339843,8.808267907714843,0.1961163861782941,0.11178101087200323,0.010125574286379316
0.507570751953125,5.6766521362304685,8.896853369140624,-0.13096630951987984,-0.01345635530163567,0.03064318534035846
0.5530605834960938,5.2816088623046875,9.198522778320312,0.22795865268414486,0.0770076570727269,-0.07514241970418334
0.5770026000976562,5.561730456542969,9.126696728515624,0.17626493132736626,0.11044869846590069,-0.08420214406568063
0.5865794067382812,5.444414575195312,9.054870678710937,-0.26033384415243666,0.03823736605514295,-0.05529096485325548
0.6153098266601562,4.809951135253906,9.028534460449219,-0.14375650861846423,0.021849923460081685,-0.05955436455278361
0.59376201171875,5.013458276367187,9.10993731689453,0.10631853000698281,0.10911638605979816,-0.040768759626737774
0.40462008056640625,5.204994409179688,9.114725720214842,-0.0255803981971688,0.09659264944243427,-0.03130934154340973
0.4285620971679687,5.260061047363281,8.968679418945312,-0.1259035223766902,0.06341807053048099,-0.007993874436615249
0.32561142578124996,5.248090039062499,8.916006982421875,-0.2295574275714679,0.0287779479718149,0.0019984686091538122
0.35673604736328124,4.994304663085937,9.016563452148437,-0.04916232778518379,0.039969372183076245,-0.023848392069235495
0.40462008056640625,5.137956762695312,9.066841687011719,0.017186830038722786,0.02691271060327134,-0.021716692219471426
0.4333505004882812,5.216965417480468,9.289502441406249,-0.05915467083095285,0.0191852986478766,-0.012923430339194655
0.5578489868164063,5.250484240722656,9.382876306152344,-0.0575558959436298,0.08446860654690114,-0.03557274124293786
0.45489831542968745,5.118803149414062,9.220070593261719,-0.06408422673353224,0.07873966320066021,-0.02464777951289702
0.5267243652343749,5.125985754394531,9.255983618164063,0.0018652373685435584,0.10538591132271104,-0.01851914244482533
0.373495458984375,5.267243652343749,9.114725720214842,-0.08247013793774732,0.09312863718656766,-0.010658499248820334
0.40462008056640625,5.729324572753906,9.212887988281249,-0.6550980100806196,-0.0002664624812205083,0.0464977029729787
0.3806780639648437,5.214571215820312,9.248801013183593,-1.167771823948878,-0.06874732015489114,0.14775344583677189
0.42377369384765623,4.637568615722656,9.641450085449218,-1.131133232781058,-0.02744563556571236,0.1955834612158531
0.4860229370117187,5.748478186035156,9.74200655517578,-2.3785773386148676,-0.15601378275460764,0.14428943358090526
0.33039982910156246,5.006275671386718,9.320627062988281,-4.365721292316808,-0.6101990819949641,-0.06035375199644513
0.7422025146484375,2.224213342285156,9.179369165039063,-4.365721292316808,-1.0146891284876958,0.044898928085655654
1.1252747802734375,0.6272808349609375,9.440337145996093,-4.365721292316808,-1.43103675539474,0.12110719771472103
1.599326708984375,-1.2856862915039062,9.595960253906249,-4.365721292316808,-1.6426079654838237,0.19545022997524286
1.924938134765625,-4.173093493652344,9.373299499511718,-4.365721292316808,-1.6619264953723105,0.23302143982733453
2.530671154785156,-5.334281298828125,9.18655177001953,-4.365721292316808,-1.3184563570790753,0.23501990843648835
2.5426421630859375,-4.53940634765625,8.429984045410155,-4.365721292316808,-1.1271362955627502,0.2575359880996213
2.6695348510742187,-6.53138212890625,7.697358337402343,-4.365721292316808,-1.0197519156308854,0.09925727425463936
3.2249896362304686,-6.909665991210937,7.168239770507812,-4.365721292316808,-0.7905941817812482,-0.19878101099049922
2.806004345703125,-8.341398583984375,5.645527514648437,-3.9557687649590565,-0.46351148608307424,-0.15241653925813076
3.2704794677734372,-9.713276135253906,4.335899206542969,-2.6004073542309407,-0.21969831576630913,0.023049004625573973
3.124433166503906,-9.203311181640624,3.7612908081054686,-2.0692143979178574,-0.2575359880996213,0.4128836146511776
3.191470812988281,-8.93755479736328,3.337517114257812,-1.6565972457479003,-0.3726477799868809,0.10378713643538799
3.303998291015625,-8.98304462890625,3.2632968627929686,-1.0627856063479975,-0.27139203712308774,-0.20277794820880685
3.277662072753906,-9.210493786621093,3.2034418212890623,-0.8374915784760577,-0.06368453301170149,-0.2014456358027043
3.1076737548828124,-9.050082275390624,2.825157958984375,-0.915298622992446,0.019318529888486854,0.02145022973825092
3.342305517578125,-9.215282189941405,2.77727392578125,-0.926756509684928,0.01985145485092787,-0.0002664624812205083
3.27526787109375,-9.533711010742186,2.4756045166015626,-0.4665758046171101,-0.024781010753507273,-0.006794793271122962
3.394977954101562,-9.572018237304688,2.5737667846679684,0.031042879062189218,0.017586523760553547,0.016120980113840753
3.3303345092773435,-9.129090930175781,2.4756045166015626,-0.07261102613258852,0.018652373685435583,0.014122511504686942
3.2225954345703123,-9.449913952636718,2.4660277099609376,0.11564471684970061,-0.008926493120887028,0.020384379813368887
3.2441432495117186,-9.373299499511718,2.6527754394531247,0.3922327723565882,0.08087136305042428,0.007860643196004996
3.287238879394531,-9.34696328125,2.834734765625,0.5394532932309191,0.14175804000931044,-0.011324655451871604
3.2537200561523436,-9.6151138671875,2.825157958984375,0.9127672294208513,0.08300306290018834,0.011191424211261349
3.4644098022460934,-10.096348400878906,3.392583752441406,1.7714425751539393,0.1308330782792696,-0.07620826962906538
3.622427111816406,-10.479420666503906,3.854664672851562,3.623490050877083,0.4528529868342539,-0.33960643231553783
3.564966271972656,-9.528922607421874,4.407725256347656,4.365588061076198,1.0176202157811214,-0.4452588061194694
3.440467785644531,-8.090007409667969,5.600037683105469,4.365588061076198,1.3945313954675305,-0.34919908163947616
2.839523168945312,-6.87614716796875,6.6702458251953125,4.365588061076198,1.5238989301000871,-0.2639310876489135
2.384624853515625,-5.753266589355468,7.560888842773437,4.365588061076198,1.6976324678558585,-0.2764548242662774
2.518700146484375,-3.5386300537109374,8.434772448730468,4.365588061076198,1.8659035247466096,-0.20504287929918116
1.898601916503906,-0.9624690673828125,9.191340173339842,4.365588061076198,1.771309343913329,-0.13816079651283356
1.350329736328125,0.4644751220703125,9.787496386718749,4.365588061076198,1.4203782561459197,-0.06528330789902453
0.97683427734375,1.9752163696289062,9.883264453125,3.9738882136820513,1.069846862100341,0.03317457891195329
0.679953271484375,2.9664158569335934,10.029310754394531,2.9641286410969347,0.7626156212530948,0.08566768771239343
0.4572925170898437,3.404554760742187,9.617508068847656,1.8162082719989847,0.3976952532216087,0.11058192970651096
0.6679822631835937,3.4548329956054684,9.792284790039062,0.9965696797647011,0.071811638688927,0.12004134778983899
0.9050082275390624,2.999934680175781,10.319009155273436,1.1937519158678773,0.07620826962906538,0.08646707515605495
0.8355763793945312,3.9624037475585934,10.472238061523436,1.024281777811634,0.21769984715715532,0.040502297145517265
0.6727706665039062,4.271255761718749,10.122684619140625,0.5684977036839546,0.21396937242006817,-0.03930321598002497
0.5722141967773438,3.9312791259765625,9.840168823242188,0.5217335382297553,0.1957166924564634,-0.07913935692249098
0.5889736083984375,4.204218115234375,9.97184991455078,0.5192021446581605,0.1861240431325251,-0.022649310903743208
0.51714755859375,4.254496350097656,9.952696301269532,0.759551302719059,0.27911944907848246,-0.049961715228845315
0.34237083740234375,4.891353991699218,9.619902270507811,0.45205359939059236,0.24314701411371384,0.008793261880276773
0.15322890625,5.070919116210937,9.394847314453125,-0.09885758053280859,0.06128637068071692,0.019984686091538122
0.4213794921875,4.309562988281249,9.392453112792968,0.0305099540997482,0.05529096485325548,-0.014122511504686942
0.36152445068359373,4.5322237426757805,9.459490759277344,0.4243415013436595,0.10845022985674689,-0.02438131703167651
0.39743747558593745,5.003881469726562,9.368511096191405,0.08966462493070106,0.08113782553164478,-0.03357427263378405
0.34237083740234375,4.639962817382812,9.246406811523437,-0.23701837704564216,-0.015588055151399738,-0.021583460978861175
0.40940848388671874,4.515464331054687,9.469067565917967,-0.08886523748703952,0.015454823910789483,0.0005329249624410166
0.430956298828125,4.580107775878906,9.370905297851563,0.09339509966778817,0.09899081177341885,-0.008926493120887028
0.39264907226562495,4.747701892089843,9.270348828125,0.06594946410207582,0.06901378263611166,-0.0058621745868511835
0.3136404174804687,4.728548278808593,9.49300958251953,-0.04396630940138387,0.008926493120887028,0.007860643196004996
0.4955997436523437,4.551377355957031,9.555258825683593,0.07127871372648598,0.11497856064664934,-0.010125574286379316
0.296881005859375,4.754884497070313,9.382876306152344,0.22622664655621155,0.1310995407604901,0.009192955602107537
0.13168109130859373,5.305550878906249,9.248801013183593,-0.0127901990985844,0.05649004601874777,-0.0031975497746461
0.32561142578124996,4.886565588378906,9.210493786621093,0.0075941807147844875,0.027578866806322613,-0.014122511504686942
0.3447650390625,4.453215087890625,9.277531433105468,0.6885390514737936,0.15188361429568975,-0.0127901990985844
0.28012159423828126,5.480327600097656,9.306261853027344,0.7810015324573099,0.3016355287416154,-0.0035972434964768626
0.12210428466796874,6.078878015136718,9.057264880371093,0.1299004595949978,0.14642113343066934,0.011724349173702367
0.1197100830078125,5.722141967773437,8.84178673095703,-0.3950306284094036,0.015588055151399738,-0.000799387443661525
0.19632453613281248,5.298368273925781,9.045293872070312,-0.5978085766182105,-0.0750091884635731,-0.005196018383799912
0.2657563842773437,5.209782812499999,9.382876306152344,-0.7771378264796125,-0.09073047485558308,0.010258805526989571
0.24899697265624998,5.5641246582031245,9.488221179199218,-1.7908943362830365,-0.1520168455363,0.10352067395416749
-0.07900865478515624,5.566518859863281,9.33978067626953,-3.4462925008654444,-0.472304747963351,0.05076110267250683
0.3758896606445312,3.744531396484375,9.662997900390625,-4.365721292316808,-0.8076477805793608,-0.03543951000232761
0.6607996582031249,1.7381904052734374,9.909600671386718,-4.365721292316808,-0.8546784085147805,-0.16840428813136127
0.7158662963867187,1.0438719238281249,10.036493359375,-4.365721292316808,-0.9234257286696717,0.18572434941069432
1.1276689819335937,-0.814028564453125,9.785102185058593,-4.365721292316808,-1.0590551316109105,0.14668759591188982
1.3814543579101561,-2.195482922363281,9.04050546875,-4.365721292316808,-1.1810949480099031,0.4132833083730084
1.6424223388671875,-4.062960217285156,8.832209924316405,-4.365721292316808,-1.423176112198735,0.6890719764362345
2.233790148925781,-5.944802722167968,9.193734375,-4.365721292316808,-1.07983920514611,0.6936018386169831
2.607285607910156,-5.693411547851563,8.700528833007812,-4.365721292316808,-0.8199050547155041,0.29790505400452827
2.942473840332031,-7.740453967285156,7.4794859863281244,-4.365721292316808,-0.6066018384984873,-0.02371516082862524
2.8012159423828122,-8.789114294433594,6.691793640136718,-3.409254215975794,-0.6129969380477793,-0.046098009251147945
2.7078420776367187,-8.741230261230468,5.887341882324218,-2.27492343342009,-0.32908116430732776,0.040502297145517265
3.2249896362304686,-8.832209924316405,5.248090039062499,-1.4675421153219494,-0.08526799399056267,-0.08073813180981403
2.4492682983398435,-8.305485559082031,4.860229370117187,-1.0819709049958741,-0.13762787155039255,-0.1552143953109461
2.4660277099609376,-8.789114294433594,4.76924970703125,-0.7723415018176435,-0.02424808579106626,-0.1433568148966335
3.1794998046874996,-8.37012900390625,4.69263525390625,-0.6108652381980153,-0.08033843808798326,-0.10711791745064435
2.7174188842773437,-8.662221606445312,4.6830584472656245,-0.7018621755348189,0.02398162330984575,-0.04449923436382489
2.8562825805664063,-8.961496813964843,4.556165759277343,-0.4170137831100955,0.020384379813368887,-0.07794027575699868
2.786850732421875,-8.611943371582031,4.280832568359375,0.005995405827461438,0.11457886692481858,-0.07314395109502954
2.7820623291015623,-8.664615808105468,4.266467358398438,0.021849923460081685,0.18066156226750466,-0.09392802463022919
2.6886884643554687,-8.693346228027343,4.050989208984375,-0.3148254215620306,-0.02571362943777905,-0.059021439590342596
2.748543505859375,-9.016563452148437,3.967192150878906,-0.15361562042362306,-0.059287902071563106,-0.05329249624410167
2.7653029174804686,-8.939948999023438,4.127603662109375,0.21170444132969385,0.04783001537908124,0.10538591132271104
2.422932080078125,-8.59997236328125,4.11802685546875,0.11204747335322376,0.08926493120887029,0.46231240491758196
2.597708801269531,-8.664615808105468,4.412513659667969,0.07754058203516792,0.06408422673353224,0.17626493132736626
2.6599580444335937,-9.375693701171874,4.900930798339844,0.35093108776740944,0.0035972434964768626,0.05395865244715294
2.786850732421875,-10.412383020019531,5.042188696289062,1.705226648570643,0.20730781038955548,0.02851148549059439
2.4660277099609376,-10.333374365234375,5.025429284667968,3.9700245077043537,0.4459249623225207,-0.04569831552931718
2.592920397949219,-9.368511096191405,5.552153649902343,4.365588061076198,0.6213905062062254,-0.07554211342601411
2.0829554443359375,-7.472303381347656,6.344634399414062,4.365588061076198,0.8783935693434056,-0.21756661591654505
2.3487118286132813,-4.525041137695312,7.204152795410156,4.365588061076198,1.4075880570473351,-0.9038407362999643
1.7597382202148437,-1.9919757812499999,8.47786807861328,4.365588061076198,1.3349770309147466,-0.3670520678812502
1.2042834350585936,0.086191259765625,9.258377819824219,4.365588061076198,1.334577337192916,-0.2538055133625342
0.8810662109374999,1.8315642700195311,9.641450085449218,4.365588061076198,1.0070949477729112,-0.022649310903743208
0.9696516723632812,3.5194764404296874,9.792284790039062,3.0204854558750722,0.8474839215218268,0.04063552838612752
0.6967126831054687,2.9640216552734375,9.983820922851562,1.6981653928182994,0.5537090359762163,-0.014122511504686942
0.7326257080078125,2.5163059448242184,9.938331091308592,1.6326156224380546,0.32788208314183553,0.10938284854101867
0.612915625,3.4644098022460934,10.141838232421874,1.7711761126727188,0.4175467080725365,0.03077641658096871
0.6272808349609375,3.5482068603515624,10.223241088867187,1.9768851481749512,0.4143491582978905,0.06661562030512709
0.4333505004882812,5.140350964355468,10.280701928710936,1.43636600501915,0.41514854574155197,0.08846554376520875
0.3854664672851562,5.123591552734375,9.789890588378906,1.0546585006707718,0.1877228180198481,-0.0002664624812205083
0.33039982910156246,4.991910461425781,9.373299499511718,1.3931990830614278,0.27712098046932865,-0.05156049011616837
0.239420166015625,5.662286926269531,9.315838659667968,1.11128177793013,0.30989586565945115,-0.07594180714784488
0.296881005859375,5.513846423339843,9.0788126953125,0.6125972443259486,0.2220964780972937,-0.06914701387672191
0.26815058593749996,5.418078356933593,8.674192614746094,0.5502450237203498,0.15334915794240253,-0.041035222107958284
0.2346317626953125,5.6024318847656245,8.80347950439453,0.4647105672485666,0.11750995421824417,-0.03477335379927634
0.16759411621093748,6.054935998535156,8.698134631347656,0.17400000023699194,0.0668820827863476,-0.022382848422522698
0.19393033447265623,5.762843395996094,8.67658681640625,-0.07167840744831674,-0.0073277182335639785,-0.04356661567955311
0.2346317626953125,5.643133312988281,8.774749084472656,0.09685911192365478,-0.006128637068071691,-0.09579326199877274
0.19153613281249998,5.837063647460937,9.04050546875,-0.025180704475338038,0.0029310872934255917,-0.048229709100912004
0.1771709228515625,5.908889697265625,8.86812294921875,-0.2514073510315496,0.019318529888486854,-0.053159265003491406
0.17956512451171874,5.710170959472656,8.80347950439453,-0.23581929588014985,-0.003863705977697371,-0.049961715228845315
0.13168109130859373,5.578489868164062,8.702923034667968,-0.0031975497746461,0.032241960227681506,-0.03797090357392244
0.2705447875976562,5.899312890625,8.695740429687499,-0.11724349173702366,0.20384379813368886,-0.032508422708902016
0.14604630126953125,5.810727429199218,8.702923034667968,-0.18012863730506362,0.23208882114306276,-0.05822205214668107
0.10773907470703124,5.6407391113281244,8.731653454589843,0.03077641658096871,0.13882695271588483,-0.004663093421358896
0.023942016601562498,6.004657763671875,8.813056311035156,-0.0026646248122050836,0.2041102606149094,-0.013989280264076687
-0.08379705810546874,5.887341882324218,8.628702783203124,-0.144156202340295,0.15588055151399735,-0.04343338443894285
-0.05027823486328125,5.5641246582031245,8.532934716796875,0.0030643185340358454,0.07580857590723461,-0.0074609494741742334
-0.04548983154296875,5.966350537109375,8.655039001464843,0.04210107203284032,0.0868667688778857,-0.011457886692481857
-0.143652099609375,6.035782385253906,8.755595471191405,-0.223828484225227,0.03703828488965066,-0.03370750387439431
-0.1388636962890625,6.042964990234375,8.750807067871094,-0.4747029102943356,-0.048229709100912004,-0.04849617158213252
-0.05985504150390625,5.6407391113281244,8.856151940917968,-0.5635681477813751,-0.07887289444127048,-0.09725880564548554
-0.09337386474609374,6.019022973632812,9.229647399902344,-1.0152220534501368,-0.04356661567955311,-0.10924961730040841
-0.2705447875976562,6.418854650878906,9.193734375,-2.4525206771535584,-0.23781776448930367,-0.20997243520176057
-0.25139117431640623,5.418078356933593,8.942343200683593,-4.056891276582239,-0.6511010728623121,-0.35332925009839405
0.0143652099609375,3.287238879394531,9.394847314453125,-4.365721292316808,-0.8494823901309806,-0.3068315471254154
0.3232172241210937,1.62805712890625,9.950302099609374,-4.273258811333292,-0.7430306288833876,-0.01052526800821008
0.8068459594726562,-0.00239420166015625,10.299855541992187,-3.8661041400283556,-0.6297840743646714,0.1023215927886752
1.0342951171875,-0.86191259765625,10.307038146972655,-3.4100536034194553,-0.5892817772191542,-0.06634915782390657
0.9265560424804687,-1.4724340209960938,10.165780249023436,-3.2475114898749453,-0.5703629410524981,-0.0057289433462409285
1.2497732666015624,-1.4053963745117186,9.86411083984375,-4.032776422031783,-0.7802021450136484,-0.10858346109735714
1.3742717529296875,-3.7995980346679685,9.550470422363281,-3.904075043602278,-0.7293078111005313,-0.1901209803508327
1.3168109130859373,-2.3127988037109373,8.793902697753905,-4.365721292316808,-1.0895650857106585,-0.19758192982500694
1.8315642700195311,-5.825092639160156,7.939172705078125,-4.365721292316808,-1.2660964795192453,-0.2989709039294104
2.6886884643554687,-8.91840118408203,7.905653881835937,-3.940846866010708,-0.9246248098351639,-0.25500459452802643
2.7916391357421872,-7.745242370605468,7.580042456054687,-3.125604904716563,-0.4970857587168583,-0.0029310872934255917
2.6144682128906247,-8.288726147460936,6.584054565429687,-2.663425731039591,-0.30056967881673335,-0.07860643196004995
2.5426421630859375,-8.645462194824217,6.019022973632812,-1.9636952553545362,-0.22942419633085767,0.09352833090839843
2.6958710693359373,-8.607154968261717,5.588066674804687,-1.3536294046001824,-0.11817611042129544,0.10685145496942385
2.5665841796874997,-8.090007409667969,5.4707507934570305,-1.316857582191752,-0.0033307810152563544,0.05209341507860938
2.6431986328124997,-8.985438830566405,5.161898779296875,-1.1215405834571195,0.13909341519710536,0.039969372183076245
2.8323405639648436,-9.076418493652342,5.231330627441406,-0.3530627876171736,0.04023583466429676,0.06461715169597326
