ax,ay,az,gx,gy,gz
1.16837041015625,3.4644098022460934,9.220070593261719,-1.8746967866268864,0.07234456365136802,1.5234992363782562
0.38307226562499996,4.498704919433593,7.45075556640625,-1.062519143866777,0.17919601862079185,0.6561638600055018
1.5107412475585937,2.5641899780273434,9.883264453125,-0.271525268363698,-0.2137029099388477,0.5987411953024822
1.5945383056640625,1.908178723144531,10.644620581054687,-0.6841424205336551,-0.11098162342834172,1.0089601851414547
1.3838485595703125,1.946485949707031,9.643844287109374,-0.4988177648447916,-0.1680045944095305,1.2002802466577798
1.8076222534179687,2.099714855957031,9.706093530273437,-0.1775972437334688,-0.4346003068706491,1.5083108749486873
2.8131869506835936,2.4756045166015626,10.24000050048828,0.14548851474639754,-0.1668055132440382,1.3472343050508901
3.0789433349609374,2.511517541503906,10.960655200195312,-0.09073047485558308,-0.2590015317463341,1.2301240445544765
2.231395947265625,2.1906945190429687,9.4618849609375,0.4283384385619671,0.1183093416619057,0.8814578878774415
2.29843359375,2.4396914916992185,8.786720092773438,0.834027566220191,0.15481470158911534,0.6111317006792358
2.243366955566406,2.8514941772460936,8.987833032226561,1.3081975515520856,0.4271393573964748,0.2987044414481898
2.0159177978515626,2.001552587890625,8.882488159179687,1.1798958668444108,0.47590199145982787,0.2220964780972937
1.7812860351562498,2.35589443359375,8.865728747558594,1.5288284860026666,0.46764165454199214,0.09046401237436258
2.288856787109375,3.2345664428710936,9.97903251953125,1.0479969386402592,0.543050536727396,0.0003996937218307625
2.0757728393554684,3.2728736694335936,9.354145886230468,0.33214548284136364,0.6472373668846148,-0.05209341507860938
2.9855694702148434,4.465186096191406,10.352527978515624,0.2302235837745192,0.7301071985441928,-0.3146921903214204
1.484405029296875,1.6256629272460936,10.68053360595703,2.1038545204765238,0.17173506914661762,-0.48149770356545857
1.6017209106445311,6.4739212890625,9.255983618164063,1.5422848413043022,-0.5474471676675343,-0.15121745809263848
2.4349030883789062,7.230489013671875,9.440337145996093,0.4528529868342539,0.011724349173702367,-0.2538055133625342
2.2170307373046874,6.37815322265625,8.482656481933594,-0.18132771847055593,0.1668055132440382,-0.13189892820415164
2.003946789550781,5.829881042480468,8.731653454589843,-0.46191271119575117,0.32015467118644075,0.053159265003491406
2.013523596191406,5.693411547851563,9.423577734375,-0.6030045950020103,0.41115160852324434,0.13669525286612078
1.68551796875,5.336675500488281,9.093177905273437,-0.6917366012484396,0.5333246561628474,0.12883460967011579
1.1923124267578125,4.429273071289062,9.272743029785156,-0.4653767234516178,0.37904287953617305,0.11298009203749554
1.0462661254882812,4.271255761718749,9.445125549316407,-0.3241516084047483,0.2194318532850886,0.06235222060559895
1.2832920898437499,4.4196962646484375,9.212887988281249,-0.24887595745995478,0.1394931089189361,0.05062787143189658
1.4245499877929686,4.57771357421875,9.30147344970703,-0.13483001549757723,0.07634150086967564,0.022382848422522698
1.419761584472656,4.841075756835937,9.490615380859374,-0.0764747321102859,0.03757120985209167,-0.05529096485325548
1.3527239379882812,4.50109912109375,9.404424121093749,0.07247779489197827,0.10338744271355724,-0.05702297098118878
1.3910311645507811,4.721365673828124,9.184157568359375,0.036638591167819895,0.01505513018895872,-0.004130168458917879
1.5059528442382812,4.946420629882812,9.421183532714844,-0.03743797861148142,0.04276722823589159,-0.018652373685435583
1.3934253662109375,5.03740029296875,9.409212524414063,-0.18292649335787897,0.0909969373368036,-0.03930321598002497
1.3024457031249999,4.7572786987304685,9.3086560546875,-0.20037978587782226,0.09246248098351639,-0.03703828488965066
1.3431471313476562,4.525041137695312,9.373299499511718,-0.20037978587782226,0.048895865303963275,-0.04769678413847099
1.2401964599609374,4.376600634765625,9.349357482910156,-0.10805053613491612,0.032774885190122525,-0.036505359927209644
1.3168109130859373,4.436455676269531,9.390058911132812,-0.037171516130260915,0.0255803981971688,-0.03064318534035846
1.2880804931640624,4.522646936035156,9.236830004882812,0.004263399699528133,0.022915773384963714,-0.010392036767599824
1.3742717529296875,4.838681555175781,9.516951599121093,-0.04729709041664023,0.045298621807486415,-0.0057289433462409285
1.2880804931640624,4.50109912109375,9.380482104492186,-0.02997702913730719,0.04223430327345057,0.006661562030512709
1.35990654296875,4.604049792480469,9.452308154296874,-0.05196018383799912,0.049029096544573526,-0.01438897398590745
1.3168109130859373,4.453215087890625,9.344569079589844,-0.006928024511733216,0.019984686091538122,-0.010791730489430587
1.35990654296875,4.733336682128906,9.521740002441407,-0.00013323124061025415,-0.009459418083328047,-0.03797090357392244
1.3623007446289062,4.800374328613281,9.332598071289063,-0.002797856052815337,-0.0021316998497640663,-0.03916998473941472
1.3575123413085937,4.714183068847656,9.354145886230468,-0.04876263406335302,0.0005329249624410166,-0.021983154700691936
1.199495031738281,4.630386010742187,9.363722692871093,-0.06834762643306039,0.0073277182335639785,-0.022649310903743208
1.2904746948242187,4.673481640625,9.325415466308593,-0.04569831552931718,0.0013323124061025418,-0.009725880564548555
1.4006079711914061,4.5968671875,9.366116894531249,-0.026513016881440577,0.02078407353519965,-0.017586523760553547
1.3383587280273437,4.620809204101562,9.332598071289063,-0.021716692219471426,0.0255803981971688,-0.0011990811654922875
1.3120225097656248,4.7189714721679685,9.414000927734374,-0.06141960192132717,0.02624655440022007,0.0073277182335639785
1.3383587280273437,4.649539624023437,9.342174877929686,-0.053558958725322174,0.030909647821578966,0.002398162330984575
1.369483349609375,4.572925170898437,9.394847314453125,-0.023049004625573973,0.032375191468291764,-0.012257274136143382
1.3144167114257812,4.762067102050781,9.485826977539062,-0.04023583466429676,-0.02131699849764067,-0.0033307810152563544
1.388636962890625,4.7189714721679685,9.337386474609374,-0.05915467083095285,0.036771822408430146,-0.010791730489430587
1.4413093994140624,4.659116430664063,9.282319836425781,-0.053558958725322174,0.028245023009373885,-0.0010658499248820332
1.369483349609375,4.6351744140625,9.351751684570312,-0.06288514556803997,0.007860643196004996,-0.010924961730040842
1.2832920898437499,4.647145422363281,9.399635717773437,-0.0610199081994964,-0.014655436467127957,-0.00866003063966652
1.3814543579101561,4.642357019042969,9.315838659667968,-0.07234456365136802,0.026113323159609816,-0.022116385941302188
1.3407529296874998,4.6447512207031245,9.332598071289063,-0.03863705977697371,-0.001732006127933304,0.0010658499248820332
1.388636962890625,4.7931917236328125,9.574412438964844,-0.08700000011849597,0.02571362943777905,-0.0039969372183076245
1.4245499877929686,4.589684582519531,9.3852705078125,-0.035972434964768624,0.019318529888486854,-0.000799387443661525
1.37906015625,4.774038110351563,9.366116894531249,-0.07247779489197827,0.002398162330984575,-0.020251148572758632
1.4006079711914061,4.584896179199219,9.220070593261719,-0.08233690669713707,0.02744563556571236,-0.033307810152563545
1.3359645263671873,4.623203405761719,9.363722692871093,-0.07754058203516792,0.005462480865020421,-0.022382848422522698
1.3646949462890625,4.513070129394531,9.33978067626953,-0.0479632466196915,0.015188361429568975,-0.028911179212425153
1.388636962890625,4.685452648925781,9.34696328125,-0.0401026034236865,0.021716692219471426,-0.02531393571594829
1.39821376953125,4.642357019042969,9.236830004882812,-0.04663093421358895,0.01958499236970736,-0.0255803981971688
1.4006079711914061,4.623203405761719,9.315838659667968,-0.01692036755750228,0.01345635530163567,-0.017453292519943295
1.3742717529296875,4.797980126953124,9.469067565917967,-0.05662327725935802,0.02424808579106626,-0.012656967857974145
1.4030021728515625,4.65432802734375,9.284714038085937,-0.04783001537908124,0.0305099540997482,-0.006128637068071691
1.388636962890625,4.656722229003906,9.430760339355468,-0.06315160804926047,0.022382848422522698,-0.02105053601642016
1.3958195678710936,4.489128112792969,9.303867651367186,-0.048895865303963275,0.031575804024630234,-0.012923430339194655
1.3862427612304686,4.6351744140625,9.330203869628905,-0.0511607963943376,0.01958499236970736,-0.017852986241774057
1.3383587280273437,4.668693237304687,9.318232861328125,-0.04689739669480947,0.035705972483548114,-0.010258805526989571
1.4437036010742186,4.661510632324219,9.358934289550781,-0.02971056665608668,0.03797090357392244,-0.007194486992953725
1.3742717529296875,4.740519287109374,9.363722692871093,-0.04343338443894285,0.01505513018895872,-0.00866003063966652
1.369483349609375,4.747701892089843,9.397241516113281,-0.06288514556803997,0.039969372183076245,-0.011990811654922875
1.3934253662109375,4.651933825683593,9.414000927734374,-0.08500153150934216,0.021583460978861175,-0.003464012255866608
1.3718775512695311,4.630386010742187,9.354145886230468,-0.06661562030512709,0.037304747370871166,-0.010258805526989571
1.4245499877929686,4.697423657226563,9.37808790283203,-0.09059724361497283,0.03543951000232761,-0.0073277182335639785
1.419761584472656,4.649539624023437,9.361328491210937,-0.08873200624642928,0.04290045947650184,-0.001732006127933304
1.3479355346679687,4.563348364257812,9.37808790283203,-0.0668820827863476,0.045165390566876164,-0.002531393571594829
1.20667763671875,4.534617944335937,9.358934289550781,-0.03530627876171736,0.024914241994117528,-0.000799387443661525
1.39821376953125,4.623203405761719,9.342174877929686,-0.05222664631921963,0.0334410413931738,-0.017186830038722786
1.419761584472656,4.661510632324219,9.351751684570312,-0.05688973974057853,0.035972434964768624,-0.0095926493239383
1.3096283081054687,4.5585599609375,9.327809667968749,-0.02424808579106626,0.033041347671343035,-0.004929555902579405
1.35990654296875,4.639962817382812,9.433154541015625,-0.05702297098118878,0.037171516130260915,-0.011191424211261349
1.3551181396484375,4.548983154296875,9.361328491210937,-0.05062787143189658,0.017852986241774057,-0.0006661562030512709
1.4101847778320311,4.786009118652344,9.311050256347656,-0.0511607963943376,0.03077641658096871,-0.001732006127933304
1.4317325927734375,4.627991809082031,9.3086560546875,-0.05489127113142472,0.04036906590490701,0.00159877488732305
1.3215993164062498,4.7189714721679685,9.34696328125,-0.09086370609619333,0.03290811643073278,0.002264931090374321
1.35990654296875,4.527435339355469,9.349357482910156,-0.07287748861380902,0.037304747370871166,0.0013323124061025418
1.4149731811523436,4.632780212402343,9.334992272949219,-0.049695252747624805,0.04383307816077362,-0.0009326186842717792
1.350329736328125,4.632780212402343,9.3852705078125,-0.05675650849996827,0.022382848422522698,-0.0003996937218307625
1.3311761230468748,4.6639048339843745,9.447519750976562,-0.05622358353752725,0.018918836166656093,-0.0021316998497640663
1.39821376953125,4.6447512207031245,9.418789331054686,-0.08926493120887029,0.04862940282274277,-0.00479632466196915
1.3407529296874998,4.546588952636719,9.423577734375,-0.08380245034384987,0.020650842294589397,0.0002664624812205083
1.4030021728515625,4.584896179199219,9.45470235595703,-0.053159265003491406,0.026379785640830326,-0.0003996937218307625
1.3742717529296875,4.623203405761719,9.354145886230468,-0.049562021507014546,0.04743032165725048,0.002531393571594829
1.35990654296875,4.608838195800781,9.382876306152344,-0.06261868308681946,0.027978560528153375,-0.005595712105630674
1.3359645263671873,4.57771357421875,9.406818322753905,-0.04316692195772235,0.02424808579106626,-0.006928024511733216
1.438915197753906,4.608838195800781,9.457096557617186,-0.037304747370871166,0.030909647821578966,-0.0005329249624410166
1.419761584472656,4.639962817382812,9.406818322753905,-0.07807350699760894,0.02145022973825092,-0.005062787143189658
1.3575123413085937,4.6830584472656245,9.433154541015625,-0.06834762643306039,0.04210107203284032,0.0095926493239383
1.3192051147460937,4.510675927734375,9.327809667968749,-0.04449923436382489,0.035705972483548114,0.008127105677225504
1.2593500732421874,4.529829541015625,9.3086560546875,-0.021583460978861175,0.03424042883683532,-0.0073277182335639785
1.3646949462890625,4.618415002441406,9.466673364257812,-0.01185758041431262,0.00013323124061025415,0.0002664624812205083
1.4101847778320311,4.582501977539062,9.323021264648437,0.004663093421358896,0.03437366007744557,-0.006128637068071691
1.4125789794921875,4.673481640625,9.411606726074218,-0.02438131703167651,0.01705359879811253,-0.00985911180515881
1.3575123413085937,4.563348364257812,9.41639512939453,0.001732006127933304,0.011457886692481857,-0.0033307810152563544
1.35990654296875,4.649539624023437,9.445125549316407,0.025180704475338038,0.015188361429568975,-0.004663093421358896
1.3718775512695311,4.642357019042969,9.313444458007812,0.03530627876171736,0.02131699849764067,0.0003996937218307625
1.4604630126953124,4.695029455566406,9.306261853027344,0.014788667707738212,0.02131699849764067,0.002531393571594829
1.388636962890625,4.704606262207031,9.330203869628905,0.01958499236970736,0.0369050536490404,-0.011058192970651094
1.3120225097656248,4.728548278808593,9.282319836425781,0.011990811654922875,0.010258805526989571,0.0005329249624410166
1.37906015625,4.627991809082031,9.277531433105468,0.02971056665608668,-0.00985911180515881,0.0005329249624410166
1.2832920898437499,4.544194750976562,9.267954626464844,0.1215068914365518,0.0005329249624410166,-0.005329249624410167
1.4700398193359374,5.042188696289062,9.392453112792968,0.05822205214668107,-0.0401026034236865,-0.02105053601642016
1.484405029296875,5.073313317871094,9.236830004882812,-0.04862940282274277,0.03170903526524049,-0.011058192970651094
1.4532804077148436,4.984727856445312,9.320627062988281,-0.10978254226284943,0.06701531402695785,0.002797856052815337
1.4987702392578124,4.946420629882812,9.270348828125,-0.21023889768298107,0.11817611042129544,0.009059724361497283
1.3910311645507811,4.69263525390625,9.3086560546875,-0.24208116418883183,0.08526799399056267,0.006661562030512709
1.254561669921875,4.450820886230469,9.258377819824219,-0.15454823910789484,0.09486064331450096,0.011191424211261349
1.3287819213867187,4.541800549316406,9.421183532714844,-0.0720781011701475,0.0720781011701475,0.0058621745868511835
1.3120225097656248,4.50109912109375,9.37808790283203,-0.005062787143189658,-0.007194486992953725,-0.005062787143189658
1.3838485595703125,4.76924970703125,9.351751684570312,-0.04223430327345057,0.03903675349880447,-0.0057289433462409285
1.3239935180664062,4.6639048339843745,9.320627062988281,-0.01851914244482533,0.027312404325102103,0.010258805526989571
1.3431471313476562,4.7022120605468745,9.315838659667968,-0.017852986241774057,0.04210107203284032,-0.015987748873230498
1.3287819213867187,4.647145422363281,9.375693701171874,0.011324655451871604,0.008127105677225504,0.002264931090374321
1.3958195678710936,4.800374328613281,9.3086560546875,0.008926493120887028,0.04036906590490701,-0.01692036755750228
1.3407529296874998,4.7572786987304685,9.354145886230468,-0.004130168458917879,0.028378254249984136,0.006928024511733216
1.4245499877929686,4.707000463867187,9.3086560546875,0.003863705977697371,0.049428790266404295,-0.008526799399056265
1.2928688964843749,4.867411975097656,9.49300958251953,-0.035705972483548114,0.019984686091538122,0.012523736617363892
1.3168109130859373,4.771643908691406,9.327809667968749,-0.04356661567955311,0.04849617158213252,0.02691271060327134
1.3551181396484375,4.742913488769531,9.358934289550781,-0.058754977109122086,0.05342572748471192,0.01945176112909711
1.3168109130859373,4.764461303710937,9.303867651367186,-0.07460949474174233,0.03956967846124549,0.024781010753507273
1.2808978881835937,4.7022120605468745,9.248801013183593,-0.04449923436382489,0.05329249624410167,0.02971056665608668
1.3048399047851562,4.695029455566406,9.394847314453125,-0.000799387443661525,0.04356661567955311,0.02105053601642016
1.3383587280273437,4.790797521972656,9.272743029785156,-0.014522205226517705,0.044632465604435144,0.006261868308681946
1.3934253662109375,4.726154077148437,9.294290844726563,-0.005196018383799912,0.011191424211261349,0.0075941807147844875
1.4437036010742186,4.821922143554687,9.373299499511718,-0.0039969372183076245,0.011724349173702367,-0.011724349173702367
1.3646949462890625,4.836287353515624,9.323021264648437,-0.006928024511733216,0.023848392069235495,-0.007194486992953725
1.3814543579101561,4.797980126953124,9.373299499511718,-0.009326186842717792,0.031575804024630234,0.0006661562030512709
1.3742717529296875,4.88417138671875,9.330203869628905,-0.05728943346240929,0.03384073511500456,0.008393568158446012
1.3455413330078123,4.797980126953124,9.253589416503905,-0.03397396635561481,0.017453292519943295,0.006928024511733216
1.3455413330078123,4.872200378417968,9.277531433105468,-0.03543951000232761,0.0305099540997482,0.005329249624410167
1.3814543579101561,4.836287353515624,9.160215551757812,-0.058355283387291325,0.032108728987071254,0.0058621745868511835
1.3407529296874998,4.771643908691406,9.253589416503905,-0.049428790266404295,0.026513016881440577,0.007727411955394742
1.3000515014648437,4.752490295410156,9.330203869628905,-0.020650842294589397,0.03797090357392244,0.0011990811654922875
1.43652099609375,4.829104748535156,9.315838659667968,-0.018252679963604822,0.023315467106794475,0.0018652373685435584
1.3814543579101561,4.8650177734375,9.229647399902344,-0.0191852986478766,0.033307810152563545,0.006661562030512709
1.3862427612304686,4.8650177734375,9.229647399902344,-0.021849923460081685,0.03557274124293786,-0.0058621745868511835
1.3670891479492187,4.900930798339844,9.291896643066405,-0.06634915782390657,0.0035972434964768626,-0.0021316998497640663
1.3958195678710936,4.853046765136718,9.227253198242186,-0.05542419609386573,0.00866003063966652,-0.007993874436615249
1.3814543579101561,4.805162731933594,9.296685046386719,-0.054491577409593955,0.017852986241774057,-0.010125574286379316
1.39821376953125,4.927267016601562,9.279925634765624,-0.019984686091538122,0.01372281778285618,-0.004396630940138387
1.426944189453125,4.841075756835937,9.325415466308593,-0.020517611053979142,0.025047473234727783,0.004396630940138387
1.3623007446289062,4.848258361816406,9.30147344970703,-0.031575804024630234,0.02571362943777905,0.012656967857974145
1.3623007446289062,4.838681555175781,9.198522778320312,-0.01985145485092787,0.030909647821578966,0.005995405827461438
1.429338391113281,4.948814831542968,9.296685046386719,-0.032774885190122525,0.02398162330984575,0.00013323124061025415
1.419761584472656,4.857835168457031,9.200916979980468,-0.028911179212425153,0.03370750387439431,0.002531393571594829
1.5729904907226562,4.984727856445312,9.009380847167968,-0.06808116395183987,0.004263399699528133,-0.006261868308681946
1.3958195678710936,4.88417138671875,9.17458076171875,-0.041967840792230066,0.01958499236970736,0.0014655436467127959
1.37906015625,4.809951135253906,9.315838659667968,-0.06301837680865022,0.0039969372183076245,0.018652373685435583
1.458068811035156,4.939238024902344,9.093177905273437,-0.01532159267017923,0.0255803981971688,-0.019318529888486854
1.4149731811523436,4.898536596679687,9.342174877929686,-0.07540888218540386,-0.02997702913730719,-0.01572128639200999
1.3934253662109375,4.829104748535156,9.277531433105468,-0.04929555902579404,0.031975497746460996,-0.010392036767599824
1.35990654296875,4.898536596679687,9.323021264648437,-0.059287902071563106,0.023049004625573973,-0.008393568158446012
1.3838485595703125,4.802768530273437,9.102754711914063,-0.05622358353752725,0.009059724361497283,-0.012390505376753637
1.3479355346679687,4.781220715332031,9.191340173339842,-0.0255803981971688,0.07860643196004995,0.04356661567955311
1.4987702392578124,4.932055419921875,9.208099584960937,-0.022249617181912446,0.021583460978861175,0.0018652373685435584
1.5155296508789062,4.879382983398437,9.210493786621093,-0.017453292519943295,0.04023583466429676,-0.0005329249624410166
1.4125789794921875,4.915296008300781,9.200916979980468,-0.01052526800821008,-0.012523736617363892,-0.011058192970651094
1.455674609375,4.955997436523437,9.157821350097656,0.005062787143189658,0.017186830038722786,-0.025447166956558548
1.4628572143554686,5.015852478027344,9.210493786621093,-0.07540888218540386,0.011724349173702367,-0.017186830038722786
1.3239935180664062,4.967968444824218,9.145850341796875,-0.10072281790135215,0.06621592658329632,0.019318529888486854
1.2665326782226562,4.735730883789063,9.212887988281249,-0.06381776425231174,0.059021439590342596,0.012390505376753637
1.3623007446289062,4.759672900390624,9.124302526855468,0.013056661579804908,0.03757120985209167,0.015588055151399738
1.5634136840820312,5.082890124511718,9.141061938476563,-0.008793261880276773,0.011591117933092112,-0.004263399699528133
1.4772224243164063,5.046977099609375,9.2320416015625,-0.037171516130260915,0.018252679963604822,-0.014921898948348467
1.458068811035156,4.946420629882812,9.167398156738281,-0.040901990867348026,0.011457886692481857,-0.033041347671343035
2.1978771240234374,5.315127685546875,9.030928662109375,-0.07913935692249098,0.15454823910789484,0.01212404289553313
1.35990654296875,5.149927770996094,9.246406811523437,-0.07114548248587572,0.040502297145517265,0.02464777951289702
1.369483349609375,4.958391638183594,8.695740429687499,-0.05209341507860938,0.015588055151399738,0.050894333913117096
1.5035586425781249,5.085284326171875,9.287108239746093,-0.0026646248122050836,0.05049464019128633,-0.015188361429568975
1.4820108276367188,4.932055419921875,9.270348828125,-0.058888208349732345,0.03317457891195329,-0.00013323124061025415
1.3670891479492187,4.936843823242187,9.210493786621093,-0.05062787143189658,0.03370750387439431,-0.011191424211261349
1.4604630126953124,4.989516259765625,9.200916979980468,-0.06781470147061937,0.0033307810152563544,-0.002398162330984575
1.4221557861328125,4.900930798339844,9.217676391601563,-0.059287902071563106,0.041301684589178794,0.0002664624812205083
1.438915197753906,5.003881469726562,9.267954626464844,-0.0764747321102859,0.05209341507860938,0.003863705977697371
1.458068811035156,4.879382983398437,9.1554271484375,-0.09033078113375233,0.02624655440022007,-0.01505513018895872
1.4796166259765624,4.970362646484375,9.208099584960937,-0.0671485452675681,0.008127105677225504,-0.018918836166656093
1.4006079711914061,4.934449621582031,9.234435803222656,-0.07061255752343472,-0.011457886692481857,-0.015854517632620246
1.438915197753906,4.891353991699218,9.2320416015625,-0.06395099549292199,0.03503981628049684,-0.010258805526989571
1.4173673828125,4.819527941894531,9.176974963378905,-0.05688973974057853,0.0255803981971688,0.0006661562030512709
1.4221557861328125,4.929661218261718,9.167398156738281,-0.03823736605514295,0.048895865303963275,0.017453292519943295
1.4867992309570313,4.821922143554687,9.114725720214842,-0.02145022973825092,0.04063552838612752,0.01732006127933304
1.4700398193359374,4.891353991699218,9.105148913574219,0.016254211354451008,0.027978560528153375,0.007860643196004996
1.4628572143554686,5.03740029296875,9.253589416503905,-0.002398162330984575,0.012523736617363892,-0.004130168458917879
1.4532804077148436,4.908113403320312,9.193734375,0.006661562030512709,0.021849923460081685,-0.0037304747370871167
1.458068811035156,4.946420629882812,9.172186560058593,0.01945176112909711,0.022249617181912446,0.0021316998497640663
1.458068811035156,4.979939453125,9.193734375,-0.000799387443661525,0.021849923460081685,-0.003863705977697371
1.4532804077148436,5.023035083007812,9.14824454345703,-0.02011791733214838,0.0039969372183076245,-0.012523736617363892
1.4604630126953124,5.042188696289062,9.131485131835937,-0.03264165394951227,0.002531393571594829,-0.009192955602107537
1.448492004394531,5.123591552734375,9.09796630859375,-0.04809647786030175,0.0191852986478766,-0.007860643196004996
1.4508862060546874,4.979939453125,9.160215551757812,-0.06528330789902453,0.032774885190122525,-0.008127105677225504
1.4437036010742186,4.910507604980468,9.100360510253905,-0.05129402763494785,-0.005062787143189658,-0.002531393571594829
1.388636962890625,4.896142395019531,9.181763366699219,-0.023848392069235495,0.029577335415476424,-0.0029310872934255917
1.426944189453125,5.039794494628906,9.121908325195312,-0.044099540641994124,0.026379785640830326,-0.005196018383799912
1.4867992309570313,5.054159704589844,9.095572106933593,-0.06608269534268607,0.02598009191899956,0.002797856052815337
1.467645617675781,5.042188696289062,9.10993731689453,-0.0868667688778857,0.030909647821578966,-0.014655436467127957
1.5658078857421873,4.977545251464844,9.13627353515625,-0.09472741207389071,0.007194486992953725,-0.01505513018895872
1.4437036010742186,4.953603234863281,9.167398156738281,-0.09073047485558308,0.02105053601642016,-0.013989280264076687
1.4772224243164063,4.853046765136718,9.1554271484375,-0.06488361417719378,0.004263399699528133,-0.010392036767599824
1.5275006591796874,4.886565588378906,9.088389501953124,-0.02011791733214838,0.02571362943777905,-0.006661562030512709
1.4628572143554686,4.898536596679687,9.117119921875,-0.013989280264076687,0.004929555902579405,0.000799387443661525
1.4101847778320311,4.99909306640625,9.227253198242186,-0.0003996937218307625,0.013856049023466432,-0.005062787143189658
1.4963760375976562,4.9823336547851556,9.083601098632812,0.0039969372183076245,0.027712098046932865,-0.020384379813368887
1.4604630126953124,5.011064074707031,9.085995300292968,-0.015588055151399738,0.005462480865020421,0.0018652373685435584
1.4532804077148436,5.087678527832031,9.160215551757812,-0.018785604926045835,0.036771822408430146,-0.011324655451871604
1.5897499023437498,5.073313317871094,9.088389501953124,-0.02584686067838931,0.040502297145517265,0.006794793271122962
1.5753846923828123,5.049371301269531,9.114725720214842,-0.03064318534035846,0.01851914244482533,-0.0011990811654922875
1.5322890624999999,5.0206408813476555,9.138667736816405,-0.008260336917835759,0.01372281778285618,0.0037304747370871167
1.5634136840820312,5.025429284667968,9.09796630859375,-0.021583460978861175,0.02011791733214838,-0.009192955602107537
1.5753846923828123,5.013458276367187,9.131485131835937,0.0003996937218307625,0.04036906590490701,-0.0058621745868511835
1.4867992309570313,5.142745166015625,9.066841687011719,-0.009192955602107537,0.03503981628049684,-0.01692036755750228
1.458068811035156,5.068524914550781,9.102754711914063,-0.022249617181912446,0.022782542144353463,-0.021983154700691936
1.438915197753906,5.102043737792968,9.10993731689453,-0.04703062793541972,0.022382848422522698,-0.01851914244482533
1.5083470458984374,5.027823486328125,9.0788126953125,-0.03424042883683532,0.005995405827461438,-0.01185758041431262
1.5275006591796874,5.102043737792968,9.100360510253905,-0.03557274124293786,-0.03490658503988659,-0.028644716731204646
1.5275006591796874,5.025429284667968,9.160215551757812,-0.018385911204215073,-0.017852986241774057,-0.01971822361031762
1.5251064575195312,5.049371301269531,9.17458076171875,-0.02078407353519965,0.0073277182335639785,-0.013056661579804908
1.5634136840820312,5.066130712890625,9.038111267089842,-0.022649310903743208,0.028911179212425153,-0.0127901990985844
1.5251064575195312,5.1523219726562495,9.030928662109375,-0.027978560528153375,0.025180704475338038,-0.01212404289553313
1.5275006591796874,5.1331683593749995,9.1554271484375,-0.027578866806322613,0.022382848422522698,-0.011724349173702367
1.4628572143554686,5.097255334472656,9.081206896972656,-0.036105666205378875,0.018119448722994567,-0.01945176112909711
1.47482822265625,5.200206005859375,9.102754711914063,-0.0369050536490404,0.026646248122050836,-0.024114854550456002
1.5107412475585937,5.142745166015625,9.069235888671875,-0.03943644722063524,0.020917304775809907,-0.020251148572758632
1.5586252807617187,5.123591552734375,8.980650427246093,-0.03757120985209167,0.010791730489430587,-0.01185758041431262
1.4820108276367188,5.2265422241210935,8.990227233886719,-0.0528928025222709,0.031842266505850744,-0.004396630940138387
1.5298948608398437,5.063736511230468,8.949525805664061,-0.04316692195772235,0.040768759626737774,0.007860643196004996
1.5059528442382812,5.145139367675781,9.05965908203125,-0.032774885190122525,0.03170903526524049,-0.0033307810152563544
1.4341267944335936,5.080495922851562,9.014169250488282,-0.02531393571594829,0.022116385941302188,-0.0011990811654922875
1.5682020874023437,5.252878442382812,8.978256225585938,-0.044898928085655654,0.0058621745868511835,-0.004396630940138387
1.649604943847656,5.212177014160156,9.042899670410156,-0.05022817771006582,0.026646248122050836,-0.006528330789902454
1.5083470458984374,5.197811804199218,9.102754711914063,-0.06674885154573734,0.02464777951289702,0.0003996937218307625
1.5011644409179687,5.181052392578125,9.045293872070312,-0.07727411955394742,0.03397396635561481,0.003863705977697371
1.4820108276367188,5.073313317871094,9.057264880371093,-0.07194486992953725,0.04250076575467108,0.005196018383799912
1.5442600708007812,5.0757075195312495,9.131485131835937,-0.06648238906451683,0.03290811643073278,0.002398162330984575
1.5275006591796874,5.092466931152344,9.145850341796875,-0.05649004601874777,0.03064318534035846,0.0006661562030512709
1.5514426757812498,5.125985754394531,9.102754711914063,-0.04729709041664023,0.037837672333312186,-0.0033307810152563544
1.5394716674804687,5.142745166015625,9.042899670410156,-0.04916232778518379,0.03170903526524049,-0.005196018383799912
1.5753846923828123,5.185840795898438,8.973467822265624,-0.06062021447766565,0.03543951000232761,-0.012390505376753637
1.5394716674804687,5.137956762695312,9.117119921875,-0.07047932628282445,0.018785604926045835,-0.0095926493239383
1.4508862060546874,5.125985754394531,9.191340173339842,-0.07127871372648598,0.01971822361031762,-0.0063950995492922
1.4939818359375,5.087678527832031,9.085995300292968,-0.06728177650817835,0.03757120985209167,0.005995405827461438
1.465251416015625,5.063736511230468,9.17458076171875,-0.059287902071563106,0.014522205226517705,-0.0006661562030512709
1.5370774658203123,5.123591552734375,8.973467822265624,-0.06341807053048099,0.020251148572758632,0.0057289433462409285
1.5801730957031248,5.164292980957031,8.992621435546875,-0.06648238906451683,0.0543583461689837,0.0058621745868511835
1.5203180541992187,5.128379956054687,9.054870678710937,-0.06608269534268607,0.049695252747624805,0.0035972434964768626
1.4101847778320311,5.025429284667968,9.131485131835937,-0.0514272588755581,0.017453292519943295,-0.002531393571594829
1.5634136840820312,5.109226342773437,9.023746057128905,-0.036638591167819895,0.021849923460081685,-0.005062787143189658
1.5634136840820312,5.006275671386718,9.04050546875,-0.01971822361031762,0.016520673835671518,-0.0063950995492922
1.608903515625,5.0948611328124995,9.05965908203125,0.00013323124061025415,-0.009059724361497283,-0.006528330789902454
1.5418658691406248,5.200206005859375,9.13627353515625,-0.016653905076281773,0.009059724361497283,0.0009326186842717792
1.5298948608398437,5.190629199218749,8.99501563720703,-0.04569831552931718,0.0302434916185277,0.002398162330984575
1.5322890624999999,5.1882349975585935,9.030928662109375,-0.04210107203284032,0.041168453348568536,0.007061255752343471
1.438915197753906,5.058948107910156,9.047688073730468,-0.025180704475338038,0.049828483988235056,0.011457886692481857
1.5466542724609373,5.197811804199218,9.114725720214842,-0.044765696845045395,0.03357427263378405,0.012656967857974145
1.5969325073242187,5.190629199218749,9.090783703613281,-0.06301837680865022,0.044232771882604376,0.01438897398590745
1.5610194824218748,5.1523219726562495,9.085995300292968,-0.06701531402695785,0.0654165391396348,0.02118376725703041
1.5562310791015623,5.130774157714844,9.030928662109375,-0.0610199081994964,0.049029096544573526,0.004663093421358896
1.5801730957031248,5.0948611328124995,9.062053283691405,-0.058488514627901576,0.0058621745868511835,-0.012523736617363892
1.6328455322265625,5.157110375976562,9.114725720214842,-0.06634915782390657,0.007860643196004996,-0.022516079663132953
1.5801730957031248,5.085284326171875,9.062053283691405,-0.04769678413847099,0.0057289433462409285,-0.02118376725703041
1.5011644409179687,5.204994409179688,8.992621435546875,-0.03170903526524049,0.0191852986478766,-0.01692036755750228
1.5011644409179687,5.154716174316406,9.045293872070312,-0.054491577409593955,0.022382848422522698,-0.0073277182335639785
1.4939818359375,5.159504577636718,9.066841687011719,-0.049828483988235056,0.0415681470703993,0.0009326186842717792
1.5035586425781249,5.185840795898438,8.980650427246093,-0.03797090357392244,0.049428790266404295,0.002264931090374321
1.5107412475585937,5.116408947753906,9.016563452148437,-0.0369050536490404,0.015854517632620246,-0.010258805526989571
1.4820108276367188,5.109226342773437,9.066841687011719,-0.03970290970185574,0.0010658499248820332,-0.009326186842717792
1.4915876342773438,5.104437939453125,9.042899670410156,-0.041301684589178794,0.006528330789902454,-0.004130168458917879
1.618480322265625,5.164292980957031,9.030928662109375,-0.023315467106794475,0.04223430327345057,0.01971822361031762
1.5107412475585937,5.178658190917968,9.045293872070312,-0.025447166956558548,0.03877029101758396,0.015987748873230498
1.5658078857421873,5.1331683593749995,9.030928662109375,-0.02105053601642016,0.03317457891195329,-0.000799387443661525
1.6041151123046875,5.159504577636718,9.064447485351561,-0.027045941843881597,0.0014655436467127959,-0.0063950995492922
1.5083470458984374,5.128379956054687,9.114725720214842,-0.0191852986478766,0.031176110302799476,0.0010658499248820332
1.5011644409179687,5.183446594238281,9.126696728515624,0.013056661579804908,0.053692189965932426,0.009725880564548555
1.47482822265625,5.324704492187499,8.98304462890625,-0.016387442595061263,0.04316692195772235,0.013189892820415163
1.6017209106445311,5.219359619140625,9.064447485351561,-0.022516079663132953,0.03903675349880447,0.005196018383799912
1.6041151123046875,5.202600207519531,8.990227233886719,-0.03530627876171736,0.01185758041431262,-0.01052526800821008
1.5394716674804687,5.212177014160156,9.023746057128905,-0.032241960227681506,0.006661562030512709,-0.016387442595061263
1.5729904907226562,5.200206005859375,8.935160595703124,-0.020384379813368887,-0.0021316998497640663,-0.026379785640830326
1.5658078857421873,5.219359619140625,9.090783703613281,-0.01971822361031762,-0.008526799399056265,-0.031176110302799476
1.5011644409179687,5.276820458984375,9.014169250488282,-0.02691271060327134,0.013056661579804908,-0.018385911204215073
1.4939818359375,5.286397265624999,9.095572106933593,-0.02424808579106626,0.024781010753507273,-0.006128637068071691
1.5394716674804687,5.2816088623046875,8.916006982421875,-0.01732006127933304,0.06301837680865022,-0.0005329249624410166
1.5442600708007812,5.224148022460938,8.894459167480468,-0.02424808579106626,0.03130934154340973,-0.0006661562030512709
1.5107412475585937,5.173869787597656,8.992621435546875,-0.010392036767599824,0.02997702913730719,0.0021316998497640663
1.4532804077148436,5.236119030761718,9.042899670410156,0.008926493120887028,0.037837672333312186,-0.003863705977697371
1.6065093139648436,5.293579870605469,8.95670841064453,0.008926493120887028,0.032108728987071254,-0.007061255752343471
1.5514426757812498,5.286397265624999,9.0021982421875,-0.01971822361031762,0.01732006127933304,-0.012390505376753637
1.5179238525390624,5.272032055664062,9.030928662109375,-0.03970290970185574,0.0255803981971688,-0.01851914244482533
1.5586252807617187,5.317521887207031,8.911218579101561,-0.03397396635561481,0.03743797861148142,-0.004929555902579405
1.5155296508789062,5.358223315429687,8.927977990722656,-0.04210107203284032,0.04063552838612752,0.002398162330984575
1.5538368774414062,5.3390697021484375,8.932766394042968,-0.033041347671343035,0.035173047521107094,-0.002264931090374321
1.5298948608398437,5.398924743652343,8.904035974121093,-0.0369050536490404,0.03877029101758396,-0.0029310872934255917
1.5203180541992187,5.360617517089843,8.932766394042968,-0.04916232778518379,0.01532159267017923,-0.0013323124061025418
1.5897499023437498,5.305550878906249,8.930372192382812,-0.03424042883683532,0.02424808579106626,-0.015854517632620246
1.5298948608398437,5.233724829101562,9.004592443847656,-0.017852986241774057,0.015188361429568975,-0.026513016881440577
1.5370774658203123,5.384559533691406,8.935160595703124,-0.013056661579804908,0.018785604926045835,-0.02851148549059439
1.5729904907226562,5.3007624755859375,8.930372192382812,-0.016787136316892024,0.009059724361497283,-0.02131699849764067
1.5969325073242187,5.310339282226562,8.927977990722656,-0.014788667707738212,0.02904441045303541,-0.023448698347404734
1.5873557006835937,5.367800122070312,8.8872765625,-0.01372281778285618,0.03797090357392244,-0.005329249624410167
1.5777788940429687,5.45877978515625,8.966285217285156,-0.02904441045303541,0.03770444109270193,0.0018652373685435584
1.5227122558593749,5.42047255859375,8.932766394042968,-0.044898928085655654,0.02997702913730719,-0.008793261880276773
1.5370774658203123,5.374982727050781,8.99501563720703,-0.04836294034152226,0.041434915829789046,0.0013323124061025418
1.5442600708007812,5.353434912109375,8.95670841064453,-0.04036906590490701,0.048229709100912004,-0.0035972434964768626
1.5083470458984374,5.372588525390625,8.963891015625,-0.029843797896696934,0.03743797861148142,-0.0058621745868511835
1.5346832641601562,5.434837768554687,8.916006982421875,-0.04729709041664023,0.027312404325102103,0.0039969372183076245
1.5227122558593749,5.413289953613281,8.901641772460938,-0.041035222107958284,0.03743797861148142,-0.0063950995492922
1.5586252807617187,5.391742138671875,8.963891015625,-0.058355283387291325,0.008127105677225504,-0.016387442595061263
1.465251416015625,5.42047255859375,8.91840118408203,-0.053026033762881154,0.02571362943777905,0.00013323124061025415
1.4915876342773438,5.363011718749999,8.968679418945312,-0.05249310880044014,0.0287779479718149,-0.004130168458917879
1.5490484741210937,5.389347937011719,8.94473740234375,-0.0433001531983326,0.03743797861148142,-0.002531393571594829
1.5059528442382812,5.276820458984375,8.8489693359375,-0.04369984692016337,0.016787136316892024,-0.00866003063966652
1.5729904907226562,5.360617517089843,8.892064965820312,-0.03357427263378405,0.06261868308681946,-0.0011990811654922875
1.5275006591796874,5.312733483886719,8.911218579101561,-0.0383705972957532,0.03890352225819422,-0.015188361429568975
1.5394716674804687,5.327098693847656,8.872911352539061,-0.022116385941302188,0.032108728987071254,-0.012923430339194655
1.5394716674804687,5.456385583496093,8.82981572265625,-0.03797090357392244,0.020384379813368887,-0.013589586542245924
1.5346832641601562,5.432443566894531,8.889670764160156,-0.04756355289786074,0.03011026037791744,-0.0058621745868511835
1.4867992309570313,5.355829113769531,8.913612780761719,-0.05275957128166065,0.016787136316892024,-0.0095926493239383
1.5083470458984374,5.379771130371093,8.932766394042968,-0.054225114928373445,0.03743797861148142,-0.0011990811654922875
1.6256629272460936,5.315127685546875,8.954314208984375,-0.061686064402547675,0.024514548272286763,-0.0006661562030512709
1.5490484741210937,5.363011718749999,8.89924757080078,-0.06395099549292199,0.027978560528153375,-0.005462480865020421
1.5107412475585937,5.453991381835937,8.884882360839843,-0.0604869832370554,0.01572128639200999,0.004263399699528133
1.5155296508789062,5.389347937011719,8.904035974121093,-0.05995405827461438,0.03064318534035846,0.013989280264076687
1.5538368774414062,5.360617517089843,8.999804040527343,-0.06954670759855268,0.03530627876171736,0.007194486992953725
1.5562310791015623,5.329492895507812,8.901641772460938,-0.07953905064432175,0.022915773384963714,0.0019984686091538122
1.4891934326171874,5.406107348632812,8.949525805664061,-0.07327718233563979,0.031842266505850744,0.001732006127933304
1.5107412475585937,5.341463903808593,8.975862023925782,-0.07221133241075775,0.007061255752343471,0.0057289433462409285
1.6017209106445311,5.324704492187499,8.882488159179687,-0.05395865244715294,0.024914241994117528,0.0009326186842717792
1.5753846923828123,5.367800122070312,8.971073620605468,-0.07754058203516792,0.02691271060327134,0.002398162330984575
1.5251064575195312,5.334281298828125,8.930372192382812,-0.06821439519245012,0.0334410413931738,0.00479632466196915
1.5251064575195312,5.3199160888671875,8.904035974121093,-0.050894333913117096,0.03357427263378405,-0.004263399699528133
1.5131354492187499,5.317521887207031,8.872911352539061,-0.054225114928373445,0.03144257278401998,-0.004130168458917879
1.5107412475585937,5.410895751953125,8.920795385742187,-0.07354364481686029,0.029444104174866172,0.005329249624410167
1.4867992309570313,5.305550878906249,8.951920007324219,-0.07660796335089615,0.01945176112909711,-0.006261868308681946
1.5370774658203123,5.343858105468749,8.904035974121093,-0.08100459429103453,0.012257274136143382,-0.011990811654922875
1.5490484741210937,5.334281298828125,8.870517150878905,-0.07807350699760894,0.02424808579106626,-0.002797856052815337
1.5298948608398437,5.312733483886719,8.949525805664061,-0.07447626350113207,0.021849923460081685,-0.003464012255866608
1.5418658691406248,5.2816088623046875,8.882488159179687,-0.0688805513955014,0.029310872934255914,-0.003464012255866608
1.6041151123046875,5.274426257324219,8.990227233886719,-0.07327718233563979,0.01971822361031762,0.0009326186842717792
1.5418658691406248,5.298368273925781,8.95670841064453,-0.06754823898939886,0.03863705977697371,-0.0013323124061025418
1.5394716674804687,5.322310290527343,9.030928662109375,-0.08073813180981403,0.04036906590490701,-0.001732006127933304
1.608903515625,5.346252307128906,8.93755479736328,-0.09819142432975732,0.04316692195772235,-0.004130168458917879
1.5275006591796874,5.298368273925781,8.9255837890625,-0.11031546722529045,0.03930321598002497,0.002264931090374321
1.5370774658203123,5.231330627441406,8.916006982421875,-0.10498621760088028,0.046098009251147945,0.004529862180748642
1.5801730957031248,5.202600207519531,8.975862023925782,-0.08033843808798326,0.04316692195772235,0.006928024511733216
1.5490484741210937,5.228936425781249,8.904035974121093,-0.07714088831333717,0.029177641693645662,0.008260336917835759
1.6136919189453125,5.212177014160156,8.968679418945312,-0.08566768771239343,0.016787136316892024,-0.0003996937218307625
1.4724340209960938,5.166687182617188,9.026140258789061,-0.06648238906451683,0.023581929588014985,0.0013323124061025418
1.5179238525390624,5.140350964355468,8.999804040527343,-0.036505359927209644,0.02118376725703041,-0.0006661562030512709
1.5825672973632812,5.248090039062499,8.920795385742187,-0.04210107203284032,0.03477335379927634,-0.005062787143189658
1.5634136840820312,5.228936425781249,8.966285217285156,-0.04396630940138387,0.021983154700691936,-0.0030643185340358454
1.5275006591796874,5.176263989257812,8.904035974121093,-0.012390505376753637,0.05515773361264523,-0.008260336917835759
1.5203180541992187,5.240907434082031,8.987833032226561,-0.015188361429568975,0.0305099540997482,0.0030643185340358454
1.5586252807617187,5.2265422241210935,9.07163009033203,-0.017186830038722786,0.020917304775809907,-0.005196018383799912
1.5442600708007812,5.284003063964843,9.014169250488282,-0.02078407353519965,0.024514548272286763,0.0019984686091538122
1.4867992309570313,5.257666845703125,8.999804040527343,-0.022382848422522698,0.014655436467127957,-0.005595712105630674
1.4891934326171874,5.291185668945312,9.050082275390624,-0.029177641693645662,0.020650842294589397,-0.0021316998497640663
1.5490484741210937,5.315127685546875,9.023746057128905,-0.04290045947650184,0.024914241994117528,0.0009326186842717792
1.5849614990234373,5.288791467285156,8.935160595703124,-0.048229709100912004,0.03743797861148142,-0.001732006127933304
1.5059528442382812,5.2624552490234375,8.89924757080078,-0.03983614094246599,0.045298621807486415,0.0005329249624410166
1.5514426757812498,5.269637854003906,8.872911352539061,-0.04583154676992743,0.03464012255866608,0.0019984686091538122
1.5394716674804687,5.288791467285156,8.954314208984375,-0.03037672285913795,0.02997702913730719,-0.0030643185340358454
1.5801730957031248,5.293579870605469,8.942343200683593,-0.028111791768763626,0.0302434916185277,-0.003464012255866608
1.4987702392578124,5.3007624755859375,8.990227233886719,-0.031575804024630234,0.028378254249984136,-0.001732006127933304
1.5394716674804687,5.269637854003906,8.901641772460938,-0.03477335379927634,0.024114854550456002,-0.0063950995492922
1.5155296508789062,5.324704492187499,8.954314208984375,-0.050094946469455566,0.011457886692481857,-0.007727411955394742
1.5418658691406248,5.255272644042968,8.947131604003905,-0.02971056665608668,0.02011791733214838,-0.0030643185340358454
1.5634136840820312,5.303156677246093,8.959102612304687,-0.014788667707738212,0.026646248122050836,-0.0030643185340358454
1.4987702392578124,5.358223315429687,8.951920007324219,-0.025447166956558548,0.016254211354451008,0.00159877488732305
1.5897499023437498,5.370194323730469,8.947131604003905,-0.04916232778518379,0.044632465604435144,0.004263399699528133
1.5298948608398437,5.427655163574219,9.02135185546875,-0.0479632466196915,0.031176110302799476,0.0006661562030512709
1.5777788940429687,5.3199160888671875,8.961496813964843,-0.026646248122050836,0.03424042883683532,0.0018652373685435584
1.5801730957031248,5.355829113769531,8.94473740234375,-0.033041347671343035,0.02438131703167651,0.0014655436467127959
1.599326708984375,5.360617517089843,8.877699755859375,-0.05942113331217336,0.04290045947650184,0.00159877488732305
1.5203180541992187,5.2624552490234375,8.942343200683593,-0.05555742733447598,0.02744563556571236,0.00159877488732305
1.5370774658203123,5.324704492187499,8.961496813964843,-0.035705972483548114,0.029444104174866172,-0.002264931090374321
1.5394716674804687,5.324704492187499,8.901641772460938,-0.03490658503988659,0.037304747370871166,-0.0033307810152563544
1.5227122558593749,5.322310290527343,8.88009395751953,-0.03863705977697371,0.03410719759622506,0.0031975497746461
1.5682020874023437,5.286397265624999,8.904035974121093,-0.02744563556571236,0.0369050536490404,-0.01052526800821008
1.5969325073242187,5.2433016357421875,8.966285217285156,0.006794793271122962,0.01532159267017923,-0.01505513018895872
1.6256629272460936,5.437231970214843,9.014169250488282,0.015854517632620246,0.03770444109270193,-0.019318529888486854
1.599326708984375,5.432443566894531,8.872911352539061,-0.009059724361497283,0.05662327725935802,-0.0074609494741742334
1.5298948608398437,5.255272644042968,8.927977990722656,-0.02971056665608668,0.07021286380160395,-0.0058621745868511835
1.5418658691406248,5.449202978515625,8.815450512695312,-0.07101225124526546,0.03557274124293786,0.008793261880276773
1.4867992309570313,5.456385583496093,8.932766394042968,-0.0929954059459574,0.029310872934255914,0.0074609494741742334
1.4939818359375,5.303156677246093,8.913612780761719,-0.10605206752576231,-0.0003996937218307625,0.017852986241774057
1.5825672973632812,5.307945080566406,8.877699755859375,-0.11231393583444427,0.0006661562030512709,0.008793261880276773
1.5634136840820312,5.257666845703125,8.968679418945312,-0.08326952538140886,0.013189892820415163,0.0026646248122050836
1.5705962890624998,5.219359619140625,8.968679418945312,-0.046098009251147945,0.026646248122050836,0.0011990811654922875
1.5562310791015623,5.2648494506835934,8.920795385742187,-0.016387442595061263,0.01532159267017923,-0.006928024511733216
1.5729904907226562,5.286397265624999,8.968679418945312,0.009326186842717792,0.03743797861148142,-0.01732006127933304
1.5897499023437498,5.358223315429687,8.920795385742187,0.0063950995492922,0.02717917308449185,-0.027045941843881597
1.465251416015625,5.406107348632812,8.949525805664061,0.0,0.04716385917602997,-0.01971822361031762
1.4987702392578124,5.403713146972656,8.935160595703124,-0.024914241994117528,0.032375191468291764,0.0006661562030512709
1.5634136840820312,5.461173986816406,8.877699755859375,-0.031975497746460996,0.04383307816077362,-0.0009326186842717792
1.5753846923828123,5.456385583496093,8.894459167480468,-0.05395865244715294,0.03357427263378405,-0.00479632466196915
1.5011644409179687,5.410895751953125,8.9255837890625,-0.06768147023000912,0.03011026037791744,-0.0013323124061025418
1.5442600708007812,5.284003063964843,8.98304462890625,-0.058888208349732345,0.029577335415476424,0.007061255752343471
1.4532804077148436,5.367800122070312,8.927977990722656,-0.05249310880044014,0.02584686067838931,0.01212404289553313
1.618480322265625,5.394136340332031,8.877699755859375,-0.044099540641994124,0.036238897445989134,0.0003996937218307625
1.5753846923828123,5.382165332031249,8.939948999023438,-0.05182695259738887,0.01851914244482533,-0.00159877488732305
1.5897499023437498,5.315127685546875,8.923189587402343,-0.05342572748471192,0.01732006127933304,-0.011724349173702367
1.5634136840820312,5.355829113769531,8.99501563720703,-0.0369050536490404,0.041168453348568536,-0.006661562030512709
1.5610194824218748,5.394136340332031,8.91840118408203,-0.048229709100912004,0.04449923436382489,-0.009059724361497283
1.4891934326171874,5.430049365234375,8.851363537597656,-0.07833996947882944,0.021716692219471426,-0.0003996937218307625
1.5801730957031248,5.355829113769531,8.892064965820312,-0.08500153150934216,0.02424808579106626,0.002398162330984575
1.5059528442382812,5.310339282226562,8.813056311035156,-0.08540122523117291,0.00866003063966652,0.00866003063966652
1.5251064575195312,5.341463903808593,8.920795385742187,-0.07580857590723461,0.03543951000232761,0.008260336917835759
1.5634136840820312,5.274426257324219,8.932766394042968,-0.06088667695888615,0.032774885190122525,-0.0011990811654922875
1.4915876342773438,5.336675500488281,8.894459167480468,-0.045032159326265905,0.020650842294589397,-0.006528330789902454
1.5801730957031248,5.367800122070312,8.935160595703124,-0.04263399699528134,0.01692036755750228,-0.014122511504686942
1.5849614990234373,5.363011718749999,9.038111267089842,-0.04876263406335302,0.023848392069235495,-0.0010658499248820332
1.5705962890624998,5.434837768554687,8.8872765625,-0.05542419609386573,0.027578866806322613,-0.0029310872934255917
1.5394716674804687,5.269637854003906,8.88009395751953,-0.054491577409593955,0.023581929588014985,-0.001732006127933304
1.5610194824218748,5.329492895507812,8.892064965820312,-0.049961715228845315,0.03490658503988659,-0.0026646248122050836
1.5059528442382812,5.317521887207031,8.858546142578124,-0.058488514627901576,0.032375191468291764,-0.002797856052815337
1.6136919189453125,5.315127685546875,8.930372192382812,-0.04849617158213252,0.03583920372415837,-0.0030643185340358454
1.5322890624999999,5.374982727050781,8.889670764160156,-0.04729709041664023,0.022782542144353463,-0.004130168458917879
1.5969325073242187,5.410895751953125,8.889670764160156,-0.053159265003491406,0.027312404325102103,0.009059724361497283
1.5394716674804687,5.310339282226562,8.997409838867187,-0.05675650849996827,0.02011791733214838,0.0009326186842717792
1.5442600708007812,5.310339282226562,8.966285217285156,-0.05942113331217336,0.018918836166656093,0.009459418083328047
1.5921441040039062,5.322310290527343,8.91840118408203,-0.054091883687763194,0.03490658503988659,0.002398162330984575
1.5083470458984374,5.374982727050781,8.99501563720703,-0.05555742733447598,0.029444104174866172,-0.005995405827461438
1.5586252807617187,5.327098693847656,8.884882360839843,-0.05968759579339387,0.013589586542245924,-0.009059724361497283
1.5801730957031248,5.374982727050781,8.877699755859375,-0.06115313944010666,0.022915773384963714,-0.002398162330984575
1.5729904907226562,5.279214660644531,8.889670764160156,-0.05808882090607082,0.03317457891195329,-0.0021316998497640663
1.5753846923828123,5.315127685546875,8.88009395751953,-0.0558238898156965,0.026779479362661087,-0.00013323124061025415
1.5011644409179687,5.305550878906249,8.978256225585938,-0.053026033762881154,0.015987748873230498,-0.004663093421358896
1.5849614990234373,5.389347937011719,8.985438830566405,-0.053026033762881154,0.0191852986478766,-0.011058192970651094
1.6160861206054686,5.382165332031249,8.894459167480468,-0.061952526883768184,0.021716692219471426,-0.004529862180748642
1.5682020874023437,5.360617517089843,8.913612780761719,-0.06315160804926047,0.02691271060327134,-0.005329249624410167
1.5275006591796874,5.3007624755859375,8.980650427246093,-0.049828483988235056,0.04036906590490701,0.011724349173702367
1.5849614990234373,5.434837768554687,8.954314208984375,-0.045565084288706925,0.07247779489197827,0.01185758041431262
1.4724340209960938,5.2648494506835934,8.846575134277343,-0.044232771882604376,0.0834027566220191,0.029177641693645662
1.5298948608398437,5.2073886108398435,9.0021982421875,-0.03357427263378405,0.08273660041896783,0.031975497746460996
1.6208745239257811,5.379771130371093,9.006986645507812,-0.0073277182335639785,0.10392036767599824,0.031575804024630234
1.7525556152343749,5.566518859863281,8.877699755859375,-0.031176110302799476,0.010392036767599824,-0.0057289433462409285
1.714248388671875,5.473144995117187,8.961496813964843,-0.07514241970418334,-0.02078407353519965,-0.04703062793541972
1.4796166259765624,5.204994409179688,8.875305554199219,-0.08446860654690114,-0.08207044421591657,-0.049562021507014546
1.5227122558593749,5.197811804199218,9.02135185546875,-0.040901990867348026,0.020917304775809907,-0.020384379813368887
1.5179238525390624,5.181052392578125,8.951920007324219,0.0011990811654922875,0.0747427259823526,0.016653905076281773
1.6065093139648436,5.439626171875,8.86094034423828,0.002531393571594829,0.0848683002687319,0.025447166956558548
1.66636435546875,5.4515971801757805,8.805873706054687,-0.02118376725703041,0.08353598786262936,0.008926493120887028
1.5897499023437498,5.442020373535156,8.836998327636719,-0.07660796335089615,0.003863705977697371,-0.018918836166656093
1.5897499023437498,5.3390697021484375,8.9255837890625,-0.07087902000465522,-0.006928024511733216,-0.026779479362661087
1.5275006591796874,5.305550878906249,8.90643017578125,-0.05475803989081446,-0.003464012255866608,-0.01572128639200999
1.5083470458984374,5.231330627441406,8.95670841064453,-0.03503981628049684,0.03437366007744557,0.0073277182335639785
1.5538368774414062,5.315127685546875,8.851363537597656,-0.0073277182335639785,0.07021286380160395,0.02398162330984575
1.5849614990234373,5.432443566894531,8.894459167480468,-0.021983154700691936,0.057955589665460557,0.011990811654922875
1.6448165405273436,5.389347937011719,8.865728747558594,-0.037304747370871166,0.03424042883683532,-0.002264931090374321
1.5969325073242187,5.391742138671875,8.894459167480468,-0.036372128686599385,0.03144257278401998,-0.024514548272286763
1.5155296508789062,5.343858105468749,8.916006982421875,-0.044632465604435144,0.02078407353519965,-0.025180704475338038
1.3934253662109375,5.336675500488281,8.9255837890625,-0.0401026034236865,0.0305099540997482,-0.0033307810152563544
1.4772224243164063,5.334281298828125,8.93755479736328,-0.02371516082862524,0.06022052075583488,0.006928024511733216
1.4317325927734375,5.434837768554687,8.877699755859375,-0.026779479362661087,0.0464977029729787,0.013856049023466432
1.637633935546875,5.53539423828125,8.834604125976561,-0.03317457891195329,0.03810413481453269,-0.0009326186842717792
1.5514426757812498,5.475539196777343,8.853757739257812,-0.044765696845045395,0.044765696845045395,-0.007727411955394742
1.5634136840820312,5.329492895507812,8.911218579101561,-0.054491577409593955,0.026513016881440577,-0.015987748873230498
1.5490484741210937,5.3390697021484375,8.966285217285156,-0.03264165394951227,0.02971056665608668,-0.01732006127933304
1.5682020874023437,5.348646508789062,8.95670841064453,-0.027312404325102103,0.025047473234727783,-0.01212404289553313
1.5729904907226562,5.341463903808593,8.839392529296875,-0.024514548272286763,0.04170137831100955,-0.006128637068071691
1.5322890624999999,5.422866760253906,8.88009395751953,-0.049428790266404295,0.010791730489430587,-0.002531393571594829
1.5586252807617187,5.3390697021484375,8.863334545898438,-0.03810413481453269,0.03970290970185574,0.005196018383799912
1.5251064575195312,5.360617517089843,8.846575134277343,-0.04063552838612752,0.02717917308449185,0.0026646248122050836
1.5682020874023437,5.576095666503906,8.892064965820312,-0.03450689131805583,0.025180704475338038,-0.007727411955394742
1.5251064575195312,5.513846423339843,8.772354882812499,-0.03077641658096871,0.008260336917835759,-0.01958499236970736
1.5586252807617187,5.664681127929687,8.858546142578124,-0.05675650849996827,0.035173047521107094,0.0037304747370871167
1.426944189453125,5.248090039062499,8.997409838867187,-0.06941347635794241,0.05342572748471192,0.018119448722994567
1.5610194824218748,5.403713146972656,8.825027319335938,-0.014255742745297196,0.03890352225819422,-0.004130168458917879
1.4796166259765624,5.252878442382812,8.882488159179687,-0.01985145485092787,0.026646248122050836,-0.006661562030512709
1.5801730957031248,5.846640454101562,8.86094034423828,-0.025180704475338038,-0.00159877488732305,0.0011990811654922875
1.3646949462890625,5.099649536132812,8.95670841064453,-0.1310995407604901,0.06475038293658353,0.026779479362661087
1.5083470458984374,5.0206408813476555,8.79150849609375,-0.03770444109270193,0.044632465604435144,0.0035972434964768626
1.7812860351562498,5.499481213378906,8.805873706054687,-0.07021286380160395,0.044632465604435144,-0.0127901990985844
1.4053963745117186,5.492298608398437,8.975862023925782,-0.029310872934255914,0.044765696845045395,0.017586523760553547
1.4772224243164063,5.367800122070312,8.86812294921875,-0.05022817771006582,0.057689127184240054,0.005329249624410167
1.637633935546875,5.482721801757812,8.836998327636719,-0.04836294034152226,0.04743032165725048,-0.014788667707738212
1.5322890624999999,5.604826086425781,8.815450512695312,0.002531393571594829,0.02584686067838931,-0.002531393571594829
1.5538368774414062,5.446808776855469,8.772354882812499,-0.05968759579339387,0.026379785640830326,-0.01572128639200999
1.5275006591796874,5.379771130371093,8.896853369140624,-0.07460949474174233,0.026513016881440577,-0.012923430339194655
1.4173673828125,5.128379956054687,8.851363537597656,-0.06408422673353224,0.0010658499248820332,0.004929555902579405
1.5011644409179687,5.415684155273437,8.750807067871094,0.023448698347404734,0.05022817771006582,0.004529862180748642
1.608903515625,5.691017346191406,8.813056311035156,-0.031042879062189218,0.12137366019594154,0.04290045947650184
1.4939818359375,5.360617517089843,8.889670764160156,-0.07567534466662437,0.08739969384032674,0.02624655440022007
1.5155296508789062,5.549759448242187,8.856151940917968,-0.03384073511500456,0.05169372135677862,-0.0018652373685435584
1.5155296508789062,5.566518859863281,8.827421520996094,-0.03956967846124549,0.06315160804926047,-0.011990811654922875
1.5035586425781249,5.434837768554687,8.853757739257812,-0.07847320071943971,0.04583154676992743,-0.0058621745868511835
1.4413093994140624,5.329492895507812,8.904035974121093,-0.07074578876404496,0.04276722823589159,-0.0030643185340358454
1.5131354492187499,5.348646508789062,8.884882360839843,-0.04876263406335302,0.046231240491758196,-0.0003996937218307625
1.6472107421875,5.504269616699219,8.935160595703124,-0.050361408950676076,0.04369984692016337,-0.0075941807147844875
1.5227122558593749,5.427655163574219,8.817844714355468,-0.05062787143189658,0.05249310880044014,-0.007993874436615249
1.5155296508789062,5.487510205078125,8.750807067871094,-0.05529096485325548,0.025047473234727783,-0.007860643196004996
1.4245499877929686,5.293579870605469,8.827421520996094,-0.10445329263843926,-0.0003996937218307625,0.022249617181912446
1.3623007446289062,5.386953735351562,8.94473740234375,-0.07940581940371148,0.008926493120887028,0.024114854550456002
1.350329736328125,5.3390697021484375,8.84178673095703,-0.06648238906451683,0.0014655436467127959,0.006261868308681946
1.5298948608398437,5.4515971801757805,8.961496813964843,-0.07274425737319877,0.01052526800821008,0.0039969372183076245
1.3862427612304686,5.370194323730469,8.930372192382812,-0.06155283316193742,0.04596477801053769,0.028111791768763626
1.5634136840820312,5.353434912109375,8.91840118408203,-0.04596477801053769,0.03743797861148142,0.02571362943777905
1.5945383056640625,5.315127685546875,8.904035974121093,-0.05329249624410167,0.04223430327345057,0.010125574286379316
1.465251416015625,5.4899044067382805,8.954314208984375,-0.05462480865020421,0.022382848422522698,0.007061255752343471
1.429338391113281,5.504269616699219,8.939948999023438,-0.06967993883916293,0.006528330789902454,-0.007061255752343471
1.4628572143554686,5.530605834960937,8.91840118408203,-0.06754823898939886,0.014122511504686942,-0.001732006127933304
1.4772224243164063,5.322310290527343,8.913612780761719,-0.06648238906451683,0.006928024511733216,-0.0013323124061025418
1.5466542724609373,5.336675500488281,8.896853369140624,-0.07274425737319877,0.0011990811654922875,-0.016254211354451008
1.4963760375976562,5.372588525390625,8.894459167480468,-0.058355283387291325,0.014788667707738212,-0.01851914244482533
1.5131354492187499,5.252878442382812,8.894459167480468,-0.057955589665460557,-0.0033307810152563544,-0.013856049023466432
1.5825672973632812,5.374982727050781,8.91840118408203,-0.05542419609386573,0.013856049023466432,-0.008127105677225504
1.5610194824218748,5.4013189453125,8.813056311035156,-0.08406891282507037,0.019052067407266345,-0.016120980113840753
1.4915876342773438,5.559336254882812,8.84178673095703,-0.09672588068304452,0.02904441045303541,0.002398162330984575
1.5275006591796874,5.403713146972656,8.920795385742187,-0.07754058203516792,0.041967840792230066,0.012257274136143382
1.5011644409179687,5.204994409179688,8.892064965820312,-0.05475803989081446,0.03037672285913795,-0.0009326186842717792
1.599326708984375,5.494692810058593,8.966285217285156,-0.037171516130260915,0.008926493120887028,-0.007993874436615249
1.5969325073242187,5.391742138671875,8.935160595703124,-0.06754823898939886,0.037837672333312186,0.00866003063966652
1.5203180541992187,5.219359619140625,8.94473740234375,-0.05235987755982989,0.01971822361031762,0.0074609494741742334
1.467645617675781,5.439626171875,8.896853369140624,-0.0415681470703993,0.02371516082862524,0.024114854550456002
1.5897499023437498,5.487510205078125,8.90643017578125,-0.061952526883768184,0.05968759579339387,0.032774885190122525
1.4628572143554686,5.418078356933593,8.8872765625,-0.080205206847373,0.05062787143189658,0.013323124061025418
1.4867992309570313,5.2648494506835934,8.904035974121093,-0.07354364481686029,-0.0058621745868511835,0.0014655436467127959
1.5035586425781249,5.363011718749999,8.978256225585938,-0.07301071985441929,0.006661562030512709,-0.0075941807147844875
1.6208745239257811,5.272032055664062,8.504204296874999,-0.17200153162783813,0.11084839218773146,-0.021983154700691936
1.0965443603515623,5.03740029296875,8.506598498535157,-0.01692036755750228,0.0287779479718149,-0.028911179212425153
1.7621324218749999,5.980715747070312,8.724470849609375,-0.01958499236970736,0.04729709041664023,-0.017719755001163805
1.4987702392578124,5.015852478027344,9.112331518554686,-0.06368453301170149,-0.0002664624812205083,-0.007860643196004996
1.4891934326171874,5.291185668945312,8.89924757080078,-0.0035972434964768626,0.0006661562030512709,-0.015188361429568975
1.7405846069335937,5.45877978515625,9.02135185546875,-0.02105053601642016,0.03290811643073278,0.01505513018895872
1.5011644409179687,5.315127685546875,8.973467822265624,-0.033041347671343035,0.044099540641994124,0.008393568158446012
1.5298948608398437,5.521029028320312,8.84178673095703,-0.0514272588755581,0.031975497746460996,-0.0006661562030512709
1.5634136840820312,5.444414575195312,8.851363537597656,-0.04396630940138387,0.02997702913730719,-0.004929555902579405
1.608903515625,5.425260961914062,8.904035974121093,-0.0464977029729787,0.0610199081994964,-0.006661562030512709
1.4891934326171874,5.389347937011719,8.8489693359375,-0.044099540641994124,0.06861408891428089,0.0005329249624410166
1.484405029296875,5.377376928710937,8.913612780761719,-0.041834609551619814,0.035972434964768624,-0.0039969372183076245
1.438915197753906,5.396530541992187,8.930372192382812,-0.04223430327345057,0.03823736605514295,-0.005329249624410167
1.5083470458984374,5.293579870605469,8.896853369140624,-0.036505359927209644,0.0058621745868511835,-0.008793261880276773
1.5346832641601562,5.327098693847656,8.901641772460938,-0.007860643196004996,0.03890352225819422,-0.01185758041431262
1.4796166259765624,5.365405920410156,8.80347950439453,0.002797856052815337,0.03530627876171736,-0.012923430339194655
1.6136919189453125,5.415684155273437,8.927977990722656,-0.01438897398590745,0.017186830038722786,-0.0073277182335639785
1.5394716674804687,5.453991381835937,8.851363537597656,-0.012523736617363892,0.0511607963943376,-0.0074609494741742334
1.5586252807617187,5.521029028320312,8.980650427246093,-0.01958499236970736,0.07127871372648598,0.002398162330984575
1.4915876342773438,5.45877978515625,8.973467822265624,-0.04290045947650184,0.0383705972957532,0.0074609494741742334
1.4939818359375,5.432443566894531,8.760383874511719,-0.0430336907171121,0.029577335415476424,-0.0035972434964768626
1.5203180541992187,5.396530541992187,8.84178673095703,-0.05076110267250683,0.01958499236970736,-0.006128637068071691
1.5514426757812498,5.461173986816406,8.836998327636719,-0.04343338443894285,0.03903675349880447,-0.0005329249624410166
1.4867992309570313,5.453991381835937,8.911218579101561,-0.045565084288706925,0.028911179212425153,-0.010392036767599824
1.5227122558593749,5.449202978515625,8.863334545898438,-0.0401026034236865,0.030909647821578966,-0.014921898948348467
1.5586252807617187,5.446808776855469,8.930372192382812,-0.05129402763494785,0.0026646248122050836,-0.020517611053979142
1.4915876342773438,5.465962390136719,8.882488159179687,-0.044632465604435144,0.03450689131805583,-0.014522205226517705
1.5227122558593749,5.430049365234375,8.877699755859375,-0.041967840792230066,0.03144257278401998,-0.005595712105630674
1.5346832641601562,5.432443566894531,8.858546142578124,-0.0479632466196915,0.036771822408430146,0.007061255752343471
1.5227122558593749,5.418078356933593,8.832209924316405,-0.03464012255866608,0.05542419609386573,0.011457886692481857
1.4915876342773438,5.456385583496093,8.844180932617187,-0.03477335379927634,0.0479632466196915,0.0030643185340358454
1.5011644409179687,5.4707507934570305,8.798691101074219,-0.03317457891195329,0.029444104174866172,0.0073277182335639785
1.5322890624999999,5.506663818359375,8.815450512695312,-0.037171516130260915,0.04383307816077362,0.001732006127933304
1.5298948608398437,5.485116003417969,8.91840118408203,-0.049695252747624805,0.03823736605514295,0.004396630940138387
1.5322890624999999,5.449202978515625,8.904035974121093,-0.049428790266404295,0.02624655440022007,-0.004396630940138387
1.5298948608398437,5.485116003417969,8.89924757080078,-0.050361408950676076,0.022516079663132953,-0.010791730489430587
1.467645617675781,5.418078356933593,8.86094034423828,-0.0430336907171121,0.05169372135677862,-0.010658499248820334
1.4437036010742186,5.456385583496093,8.875305554199219,-0.0415681470703993,0.03357427263378405,-0.009192955602107537
1.5370774658203123,5.513846423339843,8.920795385742187,-0.03956967846124549,0.04290045947650184,-0.007860643196004996
1.4987702392578124,5.494692810058593,8.836998327636719,-0.05489127113142472,0.02571362943777905,-0.006261868308681946
1.4772224243164063,5.506663818359375,8.913612780761719,-0.04716385917602997,0.03970290970185574,-0.001732006127933304
1.455674609375,5.434837768554687,8.8872765625,-0.054225114928373445,0.023581929588014985,-0.002398162330984575
1.5155296508789062,5.427655163574219,8.91840118408203,-0.05062787143189658,0.035972434964768624,0.005196018383799912
1.5035586425781249,5.485116003417969,8.88009395751953,-0.032375191468291764,0.05062787143189658,0.0063950995492922
1.4987702392578124,5.468356591796875,8.853757739257812,-0.05102756515372735,0.03410719759622506,0.011990811654922875
1.5059528442382812,5.442020373535156,8.90643017578125,-0.033307810152563545,0.04276722823589159,0.0026646248122050836
1.4891934326171874,5.506663818359375,8.827421520996094,-0.044632465604435144,0.04743032165725048,-0.006128637068071691
1.5059528442382812,5.506663818359375,8.896853369140624,-0.0479632466196915,0.037837672333312186,-0.01505513018895872
1.5322890624999999,5.494692810058593,8.94473740234375,-0.061952526883768184,0.01971822361031762,-0.001732006127933304
1.4341267944335936,5.5258174316406246,8.839392529296875,-0.0604869832370554,0.04396630940138387,0.007860643196004996
1.4700398193359374,5.430049365234375,8.865728747558594,-0.050894333913117096,0.03890352225819422,-0.0010658499248820332
1.47482822265625,5.475539196777343,8.863334545898438,-0.04290045947650184,0.0287779479718149,-0.000799387443661525
1.4963760375976562,5.485116003417969,8.731653454589843,-0.04769678413847099,0.026379785640830326,-0.012656967857974145
1.4987702392578124,5.461173986816406,8.911218579101561,-0.049695252747624805,0.018785604926045835,-0.014522205226517705
1.5131354492187499,5.446808776855469,8.904035974121093,-0.046764165454199216,0.029444104174866172,-0.0026646248122050836
1.4173673828125,5.468356591796875,8.834604125976561,-0.0543583461689837,0.029577335415476424,-0.0009326186842717792
1.407790576171875,5.499481213378906,8.858546142578124,-0.04769678413847099,0.03877029101758396,0.008526799399056265
1.4796166259765624,5.422866760253906,8.858546142578124,-0.06475038293658353,0.0255803981971688,0.009192955602107537
1.4532804077148436,5.485116003417969,8.82981572265625,-0.06261868308681946,0.0287779479718149,0.005329249624410167
1.5442600708007812,5.475539196777343,8.892064965820312,-0.06528330789902453,0.02851148549059439,-0.00013323124061025415
1.5251064575195312,5.473144995117187,8.913612780761719,-0.06448392045536301,0.015987748873230498,-0.006928024511733216
1.47482822265625,5.442020373535156,8.882488159179687,-0.06768147023000912,0.016120980113840753,-0.002531393571594829
1.467645617675781,5.410895751953125,8.832209924316405,-0.06155283316193742,0.014655436467127957,-0.002797856052815337
1.4891934326171874,5.4707507934570305,8.901641772460938,-0.05702297098118878,0.022915773384963714,-0.009459418083328047
1.3814543579101561,5.415684155273437,8.858546142578124,-0.061952526883768184,0.01212404289553313,-0.00866003063966652
1.5442600708007812,5.5090580200195305,8.767566479492187,-0.0558238898156965,0.008526799399056265,-0.007993874436615249
1.5227122558593749,5.461173986816406,8.872911352539061,-0.06794793271122962,0.016120980113840753,0.002398162330984575
1.5346832641601562,5.3390697021484375,8.901641772460938,-0.06341807053048099,0.006528330789902454,-0.004929555902579405
1.484405029296875,5.398924743652343,8.9255837890625,-0.06528330789902453,0.026513016881440577,0.008926493120887028
1.448492004394531,5.430049365234375,8.913612780761719,-0.05462480865020421,0.046098009251147945,0.012390505376753637
1.4867992309570313,5.408501550292969,8.82263311767578,-0.06275191432742971,0.036638591167819895,0.0075941807147844875
1.4604630126953124,5.398924743652343,8.827421520996094,-0.062085758124378436,0.018918836166656093,0.0010658499248820332
1.4796166259765624,5.403713146972656,8.839392529296875,-0.054225114928373445,0.014522205226517705,-0.007194486992953725
1.5011644409179687,5.437231970214843,8.858546142578124,-0.07341041357625004,0.004663093421358896,-0.0013323124061025418
1.5466542724609373,5.396530541992187,8.836998327636719,-0.07194486992953725,0.004663093421358896,-0.003863705977697371
1.5466542724609373,5.377376928710937,8.93755479736328,-0.06648238906451683,0.009459418083328047,-0.006661562030512709
1.5394716674804687,5.360617517089843,8.870517150878905,-0.057689127184240054,0.02464777951289702,-0.006128637068071691
1.5251064575195312,5.384559533691406,8.892064965820312,-0.05462480865020421,0.026779479362661087,-0.0029310872934255917
1.4915876342773438,5.389347937011719,8.882488159179687,-0.06008728951522463,0.023049004625573973,0.002264931090374321
1.5251064575195312,5.422866760253906,8.853757739257812,-0.06768147023000912,0.02717917308449185,0.009459418083328047
1.5586252807617187,5.446808776855469,8.889670764160156,-0.06634915782390657,0.027712098046932865,0.004396630940138387
1.5514426757812498,5.4013189453125,8.932766394042968,-0.058488514627901576,0.041434915829789046,-0.0019984686091538122
1.5586252807617187,5.3390697021484375,8.801085302734375,-0.062218989364988694,0.0255803981971688,0.00159877488732305
1.5227122558593749,5.410895751953125,8.942343200683593,-0.05182695259738887,0.02531393571594829,-0.0010658499248820332
1.5729904907226562,5.360617517089843,8.865728747558594,-0.05275957128166065,0.02118376725703041,0.0009326186842717792
1.4915876342773438,5.329492895507812,8.863334545898438,-0.03930321598002497,0.037304747370871166,0.0003996937218307625
1.5490484741210937,5.403713146972656,8.932766394042968,-0.031575804024630234,0.03464012255866608,-0.014255742745297196
1.484405029296875,5.367800122070312,8.930372192382812,-0.041301684589178794,0.03424042883683532,-0.01052526800821008
1.5562310791015623,5.394136340332031,8.896853369140624,-0.025047473234727783,0.044765696845045395,0.0009326186842717792
1.5394716674804687,5.410895751953125,8.75320126953125,-0.024514548272286763,0.04436600312321464,-0.006661562030512709
1.467645617675781,5.42047255859375,8.858546142578124,-0.03397396635561481,0.04756355289786074,-0.0035972434964768626
1.4700398193359374,5.377376928710937,8.851363537597656,-0.04876263406335302,0.013323124061025418,-0.0029310872934255917
1.5203180541992187,5.398924743652343,8.865728747558594,-0.045032159326265905,0.018385911204215073,-0.00479632466196915
1.5418658691406248,5.4013189453125,8.882488159179687,-0.048895865303963275,0.01212404289553313,-0.011990811654922875
1.5514426757812498,5.377376928710937,8.920795385742187,-0.03930321598002497,-0.005062787143189658,-0.013589586542245924
1.6208745239257811,5.4779333984375,8.932766394042968,-0.036238897445989134,0.024914241994117528,-0.011457886692481857
1.5011644409179687,5.408501550292969,8.889670764160156,-0.05209341507860938,0.016520673835671518,-0.004396630940138387
1.62805712890625,5.360617517089843,8.786720092773438,-0.0430336907171121,0.04343338443894285,0.009459418083328047
1.5466542724609373,5.4013189453125,8.817844714355468,-0.04276722823589159,0.023315467106794475,-0.005062787143189658
1.5107412475585937,5.355829113769531,8.939948999023438,-0.01705359879811253,0.06928024511733216,0.011591117933092112
1.5322890624999999,5.465962390136719,8.817844714355468,-0.04170137831100955,0.01971822361031762,-0.004130168458917879
1.5227122558593749,5.463568188476562,8.942343200683593,-0.03077641658096871,0.05275957128166065,0.004263399699528133
1.5011644409179687,5.501875415039062,8.896853369140624,-0.05049464019128633,0.009059724361497283,0.0
1.5035586425781249,5.453991381835937,8.86812294921875,-0.04916232778518379,0.016254211354451008,-0.007993874436615249
1.5610194824218748,5.439626171875,8.825027319335938,-0.04862940282274277,0.0255803981971688,-0.009059724361497283
1.6112977172851561,5.463568188476562,8.942343200683593,-0.06088667695888615,0.02464777951289702,-0.008127105677225504
1.5705962890624998,5.461173986816406,8.80347950439453,-0.05022817771006582,0.04210107203284032,-0.0063950995492922
1.5155296508789062,5.360617517089843,8.865728747558594,-0.05156049011616837,0.03464012255866608,-0.009725880564548555
1.484405029296875,5.499481213378906,8.851363537597656,-0.050894333913117096,0.03943644722063524,-0.0005329249624410166
1.5682020874023437,5.463568188476562,8.815450512695312,-0.03384073511500456,0.048229709100912004,0.0033307810152563544
1.5346832641601562,5.365405920410156,8.774749084472656,-0.04236753451406082,0.02371516082862524,-0.0021316998497640663
1.5227122558593749,5.389347937011719,8.858546142578124,-0.032108728987071254,0.03144257278401998,0.0009326186842717792
1.5442600708007812,5.430049365234375,8.827421520996094,-0.03410719759622506,0.04703062793541972,0.0033307810152563544
1.5969325073242187,5.5449710449218745,8.86812294921875,-0.04729709041664023,0.009992343045769061,-0.00866003063966652
1.5083470458984374,5.348646508789062,8.882488159179687,-0.050094946469455566,0.020251148572758632,-0.010258805526989571
1.5275006591796874,5.437231970214843,8.875305554199219,-0.03757120985209167,0.03437366007744557,-0.0002664624812205083
1.4963760375976562,5.45877978515625,8.817844714355468,-0.03823736605514295,0.04063552838612752,0.0037304747370871167
1.448492004394531,5.422866760253906,8.8489693359375,-0.04036906590490701,0.035705972483548114,0.003863705977697371
1.5634136840820312,5.456385583496093,8.851363537597656,-0.04743032165725048,0.041967840792230066,0.007194486992953725
1.5107412475585937,5.453991381835937,8.89924757080078,-0.04596477801053769,0.026646248122050836,-0.002398162330984575
1.599326708984375,5.506663818359375,8.89924757080078,-0.06008728951522463,0.013856049023466432,-0.006128637068071691
1.5346832641601562,5.367800122070312,8.9255837890625,-0.061952526883768184,0.016653905076281773,-0.008127105677225504
1.5801730957031248,5.437231970214843,8.853757739257812,-0.05728943346240929,0.007860643196004996,-0.015454823910789483
1.4628572143554686,5.492298608398437,8.896853369140624,-0.048895865303963275,0.027578866806322613,-0.0127901990985844
1.5131354492187499,5.446808776855469,8.863334545898438,-0.05862174586851183,0.0,-0.020517611053979142
1.5610194824218748,5.456385583496093,8.798691101074219,-0.04876263406335302,0.03384073511500456,0.004663093421358896
1.5849614990234373,5.394136340332031,8.865728747558594,-0.048895865303963275,0.03823736605514295,0.0039969372183076245
1.6136919189453125,5.425260961914062,9.004592443847656,-0.0607534457182759,0.015987748873230498,-0.005062787143189658
1.5538368774414062,5.434837768554687,8.789114294433594,-0.044632465604435144,0.04916232778518379,-0.0009326186842717792
1.5682020874023437,5.473144995117187,8.839392529296875,-0.06435068921475276,0.022782542144353463,0.0039969372183076245
1.6041151123046875,5.413289953613281,8.796296899414061,-0.041168453348568536,0.04636447173236845,0.002264931090374321
1.5466542724609373,5.437231970214843,8.863334545898438,-0.044765696845045395,0.039969372183076245,0.0033307810152563544
1.5179238525390624,5.418078356933593,8.82263311767578,-0.04729709041664023,0.018785604926045835,-0.0030643185340358454
1.5059528442382812,5.49708701171875,8.858546142578124,-0.04250076575467108,0.049828483988235056,-0.0039969372183076245
1.484405029296875,5.439626171875,8.805873706054687,-0.06594946410207582,0.010791730489430587,0.0005329249624410166
1.4915876342773438,5.410895751953125,8.80347950439453,-0.06754823898939886,0.0074609494741742334,-0.012923430339194655
1.5538368774414062,5.439626171875,8.911218579101561,-0.05515773361264523,0.03064318534035846,-0.0003996937218307625
1.6017209106445311,5.425260961914062,8.872911352539061,-0.037304747370871166,0.0575558959436298,-0.0018652373685435584
1.5490484741210937,5.374982727050781,8.904035974121093,-0.05262634004105039,0.035972434964768624,-0.0035972434964768626
1.47482822265625,5.465962390136719,8.827421520996094,-0.05222664631921963,0.02997702913730719,0.0010658499248820332
1.6041151123046875,5.468356591796875,8.793902697753905,-0.05395865244715294,0.036771822408430146,-0.0074609494741742334
1.5179238525390624,5.418078356933593,8.920795385742187,-0.04663093421358895,0.024114854550456002,0.002797856052815337
1.5370774658203123,5.4707507934570305,8.9255837890625,-0.0464977029729787,0.027845329287543123,0.0033307810152563544
1.5777788940429687,5.418078356933593,8.877699755859375,-0.04343338443894285,0.026646248122050836,-0.0010658499248820332
1.4724340209960938,5.384559533691406,8.853757739257812,-0.045298621807486415,0.006528330789902454,-0.0127901990985844
1.5562310791015623,5.465962390136719,8.877699755859375,-0.03810413481453269,0.016787136316892024,-0.013989280264076687
1.5945383056640625,5.430049365234375,8.80347950439453,-0.04356661567955311,0.031975497746460996,-0.013989280264076687
1.4891934326171874,5.442020373535156,8.75320126953125,-0.05862174586851183,0.019318529888486854,-0.017186830038722786
1.4772224243164063,5.4779333984375,8.832209924316405,-0.03583920372415837,0.027712098046932865,-0.01532159267017923
1.5442600708007812,5.518634826660156,8.865728747558594,-0.05102756515372735,0.023581929588014985,-0.010125574286379316
1.5897499023437498,5.463568188476562,8.882488159179687,-0.05222664631921963,0.04396630940138387,0.01185758041431262
1.5251064575195312,5.446808776855469,8.86094034423828,-0.062218989364988694,0.02424808579106626,0.008926493120887028
1.5275006591796874,5.4515971801757805,8.734047656249999,-0.05662327725935802,0.03077641658096871,0.005196018383799912
1.5394716674804687,5.4013189453125,8.884882360839843,-0.06554977038024505,0.03503981628049684,0.0029310872934255917
1.5490484741210937,5.386953735351562,8.836998327636719,-0.06581623286146555,0.022249617181912446,0.0026646248122050836
1.5227122558593749,5.389347937011719,8.884882360839843,-0.05942113331217336,0.012656967857974145,-0.0019984686091538122
1.5538368774414062,5.475539196777343,8.80347950439453,-0.05022817771006582,0.04596477801053769,0.0
1.5346832641601562,5.432443566894531,8.844180932617187,-0.06794793271122962,0.017453292519943295,-0.006261868308681946
1.4915876342773438,5.4707507934570305,8.987833032226561,-0.06341807053048099,0.03011026037791744,0.0031975497746461
1.5753846923828123,5.461173986816406,8.89924757080078,-0.062085758124378436,0.02078407353519965,-0.005062787143189658
1.5849614990234373,5.461173986816406,8.872911352539061,-0.0752756509447936,0.008393568158446012,-0.006261868308681946
1.5322890624999999,5.415684155273437,8.801085302734375,-0.06275191432742971,0.022382848422522698,0.003464012255866608
1.6112977172851561,5.372588525390625,8.913612780761719,-0.06315160804926047,0.01372281778285618,0.0005329249624410166
1.6160861206054686,5.449202978515625,8.870517150878905,-0.05169372135677862,0.016254211354451008,-0.0010658499248820332
1.5849614990234373,5.372588525390625,8.89924757080078,-0.04343338443894285,0.03011026037791744,-0.0014655436467127959
1.6328455322265625,5.384559533691406,8.815450512695312,-0.04596477801053769,0.01945176112909711,-0.01572128639200999
1.6160861206054686,5.415684155273437,8.86094034423828,-0.0464977029729787,0.04769678413847099,-0.005062787143189658
1.5346832641601562,5.391742138671875,8.836998327636719,-0.04929555902579404,0.03543951000232761,0.0014655436467127959
1.5107412475585937,5.379771130371093,8.863334545898438,-0.05955436455278361,0.01572128639200999,-0.004929555902579405
1.5107412475585937,5.42047255859375,8.817844714355468,-0.05462480865020421,0.028911179212425153,0.01185758041431262
1.5538368774414062,5.449202978515625,8.851363537597656,-0.057422664703019544,0.044898928085655654,0.01185758041431262
1.6065093139648436,5.422866760253906,8.892064965820312,-0.07101225124526546,0.0305099540997482,0.0021316998497640663
1.6304513305664061,5.432443566894531,8.872911352539061,-0.07101225124526546,0.01692036755750228,-0.009459418083328047
1.5346832641601562,5.427655163574219,8.927977990722656,-0.07007963256099368,0.026113323159609816,-0.01372281778285618
1.5490484741210937,5.3199160888671875,8.916006982421875,-0.0816707504940858,0.0006661562030512709,-0.009725880564548555
1.5203180541992187,5.363011718749999,8.91840118408203,-0.03810413481453269,0.05182695259738887,-0.00013323124061025415
1.5466542724609373,5.418078356933593,8.827421520996094,-0.04663093421358895,0.013056661579804908,0.0033307810152563544
1.5897499023437498,5.358223315429687,8.870517150878905,-0.027712098046932865,0.05235987755982989,0.009992343045769061
1.5466542724609373,5.408501550292969,8.8872765625,-0.057156202221799034,-0.018252679963604822,-0.009992343045769061
1.5969325073242187,5.437231970214843,8.84178673095703,-0.04916232778518379,0.016387442595061263,-0.008526799399056265
1.618480322265625,5.406107348632812,8.911218579101561,-0.05968759579339387,0.006128637068071691,-0.013189892820415163
1.5705962890624998,5.334281298828125,8.920795385742187,-0.04783001537908124,0.029177641693645662,-0.002264931090374321
1.62805712890625,5.4013189453125,8.911218579101561,-0.06328483928987072,0.006528330789902454,-0.0031975497746461
1.5825672973632812,5.346252307128906,8.8489693359375,-0.03850382853636345,0.05076110267250683,0.004529862180748642
1.5083470458984374,5.439626171875,8.908824377441405,-0.018785604926045835,0.07274425737319877,0.0075941807147844875
1.5298948608398437,5.430049365234375,8.93755479736328,-0.03357427263378405,0.03930321598002497,-0.0013323124061025418
1.5921441040039062,5.439626171875,8.904035974121093,-0.046764165454199216,0.010924961730040842,-0.013989280264076687
1.6448165405273436,5.382165332031249,8.901641772460938,-0.04729709041664023,0.04263399699528134,-0.011457886692481857
1.5370774658203123,5.384559533691406,8.901641772460938,-0.048229709100912004,0.0302434916185277,-0.010258805526989571
1.6041151123046875,5.386953735351562,8.84178673095703,-0.03557274124293786,0.023448698347404734,-0.011990811654922875
1.618480322265625,5.437231970214843,8.88009395751953,-0.02997702913730719,0.0654165391396348,0.0009326186842717792
1.5155296508789062,5.446808776855469,8.793902697753905,-0.04236753451406082,0.04236753451406082,0.004396630940138387
1.5634136840820312,5.413289953613281,8.851363537597656,-0.03450689131805583,0.037171516130260915,-0.0010658499248820332
1.5801730957031248,5.453991381835937,8.90643017578125,-0.05275957128166065,0.006128637068071691,-0.0021316998497640663
1.5753846923828123,5.492298608398437,8.789114294433594,-0.0415681470703993,0.031042879062189218,-0.0033307810152563544
1.5705962890624998,5.403713146972656,8.901641772460938,-0.06328483928987072,-0.0033307810152563544,-0.014788667707738212
1.5562310791015623,5.377376928710937,8.872911352539061,-0.06941347635794241,-0.0415681470703993,-0.021583460978861175
1.637633935546875,5.468356591796875,8.86812294921875,-0.032375191468291764,0.05182695259738887,-0.0021316998497640663
1.5658078857421873,5.408501550292969,8.86812294921875,-0.0607534457182759,0.004396630940138387,-0.0018652373685435584
1.62805712890625,5.377376928710937,8.872911352539061,-0.06035375199644513,0.007860643196004996,-0.0073277182335639785
1.5658078857421873,5.422866760253906,8.846575134277343,-0.049695252747624805,0.012257274136143382,-0.01971822361031762
1.6711527587890624,5.422866760253906,8.808267907714843,-0.020517611053979142,0.10991577350345969,0.015987748873230498
1.5586252807617187,5.442020373535156,8.90643017578125,-0.01732006127933304,0.12084073523350053,0.02145022973825092
1.5251064575195312,5.434837768554687,8.798691101074219,-0.06981317007977318,-0.022649310903743208,-0.017719755001163805
1.5729904907226562,5.391742138671875,8.8489693359375,-0.0511607963943376,0.017852986241774057,-0.02118376725703041
1.6041151123046875,5.367800122070312,8.853757739257812,-0.04250076575467108,0.032774885190122525,-0.0030643185340358454
1.6065093139648436,5.394136340332031,8.820238916015624,-0.06634915782390657,0.01212404289553313,-0.0074609494741742334
1.5682020874023437,5.374982727050781,8.913612780761719,-0.04876263406335302,0.03956967846124549,-0.002797856052815337
1.608903515625,5.374982727050781,8.846575134277343,-0.05475803989081446,0.032508422708902016,0.0057289433462409285
1.5083470458984374,5.355829113769531,8.863334545898438,-0.040502297145517265,0.04543185304809667,0.00866003063966652
1.637633935546875,5.501875415039062,8.89924757080078,-0.0558238898156965,0.016120980113840753,0.0030643185340358454
1.5801730957031248,5.442020373535156,8.889670764160156,-0.04849617158213252,0.03144257278401998,0.004130168458917879
1.637633935546875,5.348646508789062,8.82263311767578,-0.041035222107958284,0.03503981628049684,-0.009059724361497283
1.5275006591796874,5.465962390136719,8.875305554199219,-0.04783001537908124,0.009059724361497283,-0.015454823910789483
1.5586252807617187,5.365405920410156,8.882488159179687,-0.028644716731204646,0.049562021507014546,-0.0014655436467127959
1.5634136840820312,5.499481213378906,8.743624462890624,-0.019318529888486854,0.0543583461689837,-0.007061255752343471
1.5825672973632812,5.5090580200195305,8.805873706054687,-0.046764165454199216,0.01438897398590745,-0.004396630940138387
1.5586252807617187,5.449202978515625,8.939948999023438,-0.03450689131805583,0.04929555902579404,-0.0033307810152563544
1.5370774658203123,5.504269616699219,8.796296899414061,-0.04063552838612752,0.03290811643073278,-0.0003996937218307625
1.5179238525390624,5.425260961914062,8.8872765625,-0.04383307816077362,0.0511607963943376,0.0019984686091538122
1.5753846923828123,5.42047255859375,8.908824377441405,-0.04343338443894285,0.05635681477813751,0.01185758041431262
1.5873557006835937,5.485116003417969,8.927977990722656,-0.0334410413931738,0.06141960192132717,0.004263399699528133
1.5825672973632812,5.413289953613281,8.875305554199219,-0.02624655440022007,0.056090352296917,-0.008926493120887028
1.4867992309570313,5.382165332031249,8.834604125976561,-0.03490658503988659,0.046231240491758196,-0.008793261880276773
1.5418658691406248,5.511452221679687,8.82981572265625,-0.04703062793541972,0.026379785640830326,-0.006261868308681946
1.5586252807617187,5.473144995117187,8.808267907714843,-0.037304747370871166,0.03850382853636345,-0.0026646248122050836
1.5083470458984374,5.444414575195312,8.904035974121093,-0.05076110267250683,0.016787136316892024,-0.0013323124061025418
1.4772224243164063,5.485116003417969,8.793902697753905,-0.0528928025222709,0.015588055151399738,0.0026646248122050836
1.465251416015625,5.485116003417969,8.815450512695312,-0.05915467083095285,0.022116385941302188,0.0013323124061025418
1.5298948608398437,5.425260961914062,8.820238916015624,-0.08620061267483445,-0.02078407353519965,0.007727411955394742
1.5490484741210937,5.4707507934570305,8.834604125976561,-0.09379479338961894,-0.03743797861148142,-0.016254211354451008
1.659181750488281,5.425260961914062,8.8489693359375,-0.05995405827461438,0.036771822408430146,0.005062787143189658
1.5634136840820312,5.4515971801757805,8.8489693359375,-0.05862174586851183,0.037837672333312186,0.010392036767599824
1.5634136840820312,5.446808776855469,8.781931689453124,-0.054091883687763194,0.044632465604435144,0.001732006127933304
1.5466542724609373,5.432443566894531,8.877699755859375,-0.05235987755982989,0.03930321598002497,-0.011990811654922875
1.467645617675781,5.463568188476562,8.892064965820312,-0.04916232778518379,0.03370750387439431,-0.006794793271122962
1.5897499023437498,5.444414575195312,8.858546142578124,-0.06834762643306039,0.031842266505850744,-0.0010658499248820332
1.4700398193359374,5.394136340332031,8.870517150878905,-0.07274425737319877,-0.0003996937218307625,-0.005995405827461438
1.5682020874023437,5.4707507934570305,8.786720092773438,-0.0747427259823526,0.001732006127933304,-0.004529862180748642
1.6017209106445311,5.391742138671875,8.942343200683593,-0.061952526883768184,0.011191424211261349,-0.00159877488732305
1.5897499023437498,5.365405920410156,8.894459167480468,-0.046231240491758196,0.03357427263378405,-0.0002664624812205083
1.5634136840820312,5.468356591796875,8.949525805664061,-0.050894333913117096,0.028245023009373885,0.009059724361497283
1.5346832641601562,5.372588525390625,8.813056311035156,-0.062218989364988694,0.01945176112909711,-0.0033307810152563544
1.6160861206054686,5.463568188476562,8.870517150878905,-0.06022052075583488,0.023448698347404734,-0.0057289433462409285
1.5825672973632812,5.453991381835937,8.877699755859375,-0.08060490056920376,0.004263399699528133,-0.0019984686091538122
1.5705962890624998,5.492298608398437,8.884882360839843,-0.07913935692249098,0.0075941807147844875,0.005329249624410167
1.608903515625,5.453991381835937,8.8872765625,-0.07687442583211665,0.02118376725703041,0.007061255752343471
1.62805712890625,5.394136340332031,8.856151940917968,-0.09899081177341885,-0.02011791733214838,0.0033307810152563544
1.6424223388671875,5.336675500488281,8.877699755859375,-0.07314395109502954,0.0019984686091538122,0.002398162330984575
1.7334020019531249,5.353434912109375,8.9255837890625,-0.040901990867348026,0.05209341507860938,-0.002797856052815337
1.618480322265625,5.336675500488281,8.825027319335938,-0.057689127184240054,0.008526799399056265,-0.0191852986478766
1.5107412475585937,5.348646508789062,8.877699755859375,-0.01945176112909711,0.06768147023000912,-0.010658499248820334
1.6017209106445311,5.42047255859375,8.884882360839843,-0.04663093421358895,0.011191424211261349,-0.01532159267017923
1.5514426757812498,5.4899044067382805,8.865728747558594,-0.04729709041664023,0.03064318534035846,0.0002664624812205083
1.6352397338867186,5.4779333984375,8.801085302734375,-0.08420214406568063,0.012523736617363892,0.011324655451871604
1.6400281372070311,5.374982727050781,8.932766394042968,-0.09219601850229589,0.026646248122050836,0.018119448722994567
1.6400281372070311,5.3390697021484375,8.844180932617187,-0.10631853000698281,0.0002664624812205083,0.009192955602107537
1.6711527587890624,5.305550878906249,8.851363537597656,-0.07847320071943971,0.04210107203284032,0.0
1.659181750488281,5.298368273925781,9.006986645507812,-0.06062021447766565,0.031042879062189218,0.006794793271122962
1.6304513305664061,5.284003063964843,8.884882360839843,-0.03850382853636345,0.03530627876171736,-0.010258805526989571
1.6448165405273436,5.341463903808593,8.99501563720703,-0.029843797896696934,0.027312404325102103,-0.011324655451871604
1.6328455322265625,5.3007624755859375,8.892064965820312,-0.022915773384963714,0.03916998473941472,-0.011058192970651094
1.62805712890625,5.370194323730469,8.894459167480468,-0.03863705977697371,0.021849923460081685,-0.010791730489430587
1.6448165405273436,5.425260961914062,8.920795385742187,-0.031042879062189218,0.028111791768763626,-0.005329249624410167
1.6208745239257811,5.444414575195312,8.86812294921875,-0.03877029101758396,0.037837672333312186,-0.0035972434964768626
1.637633935546875,5.427655163574219,8.916006982421875,-0.05649004601874777,0.04369984692016337,0.0037304747370871167
1.5610194824218748,5.396530541992187,8.877699755859375,-0.04596477801053769,0.05129402763494785,0.010258805526989571
1.6136919189453125,5.334281298828125,8.863334545898438,-0.05675650849996827,0.01945176112909711,0.0018652373685435584
1.618480322265625,5.358223315429687,8.889670764160156,-0.046231240491758196,0.03450689131805583,0.0018652373685435584
1.5897499023437498,5.336675500488281,8.95670841064453,-0.04369984692016337,0.036372128686599385,-0.0026646248122050836
1.5825672973632812,5.382165332031249,8.858546142578124,-0.03890352225819422,0.0334410413931738,-0.0002664624812205083
1.678335363769531,5.415684155273437,8.9255837890625,-0.040502297145517265,0.022249617181912446,-0.013323124061025418
1.5705962890624998,5.312733483886719,8.896853369140624,-0.02438131703167651,0.056090352296917,-0.010125574286379316
1.6232687255859375,5.396530541992187,8.875305554199219,-0.036505359927209644,0.04063552838612752,-0.003863705977697371
1.5610194824218748,5.453991381835937,8.856151940917968,-0.022249617181912446,0.033041347671343035,-0.010392036767599824
1.5538368774414062,5.473144995117187,8.920795385742187,-0.03956967846124549,0.02145022973825092,-0.006794793271122962
1.6208745239257811,5.398924743652343,8.82981572265625,-0.031975497746460996,0.03970290970185574,0.0019984686091538122
1.6472107421875,5.432443566894531,8.889670764160156,-0.036105666205378875,0.024914241994117528,-0.00479632466196915
1.5849614990234373,5.398924743652343,8.853757739257812,-0.0430336907171121,0.024781010753507273,-0.005329249624410167
1.599326708984375,5.403713146972656,8.947131604003905,-0.049695252747624805,0.027978560528153375,-0.0033307810152563544
1.6304513305664061,5.358223315429687,8.86094034423828,-0.026646248122050836,0.06035375199644513,-0.004929555902579405
1.6352397338867186,5.480327600097656,8.839392529296875,-0.031842266505850744,0.04023583466429676,-0.0037304747370871167
1.649604943847656,5.506663818359375,8.858546142578124,-0.036505359927209644,0.05635681477813751,-0.0029310872934255917
1.5658078857421873,5.370194323730469,8.801085302734375,-0.06421745797414251,0.02691271060327134,0.0006661562030512709
1.5705962890624998,5.3390697021484375,8.865728747558594,-0.048895865303963275,0.04809647786030175,0.0021316998497640663
1.5801730957031248,5.422866760253906,8.805873706054687,-0.049961715228845315,0.03530627876171736,0.0014655436467127959
1.5801730957031248,5.422866760253906,8.82981572265625,-0.05862174586851183,0.0433001531983326,-0.0002664624812205083
1.5538368774414062,5.286397265624999,8.901641772460938,-0.04756355289786074,0.037171516130260915,0.0039969372183076245
1.5586252807617187,5.410895751953125,8.882488159179687,-0.037304747370871166,0.03357427263378405,0.0014655436467127959
1.5753846923828123,5.442020373535156,8.827421520996094,-0.0302434916185277,0.06301837680865022,0.012923430339194655
1.5059528442382812,5.398924743652343,8.805873706054687,-0.046764165454199216,0.032375191468291764,0.0030643185340358454
1.5418658691406248,5.372588525390625,8.882488159179687,-0.0558238898156965,0.016120980113840753,-0.00013323124061025415
1.5658078857421873,5.425260961914062,8.877699755859375,-0.057156202221799034,0.03077641658096871,0.002264931090374321
1.6112977172851561,5.437231970214843,8.851363537597656,-0.05049464019128633,0.0305099540997482,0.0073277182335639785
1.6065093139648436,5.427655163574219,8.889670764160156,-0.04716385917602997,0.031176110302799476,0.0031975497746461
1.6160861206054686,5.437231970214843,8.94473740234375,-0.05182695259738887,0.036372128686599385,-0.0009326186842717792
1.618480322265625,5.324704492187499,8.86812294921875,-0.05688973974057853,0.026513016881440577,-0.0026646248122050836
1.5897499023437498,5.367800122070312,8.789114294433594,-0.03583920372415837,0.037837672333312186,-0.004529862180748642
1.5897499023437498,5.437231970214843,8.801085302734375,-0.03916998473941472,0.03503981628049684,-0.010791730489430587
1.6424223388671875,5.396530541992187,8.875305554199219,-0.053026033762881154,0.04063552838612752,-0.0013323124061025418
1.4700398193359374,5.382165332031249,8.882488159179687,-0.03503981628049684,0.04023583466429676,0.007727411955394742
1.5801730957031248,5.453991381835937,8.896853369140624,-0.03970290970185574,0.04743032165725048,0.008127105677225504
1.5203180541992187,5.42047255859375,8.8489693359375,-0.0575558959436298,0.036372128686599385,0.013989280264076687
1.5370774658203123,5.487510205078125,8.810662109374999,-0.06954670759855268,0.023448698347404734,0.007727411955394742
1.5945383056640625,5.439626171875,8.858546142578124,-0.07873966320066021,0.022382848422522698,0.011591117933092112
1.5849614990234373,5.384559533691406,8.913612780761719,-0.07247779489197827,0.01851914244482533,0.003863705977697371
1.637633935546875,5.449202978515625,8.927977990722656,-0.06435068921475276,0.04383307816077362,0.0074609494741742334
1.5658078857421873,5.394136340332031,8.94473740234375,-0.06554977038024505,0.0334410413931738,0.004396630940138387
1.6328455322265625,5.4013189453125,8.95670841064453,-0.05182695259738887,0.027578866806322613,-0.0006661562030512709
1.5729904907226562,5.434837768554687,8.877699755859375,-0.03903675349880447,0.04036906590490701,-0.009725880564548555
1.5777788940429687,5.312733483886719,8.8489693359375,-0.036505359927209644,0.027045941843881597,-0.018385911204215073
1.6041151123046875,5.379771130371093,8.894459167480468,-0.01372281778285618,0.03437366007744557,-0.02371516082862524
1.4604630126953124,5.449202978515625,8.851363537597656,-0.009725880564548555,0.03557274124293786,-0.02131699849764067
1.5562310791015623,5.463568188476562,8.808267907714843,-0.02424808579106626,0.01732006127933304,-0.0073277182335639785
1.5538368774414062,5.4515971801757805,8.8489693359375,-0.041168453348568536,0.031975497746460996,0.008793261880276773
1.6136919189453125,5.4707507934570305,8.82981572265625,-0.049695252747624805,0.05529096485325548,0.01345635530163567
1.5634136840820312,5.482721801757812,8.834604125976561,-0.08966462493070106,0.026379785640830326,0.013189892820415163
1.6017209106445311,5.389347937011719,8.872911352539061,-0.08220367545652682,0.015454823910789483,0.003464012255866608
1.5849614990234373,5.346252307128906,8.877699755859375,-0.07900612568188072,0.014788667707738212,0.0035972434964768626
1.5729904907226562,5.317521887207031,8.911218579101561,-0.04436600312321464,0.04369984692016337,-0.002797856052815337
1.5538368774414062,5.377376928710937,8.84178673095703,-0.040768759626737774,0.006128637068071691,-0.013189892820415163
1.637633935546875,5.492298608398437,8.920795385742187,-0.03490658503988659,0.013989280264076687,-0.011324655451871604
1.6136919189453125,5.523423229980469,8.86812294921875,-0.0464977029729787,0.020650842294589397,-0.005062787143189658
1.5729904907226562,5.456385583496093,8.844180932617187,-0.053026033762881154,0.02371516082862524,-0.0003996937218307625
1.5466542724609373,5.485116003417969,8.815450512695312,-0.07287748861380902,0.0035972434964768626,0.0033307810152563544
1.5801730957031248,5.430049365234375,8.827421520996094,-0.07247779489197827,0.01212404289553313,0.002398162330984575
1.6472107421875,5.365405920410156,8.875305554199219,-0.08420214406568063,0.018119448722994567,0.007993874436615249
1.6065093139648436,5.367800122070312,8.82263311767578,-0.06874732015489114,0.03037672285913795,0.004663093421358896
1.656787548828125,5.322310290527343,8.884882360839843,-0.06315160804926047,0.030909647821578966,0.002797856052815337
1.7094599853515624,5.370194323730469,8.93755479736328,-0.04210107203284032,0.05329249624410167,0.008127105677225504
1.5514426757812498,5.442020373535156,8.86094034423828,-0.059021439590342596,0.01372281778285618,-0.004663093421358896
1.5921441040039062,5.372588525390625,8.844180932617187,-0.053692189965932426,0.011724349173702367,-0.012257274136143382
1.5897499023437498,5.418078356933593,8.896853369140624,-0.04783001537908124,0.03930321598002497,-0.004263399699528133
1.5562310791015623,5.377376928710937,8.86094034423828,-0.05502450237203497,0.017986217482384312,-0.011058192970651094
1.6232687255859375,5.386953735351562,8.872911352539061,-0.041301684589178794,0.03077641658096871,-0.007860643196004996
1.6136919189453125,5.4899044067382805,8.911218579101561,-0.057422664703019544,0.008260336917835759,-0.010125574286379316
1.5586252807617187,5.437231970214843,8.920795385742187,-0.049695252747624805,0.03703828488965066,0.011058192970651094
1.6065093139648436,5.4013189453125,8.846575134277343,-0.06008728951522463,0.03503981628049684,0.01185758041431262
1.5705962890624998,5.358223315429687,8.901641772460938,-0.06634915782390657,0.02398162330984575,0.005196018383799912
1.6519991455078125,5.42047255859375,8.90643017578125,-0.06808116395183987,0.015588055151399738,-0.002797856052815337
1.5586252807617187,5.389347937011719,8.8489693359375,-0.06155283316193742,0.031575804024630234,0.0031975497746461
1.6328455322265625,5.42047255859375,8.86812294921875,-0.06781470147061937,0.014122511504686942,-0.0026646248122050836
1.62805712890625,5.346252307128906,8.963891015625,-0.06914701387672191,0.021849923460081685,0.0057289433462409285
1.6519991455078125,5.291185668945312,8.827421520996094,-0.06608269534268607,0.02118376725703041,0.002398162330984575
1.6735469604492186,5.331887097167969,8.90643017578125,-0.05542419609386573,0.03011026037791744,-0.003464012255866608
1.608903515625,5.334281298828125,8.817844714355468,-0.05022817771006582,0.028111791768763626,-0.003863705977697371
1.6328455322265625,5.379771130371093,8.954314208984375,-0.054091883687763194,0.033041347671343035,-0.002797856052815337
1.5969325073242187,5.3390697021484375,8.884882360839843,-0.04769678413847099,0.036505359927209644,-0.0029310872934255917
1.608903515625,5.367800122070312,8.904035974121093,-0.049828483988235056,0.021849923460081685,-0.00479632466196915
1.6472107421875,5.425260961914062,8.947131604003905,-0.049828483988235056,0.024114854550456002,-0.003863705977697371
1.6304513305664061,5.377376928710937,8.95670841064453,-0.049029096544573526,0.032774885190122525,-0.006261868308681946
1.5969325073242187,5.322310290527343,8.844180932617187,-0.046764165454199216,0.025047473234727783,-0.002797856052815337
1.6472107421875,5.379771130371093,8.968679418945312,-0.048229709100912004,0.024114854550456002,-0.006528330789902454
1.6256629272460936,5.329492895507812,8.877699755859375,-0.03757120985209167,0.054091883687763194,-0.004529862180748642
1.6065093139648436,5.3390697021484375,8.947131604003905,-0.04663093421358895,0.02971056665608668,-0.002797856052815337
1.5777788940429687,5.456385583496093,8.88009395751953,-0.045298621807486415,0.03410719759622506,-0.006794793271122962
1.6256629272460936,5.291185668945312,8.901641772460938,-0.05209341507860938,0.03011026037791744,-0.0026646248122050836
1.6807295654296874,5.377376928710937,8.872911352539061,-0.04263399699528134,0.03144257278401998,-0.0029310872934255917
1.6543933471679686,5.377376928710937,8.858546142578124,-0.03557274124293786,0.06141960192132717,-0.0039969372183076245
1.5969325073242187,5.374982727050781,8.834604125976561,-0.0433001531983326,0.031842266505850744,0.0002664624812205083
1.6208745239257811,5.358223315429687,8.908824377441405,-0.03264165394951227,0.024914241994117528,-0.009725880564548555
1.608903515625,5.384559533691406,8.827421520996094,-0.022116385941302188,0.03503981628049684,-0.014655436467127957
1.5753846923828123,5.410895751953125,8.927977990722656,-0.03384073511500456,0.029310872934255914,-0.010258805526989571
1.6232687255859375,5.374982727050781,8.875305554199219,-0.033041347671343035,0.024914241994117528,-0.009459418083328047
1.6304513305664061,5.396530541992187,8.86094034423828,-0.03863705977697371,0.0287779479718149,-0.0057289433462409285
1.7238251953125,5.410895751953125,8.927977990722656,-0.0511607963943376,0.027712098046932865,-0.007727411955394742
1.5705962890624998,5.377376928710937,8.870517150878905,-0.05235987755982989,0.027045941843881597,-0.00866003063966652
1.5370774658203123,5.358223315429687,8.932766394042968,-0.024514548272286763,0.05182695259738887,-0.010125574286379316
1.5801730957031248,5.45877978515625,8.858546142578124,-0.040901990867348026,0.027712098046932865,-0.0011990811654922875
1.649604943847656,5.473144995117187,8.875305554199219,-0.04543185304809667,0.035173047521107094,0.0011990811654922875
1.5729904907226562,5.382165332031249,8.870517150878905,-0.04236753451406082,0.025180704475338038,0.0035972434964768626
1.608903515625,5.396530541992187,8.94473740234375,-0.03943644722063524,0.023848392069235495,-0.0037304747370871167
1.5969325073242187,5.418078356933593,8.913612780761719,-0.03863705977697371,0.015987748873230498,-0.017986217482384312
1.5921441040039062,5.449202978515625,8.892064965820312,-0.036505359927209644,0.0334410413931738,-0.007194486992953725
1.6041151123046875,5.351040710449219,8.999804040527343,-0.037171516130260915,0.045298621807486415,-0.002531393571594829
1.5634136840820312,5.370194323730469,8.834604125976561,-0.03703828488965066,0.03797090357392244,-0.009059724361497283
1.6519991455078125,5.482721801757812,8.904035974121093,-0.046764165454199216,0.032508422708902016,-0.010924961730040842
1.6328455322265625,5.4515971801757805,8.89924757080078,-0.049828483988235056,0.031042879062189218,-0.008793261880276773
1.5825672973632812,5.408501550292969,8.896853369140624,-0.054091883687763194,0.02145022973825092,-0.007993874436615249
1.6304513305664061,5.389347937011719,8.89924757080078,-0.04063552838612752,0.016120980113840753,-0.013989280264076687
1.6304513305664061,5.439626171875,8.815450512695312,-0.03943644722063524,0.03810413481453269,-0.011724349173702367
1.5562310791015623,5.427655163574219,8.942343200683593,-0.037171516130260915,0.05329249624410167,0.001732006127933304
1.5729904907226562,5.386953735351562,8.853757739257812,-0.037304747370871166,0.022915773384963714,-0.005329249624410167
1.608903515625,5.406107348632812,8.743624462890624,-0.03770444109270193,0.03863705977697371,0.005196018383799912
1.62805712890625,5.377376928710937,8.820238916015624,-0.03863705977697371,0.03464012255866608,0.0029310872934255917
1.6065093139648436,5.475539196777343,8.82981572265625,-0.03903675349880447,0.029310872934255914,-0.0031975497746461
1.6232687255859375,5.5090580200195305,8.901641772460938,-0.04316692195772235,0.04836294034152226,-0.004529862180748642
1.6112977172851561,5.355829113769531,8.86094034423828,-0.057955589665460557,0.026779479362661087,0.0057289433462409285
1.5801730957031248,5.3390697021484375,8.825027319335938,-0.044232771882604376,0.03424042883683532,-0.0013323124061025418
1.637633935546875,5.494692810058593,8.9255837890625,-0.033307810152563545,0.04543185304809667,-0.0002664624812205083
1.62805712890625,5.415684155273437,8.817844714355468,-0.03970290970185574,0.032774885190122525,0.0
1.608903515625,5.453991381835937,8.722076647949219,-0.04343338443894285,0.02371516082862524,-0.009326186842717792
1.637633935546875,5.389347937011719,8.858546142578124,-0.05649004601874777,0.01985145485092787,-0.0037304747370871167
1.6256629272460936,5.482721801757812,8.851363537597656,-0.049961715228845315,0.021983154700691936,-0.004396630940138387
1.5705962890624998,5.449202978515625,8.820238916015624,-0.05262634004105039,0.0369050536490404,0.0010658499248820332
1.5705962890624998,5.410895751953125,8.82263311767578,-0.048895865303963275,0.03983614094246599,0.008260336917835759
1.5729904907226562,5.499481213378906,8.923189587402343,-0.04263399699528134,0.05062787143189658,0.006928024511733216
1.5514426757812498,5.425260961914062,8.894459167480468,-0.04569831552931718,0.036771822408430146,-0.0031975497746461
1.5849614990234373,5.456385583496093,8.82981572265625,-0.036238897445989134,0.041301684589178794,-0.003464012255866608
1.5849614990234373,5.45877978515625,8.844180932617187,-0.0464977029729787,0.03011026037791744,-0.004529862180748642
1.5682020874023437,5.434837768554687,8.836998327636719,-0.04223430327345057,0.03943644722063524,0.0013323124061025418
1.6112977172851561,5.4707507934570305,8.82263311767578,-0.04223430327345057,0.03557274124293786,0.0011990811654922875
1.5777788940429687,5.504269616699219,8.84178673095703,-0.061686064402547675,0.022116385941302188,-0.0026646248122050836
1.5945383056640625,5.363011718749999,8.858546142578124,-0.06062021447766565,0.029444104174866172,0.001732006127933304
1.5610194824218748,5.432443566894531,8.755595471191405,-0.05555742733447598,0.017586523760553547,0.002264931090374321
1.5610194824218748,5.461173986816406,8.8489693359375,-0.046764165454199216,0.027845329287543123,-0.00866003063966652
1.6256629272460936,5.576095666503906,8.86094034423828,-0.03956967846124549,0.037304747370871166,-0.0073277182335639785
1.4867992309570313,5.4779333984375,8.80347950439453,-0.05209341507860938,0.026379785640830326,-0.008393568158446012
1.5634136840820312,5.434837768554687,8.767566479492187,-0.04836294034152226,0.03450689131805583,0.0030643185340358454
1.5179238525390624,5.413289953613281,8.870517150878905,-0.035972434964768624,0.032774885190122525,-0.0033307810152563544
1.5394716674804687,5.442020373535156,8.949525805664061,-0.049029096544573526,0.014921898948348467,0.006794793271122962
1.5705962890624998,5.506663818359375,8.875305554199219,-0.0543583461689837,0.021716692219471426,0.007194486992953725
1.6328455322265625,5.456385583496093,8.836998327636719,-0.05942113331217336,0.02424808579106626,0.007727411955394742
1.5945383056640625,5.425260961914062,8.875305554199219,-0.061686064402547675,0.02744563556571236,0.0019984686091538122
1.6735469604492186,5.453991381835937,8.865728747558594,-0.06435068921475276,0.031575804024630234,0.005062787143189658
1.6136919189453125,5.475539196777343,8.908824377441405,-0.06461715169597326,0.02997702913730719,-0.0014655436467127959
1.5753846923828123,5.403713146972656,8.82981572265625,-0.049828483988235056,0.037304747370871166,-0.006528330789902454
1.5394716674804687,5.530605834960937,8.801085302734375,-0.06581623286146555,0.01185758041431262,-0.0031975497746461
1.599326708984375,5.430049365234375,8.932766394042968,-0.06155283316193742,0.018119448722994567,-0.004263399699528133
1.5897499023437498,5.432443566894531,8.8489693359375,-0.06861408891428089,0.016520673835671518,-0.0021316998497640663
1.5705962890624998,5.434837768554687,8.875305554199219,-0.06315160804926047,0.0191852986478766,-0.006528330789902454
1.6041151123046875,5.42047255859375,8.89924757080078,-0.07287748861380902,0.020251148572758632,-0.003464012255866608
1.5562310791015623,5.408501550292969,8.750807067871094,-0.06408422673353224,0.03130934154340973,0.0003996937218307625
1.5729904907226562,5.398924743652343,8.8489693359375,-0.05955436455278361,0.029310872934255914,0.002398162330984575
1.618480322265625,5.377376928710937,8.923189587402343,-0.05675650849996827,0.033041347671343035,0.003863705977697371
1.6017209106445311,5.449202978515625,8.836998327636719,-0.054091883687763194,0.029177641693645662,0.005062787143189658
1.6424223388671875,5.410895751953125,8.875305554199219,-0.058355283387291325,0.02598009191899956,0.00159877488732305
1.62805712890625,5.408501550292969,8.832209924316405,-0.06821439519245012,0.02717917308449185,-0.004529862180748642
1.6208745239257811,5.430049365234375,8.863334545898438,-0.06594946410207582,0.016120980113840753,-0.006661562030512709
1.668758557128906,5.346252307128906,8.846575134277343,-0.0654165391396348,0.03357427263378405,-0.0037304747370871167
1.5729904907226562,5.312733483886719,8.82981572265625,-0.06261868308681946,0.0039969372183076245,-0.005995405827461438
1.659181750488281,5.391742138671875,8.834604125976561,-0.031975497746460996,0.04596477801053769,-0.007860643196004996
1.6160861206054686,5.542576843261719,8.90643017578125,-0.06554977038024505,0.016120980113840753,-0.0031975497746461
1.6615759521484375,5.42047255859375,8.966285217285156,-0.07367687605747056,0.016787136316892024,0.004529862180748642
1.5873557006835937,5.403713146972656,8.88009395751953,-0.06594946410207582,0.01958499236970736,0.0058621745868511835
1.5945383056640625,5.377376928710937,8.858546142578124,-0.07087902000465522,0.012257274136143382,0.0018652373685435584
1.5897499023437498,5.408501550292969,8.872911352539061,-0.061952526883768184,0.048229709100912004,0.0033307810152563544
1.6112977172851561,5.3199160888671875,8.801085302734375,-0.05675650849996827,0.03930321598002497,0.0026646248122050836
1.5825672973632812,5.456385583496093,8.93755479736328,-0.057955589665460557,0.03077641658096871,-0.0013323124061025418
1.5705962890624998,5.403713146972656,8.896853369140624,-0.06754823898939886,0.01532159267017923,-0.0021316998497640663
1.5945383056640625,5.4013189453125,8.911218579101561,-0.04636447173236845,0.04769678413847099,0.0030643185340358454
1.5945383056640625,5.370194323730469,8.932766394042968,-0.04769678413847099,0.02571362943777905,-0.0057289433462409285
1.5658078857421873,5.432443566894531,8.904035974121093,-0.05235987755982989,0.022782542144353463,-0.006128637068071691
1.5801730957031248,5.379771130371093,8.858546142578124,-0.04756355289786074,0.02145022973825092,-0.007860643196004996
1.6448165405273436,5.343858105468749,8.913612780761719,-0.06261868308681946,0.01971822361031762,-0.0026646248122050836
1.5849614990234373,5.353434912109375,8.920795385742187,-0.041834609551619814,0.023182235866184224,-0.006261868308681946
1.637633935546875,5.377376928710937,8.930372192382812,-0.04223430327345057,0.028245023009373885,-0.009992343045769061
1.6256629272460936,5.382165332031249,8.84178673095703,-0.04210107203284032,0.04036906590490701,-0.002531393571594829
1.6328455322265625,5.415684155273437,8.863334545898438,-0.0514272588755581,0.017453292519943295,-0.004396630940138387
1.6615759521484375,5.408501550292969,8.894459167480468,-0.03450689131805583,0.044765696845045395,-0.005329249624410167
1.5873557006835937,5.413289953613281,8.813056311035156,-0.04916232778518379,0.01732006127933304,-0.003464012255866608
1.6160861206054686,5.358223315429687,8.904035974121093,-0.050094946469455566,0.0075941807147844875,-0.0037304747370871167
1.6424223388671875,5.322310290527343,8.86812294921875,-0.037304747370871166,0.03956967846124549,0.003863705977697371
1.659181750488281,5.374982727050781,8.89924757080078,-0.05688973974057853,0.005462480865020421,-0.005062787143189658
1.659181750488281,5.367800122070312,8.808267907714843,-0.03810413481453269,0.02971056665608668,-0.007194486992953725
1.68551796875,5.425260961914062,8.882488159179687,-0.048895865303963275,0.028111791768763626,-0.0074609494741742334
1.6232687255859375,5.406107348632812,8.930372192382812,-0.045032159326265905,0.044232771882604376,-0.008926493120887028
1.649604943847656,5.374982727050781,8.908824377441405,-0.057955589665460557,0.013989280264076687,-0.0003996937218307625
1.5849614990234373,5.379771130371093,8.975862023925782,-0.05235987755982989,0.026646248122050836,-0.003863705977697371
1.62805712890625,5.379771130371093,8.939948999023438,-0.04356661567955311,0.026646248122050836,-0.0005329249624410166
1.6017209106445311,5.351040710449219,8.875305554199219,-0.053558958725322174,0.012523736617363892,-0.0019984686091538122
1.6136919189453125,5.363011718749999,8.93755479736328,-0.03823736605514295,0.03317457891195329,0.0
1.6927005737304686,5.442020373535156,8.863334545898438,-0.045565084288706925,0.02078407353519965,-0.005595712105630674
1.6831237670898436,5.427655163574219,8.901641772460938,-0.03877029101758396,0.041035222107958284,-0.0037304747370871167
1.659181750488281,5.374982727050781,8.863334545898438,-0.044898928085655654,0.0287779479718149,0.002398162330984575
1.6328455322265625,5.334281298828125,8.853757739257812,-0.028911179212425153,0.03863705977697371,-0.0037304747370871167
1.5729904907226562,5.370194323730469,8.82263311767578,-0.0383705972957532,0.021716692219471426,-0.0035972434964768626
1.6328455322265625,5.461173986816406,8.786720092773438,-0.053558958725322174,0.014655436467127957,-0.006528330789902454
1.5969325073242187,5.415684155273437,8.884882360839843,-0.053159265003491406,0.028378254249984136,-0.0026646248122050836
1.6519991455078125,5.315127685546875,8.884882360839843,-0.053026033762881154,0.0014655436467127959,-0.004529862180748642
1.7022773803710936,5.370194323730469,8.89924757080078,-0.031575804024630234,0.05076110267250683,-0.0011990811654922875
1.62805712890625,5.427655163574219,8.90643017578125,-0.04356661567955311,0.03490658503988659,-0.004130168458917879
1.6041151123046875,5.403713146972656,8.82981572265625,-0.04290045947650184,0.0369050536490404,0.00013323124061025415
1.66636435546875,5.343858105468749,8.853757739257812,-0.04210107203284032,0.03424042883683532,-0.008260336917835759
1.6136919189453125,5.351040710449219,8.901641772460938,-0.03757120985209167,0.03290811643073278,-0.007061255752343471
1.5849614990234373,5.49708701171875,8.949525805664061,-0.04236753451406082,0.0287779479718149,-0.013323124061025418
1.649604943847656,5.389347937011719,8.78432589111328,-0.04916232778518379,0.02011791733214838,-0.007993874436615249
1.6400281372070311,5.403713146972656,8.827421520996094,-0.04356661567955311,0.03890352225819422,0.00013323124061025415
1.6136919189453125,5.432443566894531,8.872911352539061,-0.03903675349880447,0.04369984692016337,0.0002664624812205083
1.62805712890625,5.427655163574219,8.846575134277343,-0.04569831552931718,0.021849923460081685,-0.004663093421358896
1.62805712890625,5.403713146972656,8.8872765625,-0.05022817771006582,0.024914241994117528,-0.0073277182335639785
1.6543933471679686,5.367800122070312,8.8872765625,-0.04210107203284032,0.03530627876171736,-0.002398162330984575
1.608903515625,5.398924743652343,8.80347950439453,-0.03810413481453269,0.02398162330984575,-0.009326186842717792
1.5729904907226562,5.422866760253906,8.8489693359375,-0.03983614094246599,0.01345635530163567,-0.002797856052815337
1.6232687255859375,5.425260961914062,8.801085302734375,-0.04036906590490701,0.024514548272286763,0.00013323124061025415
1.6711527587890624,5.386953735351562,8.839392529296875,-0.031842266505850744,0.03530627876171736,-0.010924961730040842
1.68551796875,5.463568188476562,8.769960681152343,-0.06554977038024505,0.015454823910789483,0.0013323124061025418
1.6017209106445311,5.410895751953125,8.815450512695312,-0.06022052075583488,0.02424808579106626,-0.0014655436467127959
1.5658078857421873,5.410895751953125,8.793902697753905,-0.04369984692016337,0.03011026037791744,0.002398162330984575
1.659181750488281,5.360617517089843,8.820238916015624,-0.041434915829789046,0.04929555902579404,0.005329249624410167
1.6543933471679686,5.422866760253906,8.844180932617187,-0.045032159326265905,0.045298621807486415,0.0063950995492922
1.6160861206054686,5.430049365234375,8.820238916015624,-0.04356661567955311,0.033307810152563545,0.004396630940138387
1.656787548828125,5.386953735351562,8.901641772460938,-0.040901990867348026,0.04583154676992743,-0.0002664624812205083
1.6400281372070311,5.449202978515625,8.872911352539061,-0.05076110267250683,0.039969372183076245,-0.00479632466196915
1.5777788940429687,5.406107348632812,8.817844714355468,-0.048895865303963275,0.029177641693645662,-0.00985911180515881
1.5586252807617187,5.415684155273437,8.89924757080078,-0.036105666205378875,0.0479632466196915,-0.002531393571594829
1.6735469604492186,5.442020373535156,8.858546142578124,-0.048895865303963275,0.048895865303963275,0.002797856052815337
1.678335363769531,5.394136340332031,8.851363537597656,-0.0430336907171121,0.04569831552931718,0.003863705977697371
1.6112977172851561,5.4707507934570305,8.805873706054687,-0.054091883687763194,0.020251148572758632,0.0006661562030512709
1.6041151123046875,5.465962390136719,8.712499841308594,-0.05209341507860938,0.036372128686599385,0.00159877488732305
1.6041151123046875,5.363011718749999,8.901641772460938,-0.05196018383799912,0.03970290970185574,-0.0063950995492922
1.5179238525390624,5.406107348632812,8.882488159179687,-0.044232771882604376,0.03930321598002497,-0.0013323124061025418
1.5682020874023437,5.492298608398437,8.894459167480468,-0.03850382853636345,0.04369984692016337,-0.0039969372183076245
1.5514426757812498,5.432443566894531,8.923189587402343,-0.04396630940138387,0.02424808579106626,-0.007194486992953725
1.6136919189453125,5.499481213378906,8.89924757080078,-0.045032159326265905,0.009992343045769061,-0.009192955602107537
1.6232687255859375,5.473144995117187,8.836998327636719,-0.041168453348568536,0.017986217482384312,-0.00479632466196915
1.6232687255859375,5.4013189453125,8.856151940917968,-0.046231240491758196,0.032375191468291764,-0.0019984686091538122
1.668758557128906,5.444414575195312,8.89924757080078,-0.04543185304809667,0.023182235866184224,0.0018652373685435584
1.68551796875,5.415684155273437,8.810662109374999,-0.06141960192132717,0.014255742745297196,0.005995405827461438
1.6543933471679686,5.408501550292969,8.911218579101561,-0.05622358353752725,0.03064318534035846,0.006261868308681946
1.5945383056640625,5.439626171875,8.949525805664061,-0.0528928025222709,0.026646248122050836,0.0010658499248820332
1.6472107421875,5.408501550292969,8.894459167480468,-0.05982082703400412,0.008526799399056265,-0.0006661562030512709
1.5753846923828123,5.425260961914062,8.856151940917968,-0.06155283316193742,0.020917304775809907,-0.0002664624812205083
1.62805712890625,5.370194323730469,8.734047656249999,-0.06288514556803997,0.03384073511500456,-0.002531393571594829
1.656787548828125,5.353434912109375,8.844180932617187,-0.05942113331217336,0.0302434916185277,0.0010658499248820332
1.6041151123046875,5.427655163574219,8.865728747558594,-0.044099540641994124,0.035705972483548114,-0.0006661562030512709
1.618480322265625,5.45877978515625,8.853757739257812,-0.057822358424850305,0.018385911204215073,-0.0003996937218307625
1.6328455322265625,5.396530541992187,8.872911352539061,-0.057955589665460557,0.024914241994117528,0.009459418083328047
1.6160861206054686,5.391742138671875,8.913612780761719,-0.06488361417719378,0.01851914244482533,0.0
1.6448165405273436,5.430049365234375,8.793902697753905,-0.05995405827461438,0.031176110302799476,-0.001732006127933304
1.5897499023437498,5.403713146972656,8.827421520996094,-0.07407656977930133,0.017453292519943295,0.0035972434964768626
1.6352397338867186,5.382165332031249,8.813056311035156,-0.07314395109502954,0.01532159267017923,0.0018652373685435584
1.6998831787109374,5.346252307128906,8.817844714355468,-0.05196018383799912,0.024114854550456002,-0.0006661562030512709
1.6615759521484375,5.351040710449219,8.875305554199219,-0.04849617158213252,0.029843797896696934,0.0014655436467127959
1.6328455322265625,5.446808776855469,8.908824377441405,-0.06062021447766565,0.02624655440022007,-0.002531393571594829
1.675941162109375,5.353434912109375,8.920795385742187,-0.0688805513955014,0.018918836166656093,-0.009192955602107537
1.62805712890625,5.418078356933593,8.853757739257812,-0.06621592658329632,0.011990811654922875,-0.008393568158446012
1.6136919189453125,5.45877978515625,8.865728747558594,-0.06435068921475276,0.03797090357392244,-0.002264931090374321
1.5825672973632812,5.2456958374023435,8.963891015625,-0.0610199081994964,0.031842266505850744,-0.002797856052815337
1.6543933471679686,5.334281298828125,8.911218579101561,-0.044898928085655654,0.03743797861148142,-0.0003996937218307625
1.6735469604492186,5.492298608398437,8.750807067871094,-0.062085758124378436,0.02904441045303541,0.0057289433462409285
1.707065783691406,5.437231970214843,8.913612780761719,-0.07154517620770649,0.04743032165725048,0.01572128639200999
1.6424223388671875,5.408501550292969,8.932766394042968,-0.07327718233563979,0.010791730489430587,0.010392036767599824
1.6519991455078125,5.449202978515625,8.889670764160156,-0.08766615632154724,0.01372281778285618,0.0021316998497640663
1.6615759521484375,5.377376928710937,8.999804040527343,-0.07660796335089615,0.044099540641994124,0.00159877488732305
1.5753846923828123,5.351040710449219,8.877699755859375,-0.07913935692249098,-0.0057289433462409285,-0.0010658499248820332
1.6328455322265625,5.475539196777343,8.927977990722656,-0.07967228188493199,0.0019984686091538122,-0.0026646248122050836
1.695094775390625,5.355829113769531,8.89924757080078,-0.0834027566220191,0.019984686091538122,0.0035972434964768626
1.6735469604492186,5.351040710449219,8.932766394042968,-0.09859111805158809,0.004663093421358896,-0.010125574286379316
1.608903515625,5.252878442382812,8.997409838867187,-0.05862174586851183,-0.0057289433462409285,-0.009992343045769061
1.5059528442382812,5.248090039062499,8.951920007324219,-0.05382542120654268,-0.044632465604435144,-0.0029310872934255917
1.5682020874023437,5.427655163574219,9.095572106933593,-0.06035375199644513,-0.11351301699993654,0.016387442595061263
1.4724340209960938,5.449202978515625,9.220070593261719,-0.09526033703633173,-0.20997243520176057,0.036638591167819895
1.7980454467773437,5.181052392578125,8.90643017578125,-0.12883460967011579,-0.2909770294927951,0.018652373685435583
2.2960393920898436,5.1140147460937495,9.050082275390624,-0.16240888230389983,-0.14988514568653594,-0.036105666205378875
2.0063409912109376,5.6958057495117185,8.951920007324219,-0.200246554637212,-0.5515773361264522,0.012390505376753637
1.7429788085937499,6.811503723144531,8.276755139160155,-0.47123889803846897,-0.3372082699845533,0.22942419633085767
2.3487118286132813,6.512228515625,9.088389501953124,-0.8985114866755541,-0.12510413493302866,0.12750229726401321
2.123656872558594,5.547365246582031,9.289502441406249,-1.4475574292304116,0.10058958666074189,0.1630750385069511
1.7741034301757812,5.063736511230468,10.046070166015625,-2.0399035249836013,0.1229724350832646,0.23728483952686266
2.1739351074218747,1.5394716674804687,11.975796704101562,-3.269494644575637,0.30296784114771796,0.10178866782623419
0.699106884765625,0.0526724365234375,11.008539233398437,-1.7253445659027913,-0.6023384387989591,-0.07394333853869106
1.7693150268554687,1.5155296508789062,11.259930407714844,-0.3577258810385324,-1.4849954078418928,-0.3313460953977021
3.1196447631835937,2.592920397949219,11.176133349609374,-0.37944257325800385,-1.0888989295076072,-0.44379326247275663
3.555389465332031,2.906560815429687,10.761936462402343,-0.4540520679997462,-0.7903277193000278,-0.3489326191582557
3.6487633300781246,2.952050646972656,10.326191760253906,-0.48989127172390456,-0.7806018387354792,-0.4877595718741405
5.877765075683594,7.721300354003906,7.915230688476562,-0.16294180726634083,-0.7299739673035825,-0.6309831555301638
4.199429711914062,3.801992236328125,10.522516296386717,-0.34413629449628647,-0.4976186836792993,-0.2628652377240315
4.355052819824219,3.380612744140625,10.192116467285155,-0.5363889746968833,-0.2824502300937389,-0.10951607978162892
3.967192150878906,3.047818713378906,9.485826977539062,-0.40209188416174707,0.18345941832031998,0.09552679951755223
3.3351229125976563,3.1938650146484373,8.674192614746094,0.1961163861782941,0.5347901998095602,0.17599846884614573
3.5577836669921874,2.8275521606445313,9.09796630859375,0.07860643196004995,0.326016845773292,0.09352833090839843
3.7229835815429686,1.8842367065429686,9.907206469726562,0.29417457926744117,0.45565084288706925,0.37664471720518855
1.9728221679687499,2.710236279296875,9.006986645507812,0.37371362991176293,-0.0127901990985844,0.8092465554666838
2.4396914916992185,1.7405846069335937,8.312668164062499,0.553042879773165,-0.0688805513955014,0.23435375223343707
3.8857892944335934,2.6503812377929687,4.639962817382812,0.46351148608307424,0.6876064327895217,0.3154915777650819
3.5338416503906247,1.936909143066406,8.674192614746094,0.09632618696121377,-0.0011990811654922875,0.11351301699993654
2.959233251953125,1.9656395629882812,8.386888415527343,0.223295559262786,0.09725880564548554,0.025447166956558548
3.337517114257812,2.0183119995117185,8.425195642089843,0.3654532929939272,-0.03543951000232761,0.009725880564548555
3.5218706420898434,2.559401574707031,8.719682446289061,0.2476768762944625,-0.004529862180748642,0.007194486992953725
3.361459130859375,2.3223756103515623,8.611943371582031,0.09539356827694198,-0.07913935692249098,0.07887289444127048
4.07971962890625,2.3367408203125,7.958326318359375,0.06967993883916293,0.16640581952220743,0.09286217470534716
3.6559459350585937,2.9975404785156248,9.191340173339842,0.05515773361264523,0.12483767245180814,0.10192189906684443
4.572925170898437,3.0047230834960934,10.062829577636718,-0.24487902024164715,0.31762327761484593,0.11444563568420833
3.1483751831054687,2.205059729003906,9.244012609863281,0.19478407377219156,0.24341347659493437,-0.11018223598468019
3.5984850952148437,2.913743420410156,9.665392102050781,0.24860949497873427,0.1023215927886752,0.07167840744831674
4.110844250488281,3.0214824951171875,9.797073193359374,0.010924961730040842,0.26259877524281094,0.19718223610317617
3.706224169921875,2.6384102294921874,9.576806640625,0.053558958725322174,0.2884456359212003,0.17413323147760218
3.6367923217773437,2.8610709838867185,9.588777648925781,0.062485451846209204,0.2057090355022324,0.23049004625573968
3.756502404785156,2.9089550170898435,9.605537060546874,-0.0764747321102859,0.1729341503121099,0.3386738136312661
3.42849677734375,2.7174188842773437,9.545682019042967,0.008260336917835759,0.2610000003554879,0.2797856052815338
3.564966271972656,2.398990063476562,9.636661682128906,-0.1819938746736072,0.31842266505850747,0.38677029149156783
3.294421484375,2.288856787109375,9.605537060546874,-0.35652679987304015,0.44272741254787457,0.5553078108635393
3.447650390625,1.89620771484375,9.402029919433593,-0.5979418078588208,0.6196585000782922,0.7410321602742337
3.1962592163085937,1.7908628417968748,9.066841687011719,-0.6144624816944922,0.6046033698893334,0.8192388985124528
3.0430303100585934,1.426944189453125,9.574412438964844,-0.4118177647262956,0.4918897403330584,0.6833430330899937
3.5314474487304683,1.1276689819335937,9.727641345214844,-0.24061562054211902,0.6357794801921328,0.759018377756618
3.4428619873046875,1.7693150268554687,9.631873278808593,-0.2747228181383441,0.6289846869210098,0.926756509684928
3.5434184570312497,2.1811177124023438,9.485826977539062,-0.30056967881673335,0.6257871371463639,0.7039938753845829
3.5865140869140624,2.418143676757812,9.813832604980469,-0.25513782576863675,0.472304747963351,0.47563552897860734
2.8419173706054686,2.607285607910156,10.259154113769531,0.011724349173702367,0.49921745856662236,0.2684609498296621
3.0837317382812497,2.6791116577148437,9.809044201660155,0.17546554388370472,0.4103522210795828,0.008793261880276773
3.0334535034179684,2.6575638427734374,9.801861596679688,0.1269693723015722,0.35999081212890677,-0.2511408885503291
2.8730419921875,2.3870190551757813,9.658209497070311,-0.07620826962906538,0.45232006187181284,-0.41115160852324434
2.133233679199219,2.059013427734375,9.057264880371093,0.22516079663132954,0.13882695271588483,-0.6436401233881379
2.1930887207031247,2.7461493041992187,9.639055883789062,0.1854578869294738,-0.055690658575086247,-0.8721317010347238
2.195482922363281,2.3367408203125,10.022128149414062,-0.42354211389999796,0.08433537530629089,-0.8560107209208829
1.66636435546875,1.0510545288085937,10.496180078124999,-0.5704961722931083,0.3156248090056921,-0.6503016854186506
1.4221557861328125,0.8092401611328125,10.46984385986328,-0.3425375196089635,0.13016692207621833,-0.42007810164413134
2.023100402832031,1.3096283081054687,10.778695874023438,-0.4003598780338138,0.10405359891660851,-0.3709157738589476
1.9297265380859374,0.584185205078125,10.433930834960936,-0.3141592653589793,0.10751761117247512,-0.38264012303264994
1.7238251953125,0.5674257934570313,10.223241088867187,-0.3487993879176454,0.04809647786030175,-0.0671485452675681
2.1787235107421874,1.3551181396484375,10.58476553955078,-0.5724946409022621,0.017986217482384312,0.26872741231088265
2.3822306518554686,1.668758557128906,10.83376251220703,-0.6962664634291883,-0.024781010753507273,0.28991117956791307
2.808398547363281,1.3838485595703125,11.010933435058593,-0.5274624815759962,-0.008393568158446012,0.02584686067838931
2.3822306518554686,0.9911994873046874,10.881646545410156,-0.5030811645443197,0.13736140906917205,-0.053026033762881154
1.7477672119140624,0.6560112548828124,10.180145458984374,-0.4603139363084281,0.16587289455976642,0.03956967846124549
1.8411410766601561,0.5698199951171875,10.304643945312499,-0.2924425731395079,0.0479632466196915,0.071811638688927
1.9536685546875,1.2880804931640624,10.371681591796875,-0.3329448702850252,0.0668820827863476,-0.07860643196004995
1.9847931762695312,1.2018892333984375,10.261548315429687,-0.6201914250407331,0.19824808602805818,-0.13669525286612078
1.4963760375976562,0.38786066894531246,10.127473022460936,-0.6325819304174867,0.15015160816775644,-0.06661562030512709
2.243366955566406,0.3854664672851562,10.137049829101562,-0.8517473212213549,0.06967993883916293,0.062085758124378436
2.327164013671875,-0.033518823242187495,9.957484704589843,-1.1083506906367044,0.16560643207854595,0.23488667719587808
1.8363526733398436,-0.1388636962890625,9.787496386718749,-1.1068851469899916,0.1758652376055355,0.09392802463022919
1.6041151123046875,-0.5410895751953124,10.347739575195313,-0.8281653916333399,0.143623277377854,-0.15641347647643838
1.448492004394531,-0.9983820922851562,11.231199987792968,-0.5637013790219854,-0.0095926493239383,-0.2206309344505809
1.3718775512695311,-1.7645266235351562,11.458649145507811,-0.2098392039611503,-0.13589586542245924,-0.16414088843183314
1.599326708984375,-1.8411410766601561,11.839327209472655,0.3530627876171736,-0.15135068933324874,-0.08007197560676275
1.8339584716796873,-1.1540052001953125,11.449072338867186,0.720781011701475,-0.13616232790367974,-0.06115313944010666
2.0302830078125,-0.8283937744140625,11.310208642578125,0.7571531403880745,-0.15481470158911534,-0.1133797857593263
1.5634136840820312,-0.9217676391601562,10.929530578613281,0.8975788679912823,-0.22009800948813987,-0.03370750387439431
1.838746875,-0.1292868896484375,10.826579907226561,0.8915834621638209,-0.23062327749634998,0.1267029098203517
2.3127988037109373,0.1149216796875,10.759542260742187,0.7005298631287163,-0.10711791745064435,0.3185558962991177
2.252943762207031,0.6153098266601562,10.249577307128906,0.7147856058740136,-0.21636753475105278,0.3462679943460506
2.3726538452148436,0.7924807495117187,9.911994873046874,0.7103889749338752,-0.31495865280264085,0.25127411979093933
2.408566870117187,1.0893617553710937,9.852139831542969,0.8081807055418018,-0.39396477848452155,0.04596477801053769
2.4779987182617185,0.9696516723632812,9.634267480468749,0.8111117928352274,-0.32748238942000474,-0.08073813180981403
2.300827795410156,1.0510545288085937,9.655815295410155,0.7663460959901819,-0.21823277211959632,-0.0433001531983326
2.43250888671875,1.3623007446289062,9.445125549316407,0.6697534465477477,-0.1552143953109461,-0.04316692195772235
2.3367408203125,1.5586252807617187,9.552864624023437,0.39276569731902927,0.002264931090374321,-0.041301684589178794
2.176329309082031,1.6400281372070311,9.744400756835937,0.05129402763494785,0.0029310872934255917,0.023848392069235495
2.540247961425781,1.6998831787109374,10.347739575195313,-0.12883460967011579,0.0095926493239383,0.10471975511965978
3.0214824951171875,1.5873557006835937,10.934318981933593,-0.191852986478766,0.006528330789902454,0.033307810152563545
2.806004345703125,1.139639990234375,10.982203015136719,0.07047932628282445,-0.028111791768763626,0.026779479362661087
2.8754361938476563,1.5227122558593749,10.637437976074217,0.3053660034787026,-0.011990811654922875,0.10018989293891113
2.8131869506835936,1.8315642700195311,10.275913525390624,0.5764915781205697,-0.045032159326265905,0.09885758053280859
2.9951462768554684,2.6815058593749996,10.165780249023436,0.589681470940985,-0.06994640132038345,0.07953905064432175
2.925714428710937,2.6599580444335937,9.74200655517578,0.5489127113142471,-0.0912633998180241,0.018652373685435583
2.798821740722656,3.0023288818359375,9.5001921875,0.39196630987536774,-0.10898315481918791,0.0005329249624410166
2.868253588867187,3.038241906738281,9.380482104492186,0.08073813180981403,-0.011457886692481857,-0.03384073511500456
2.6862942626953124,2.7341782958984373,9.418789331054686,-0.247943338775683,0.08273660041896783,-0.02997702913730719
2.4301146850585935,2.1116858642578125,9.394847314453125,-0.24021592682028828,0.015588055151399738,-0.01945176112909711
2.6240450195312497,2.3415292236328122,9.801861596679688,-0.15334915794240253,0.03983614094246599,-0.05862174586851183
2.750937707519531,2.0733786376953125,9.782707983398437,-0.3348101076535687,0.10525268008210079,-0.09352833090839843
2.578555187988281,1.4317325927734375,9.744400756835937,-0.3040336910726,0.1901209803508327,-0.07554211342601411
2.308010400390625,1.4173673828125,9.885658654785155,-0.06328483928987072,0.024781010753507273,0.019052067407266345
2.710236279296875,2.0470424194335934,10.165780249023436,-0.008260336917835759,0.0514272588755581,0.10845022985674689
2.7461493041992187,2.4684219116210935,10.149020837402343,-0.0558238898156965,0.07634150086967564,0.12377182252692612
2.9735984619140625,2.578555187988281,10.390835205078124,-0.12243951012082357,0.08593415019361393,0.14135834628747967
2.999934680175781,2.7581203125,10.414777221679687,-0.1594777950104742,0.1025880552698957,0.1554808577921666
3.0406361083984375,2.5905261962890624,10.283096130371094,-0.12377182252692612,0.0383705972957532,0.012923430339194655
2.8754361938476563,2.461239306640625,10.295067138671874,-0.054225114928373445,0.05515773361264523,-0.03410719759622506
2.8323405639648436,2.5905261962890624,10.1131078125,-0.22755895896231412,0.07447626350113207,0.04783001537908124
2.6336218261718747,2.0638018310546875,10.172962854003906,-0.22516079663132954,0.041301684589178794,0.03863705977697371
2.6240450195312497,2.0829554443359375,10.32379755859375,-0.18345941832031998,0.08393568158446013,0.036372128686599385
2.612074011230469,1.8124106567382812,10.158597644042969,-0.15534762655155634,0.06461715169597326,0.05635681477813751
2.482787121582031,1.668758557128906,10.034099157714843,-0.07913935692249098,0.024514548272286763,0.06848085767367064
2.6048914062499997,1.7884686401367187,10.129867224121092,-0.0430336907171121,0.022516079663132953,0.1008560491419624
2.6791116577148437,1.7980454467773437,10.158597644042969,-0.002264931090374321,0.008526799399056265,0.054491577409593955
2.6671406494140624,1.678335363769531,10.072406384277343,0.07247779489197827,0.06088667695888615,0.05022817771006582
2.588131994628906,1.9680337646484374,9.849745629882811,0.018252679963604822,0.0543583461689837,0.08233690669713707
2.6575638427734374,1.946485949707031,9.7683427734375,-0.05156049011616837,0.054225114928373445,0.09512710579572148
2.817975354003906,2.0446482177734375,9.890447058105469,-0.04809647786030175,0.05395865244715294,0.05182695259738887
2.6384102294921874,1.8195932617187498,9.797073193359374,-0.009725880564548555,0.06941347635794241,0.035173047521107094
2.636016027832031,2.2840683837890623,9.935936889648437,-0.05915467083095285,0.017186830038722786,0.05235987755982989
2.7078420776367187,2.269703173828125,9.962273107910155,-0.1476202145961616,0.05022817771006582,0.018918836166656093
2.7174188842773437,2.4109610717773435,9.911994873046874,-0.2952404291923232,0.08700000011849597,0.033041347671343035
2.528276953125,2.0183119995117185,9.842563024902343,-0.320820827389492,0.01052526800821008,-0.06594946410207582
2.5641899780273434,1.7118541870117185,10.115502014160155,-0.1508177643708077,-0.04396630940138387,-0.11031546722529045
2.6384102294921874,1.8339584716796873,10.242394702148436,-0.09166309353985486,-0.01732006127933304,-0.02438131703167651
2.6791116577148437,1.8315642700195311,10.137049829101562,-0.062485451846209204,-0.018652373685435583,-0.03557274124293786
2.7246014892578123,1.8363526733398436,10.273519323730468,-0.022782542144353463,-0.04250076575467108,-0.03943644722063524
2.8562825805664063,1.908178723144531,10.386046801757812,-0.11844257290251595,-0.0013323124061025418,-0.02531393571594829
2.7557261108398436,1.6424223388671875,10.390835205078124,-0.07447626350113207,0.017986217482384312,-0.02011791733214838
2.7581203125,1.7453730102539062,10.259154113769531,-0.0688805513955014,-0.005196018383799912,-0.0031975497746461
2.923320227050781,1.714248388671875,10.304643945312499,-0.09512710579572148,0.020517611053979142,0.04916232778518379
2.8562825805664063,1.5227122558593749,10.175357055664062,-0.09352833090839843,0.009059724361497283,0.054091883687763194
2.920926025390625,1.7022773803710936,10.220846887207031,-0.04689739669480947,-0.006794793271122962,0.09006431865253181
2.798821740722656,1.8100164550781248,10.17056865234375,-0.13189892820415164,0.03503981628049684,0.12843491594828502
2.6671406494140624,1.637633935546875,10.457872851562499,-0.1299004595949978,0.011591117933092112,0.1508177643708077
2.731784094238281,1.5227122558593749,10.319009155273436,0.0013323124061025418,0.06475038293658353,0.11711026049641342
2.6312276245117188,1.7214309936523438,10.149020837402343,0.036372128686599385,0.017586523760553547,0.06022052075583488
2.8850130004882812,1.7788918334960937,10.204087475585936,-0.053558958725322174,0.04596477801053769,0.04263399699528134
2.7437551025390623,1.5322890624999999,10.16338604736328,-0.01438897398590745,0.04743032165725048,0.04383307816077362
2.7820623291015623,1.6735469604492186,9.935936889648437,0.010258805526989571,0.044099540641994124,0.06155283316193742
2.789244934082031,1.8746598999023436,9.696516723632811,0.02571362943777905,0.005995405827461438,0.03890352225819422
2.8562825805664063,1.7884686401367187,9.672574707031249,-0.05515773361264523,0.07354364481686029,0.07394333853869106
2.7629087158203123,1.9416975463867185,9.583989245605467,-0.057955589665460557,0.05382542120654268,0.02438131703167651
2.7461493041992187,2.023100402832031,9.74200655517578,-0.14801990831799236,0.05156049011616837,-0.009326186842717792
2.6815058593749996,2.020706201171875,9.91438907470703,-0.16933690681563304,0.02744563556571236,-0.048229709100912004
2.77727392578125,1.7597382202148437,10.196904870605469,-0.20051301711843253,0.039969372183076245,-0.058888208349732345
2.6982652709960937,1.5729904907226562,10.35492218017578,-0.12443797872997739,0.025180704475338038,-0.06141960192132717
2.7557261108398436,1.5658078857421873,10.448296044921875,-0.10525268008210079,0.03170903526524049,-0.02118376725703041
2.8419173706054686,1.5227122558593749,10.405200415039062,-0.09539356827694198,0.03011026037791744,-0.03823736605514295
2.887407202148437,1.446097802734375,10.608707556152343,-0.0383705972957532,0.03877029101758396,-0.017986217482384312
2.741360900878906,1.5107412475585937,10.436325036621094,-0.0058621745868511835,0.05702297098118878,0.03583920372415837
2.8730419921875,1.5394716674804687,10.398017810058594,-0.008260336917835759,0.028378254249984136,0.036771822408430146
2.8467057739257813,1.6065093139648436,10.261548315429687,0.03450689131805583,0.057955589665460557,0.004529862180748642
2.798821740722656,1.5227122558593749,10.062829577636718,0.06981317007977318,0.06088667695888615,-0.010258805526989571
2.710236279296875,1.407790576171875,9.847351428222655,0.09259571222412663,0.14002603388137713,0.01985145485092787
2.6886884643554687,1.6831237670898436,9.679757312011718,0.08913169996826004,0.095926493239383,0.01505513018895872
2.6431986328124997,1.8938135131835936,9.797073193359374,0.04276722823589159,0.07767381327577817,-0.008926493120887028
2.6527754394531247,1.9728221679687499,9.911994873046874,-0.018385911204215073,0.08260336917835759,-0.03357427263378405
2.6815058593749996,1.6807295654296874,10.280701928710936,0.05329249624410167,0.0860673814342242,-0.0671485452675681
2.73896669921875,1.8148048583984373,10.338162768554687,0.1692036755750228,0.13669525286612078,-0.02571362943777905
2.6144682128906247,2.070984436035156,10.031704956054687,0.11124808590956223,0.16427411967244337,-0.03770444109270193
2.7174188842773437,1.7262193969726563,10.122684619140625,0.20837366031443752,0.18798928050106864,-0.11724349173702366
2.6671406494140624,1.9512743530273435,10.146626635742187,0.4175467080725365,0.21503522234495023,-0.14961868320531543
2.5234885498046875,2.3127988037109373,9.892841259765625,0.35972434964768624,0.2258269528343808,-0.14535528350578727
2.272097375488281,2.511517541503906,9.579200842285156,0.1328315468884234,0.19158652399754547,-0.12337212880509535
2.2840683837890623,2.442085693359375,9.880870251464843,-0.10432006139782901,0.22609341531560131,-0.06554977038024505
2.166752502441406,2.099714855957031,9.962273107910155,-0.19438438005036082,0.14309035241541299,-0.01851914244482533
2.1356278808593747,2.023100402832031,10.364498986816406,-0.10392036767599824,0.05222664631921963,-0.019984686091538122
2.272097375488281,2.1021090576171875,10.429142431640624,-0.026113323159609816,0.025447166956558548,0.023049004625573973
2.370259643554687,2.1978771240234374,10.350133776855468,-0.044099540641994124,0.03464012255866608,0.06301837680865022
2.3822306518554686,2.379836450195312,10.436325036621094,-0.1008560491419624,0.05635681477813751,0.045565084288706925
2.3511060302734372,2.1811177124023438,10.311826550292968,0.014921898948348467,0.0607534457182759,0.016387442595061263
2.319981408691406,2.2864625854492187,10.1131078125,0.06581623286146555,0.05395865244715294,0.027045941843881597
2.480392919921875,2.3056161987304686,10.321403356933594,0.1668055132440382,0.040901990867348026,0.01971822361031762
2.4349030883789062,2.5426421630859375,10.060435375976562,0.2784532928754312,0.05862174586851183,0.0010658499248820332
2.3822306518554686,2.7653029174804686,9.878476049804688,0.16933690681563304,0.14055895884381814,0.0006661562030512709
2.2673089721679687,2.6288334228515624,9.93354268798828,0.04569831552931718,0.12110719771472103,0.04543185304809667
2.27927998046875,2.616862414550781,10.034099157714843,-0.04809647786030175,0.21436906614189893,0.0528928025222709
2.166752502441406,2.473210314941406,9.919177478027343,-0.057422664703019544,0.16840428813136127,0.01705359879811253
2.2864625854492187,2.2457611572265623,10.060435375976562,0.010924961730040842,0.09046401237436258,-0.03823736605514295
1.9728221679687499,2.3415292236328122,9.866505041503906,0.002531393571594829,0.13296477812903365,0.0006661562030512709
1.9800047729492187,2.5163059448242184,9.935936889648437,-0.07301071985441929,0.1133797857593263,0.011058192970651094
1.9895815795898437,2.5546131713867184,10.101136804199218,-0.14522205226517704,0.09192955602107537,0.02398162330984575
2.1212626708984375,2.540247961425781,10.352527978515624,-0.14801990831799236,0.07327718233563979,0.021716692219471426
2.1308394775390624,2.549824768066406,10.55364091796875,-0.10312098023233673,0.09566003075816248,-0.0057289433462409285
2.0063409912109376,2.540247961425781,10.43153663330078,-0.07141194496709623,0.07900612568188072,-0.018918836166656093
2.0159177978515626,2.4564509033203126,10.443507641601562,-0.05049464019128633,0.032375191468291764,-0.002398162330984575
2.0302830078125,2.442085693359375,10.474632263183594,-0.027312404325102103,0.10538591132271104,0.017453292519943295
2.0781670410156248,2.499546533203125,10.232817895507813,0.02571362943777905,0.06008728951522463,0.05222664631921963
2.118868469238281,2.612074011230469,10.007762939453125,0.04596477801053769,0.03477335379927634,0.062218989364988694
2.176329309082031,2.4875755249023435,9.931148486328125,0.012923430339194655,0.1028545177511162,0.06901378263611166
1.9919757812499999,2.5330653564453125,9.749189160156249,-0.0074609494741742334,0.05662327725935802,0.04809647786030175
2.1260510742187497,2.592920397949219,9.947907897949218,-0.053159265003491406,0.044232771882604376,0.010125574286379316
2.0350714111328125,2.360682836914062,9.993397729492187,-0.0334410413931738,0.050894333913117096,-0.03077641658096871
1.9393033447265624,2.3295582153320313,9.888052856445311,-0.04929555902579404,0.0610199081994964,-0.049029096544573526
1.889025109863281,2.123656872558594,9.801861596679688,-0.03170903526524049,0.07580857590723461,-0.024514548272286763
1.8004396484374998,2.2074539306640624,9.86411083984375,-0.03424042883683532,0.04876263406335302,0.013989280264076687
1.908178723144531,2.1715409057617188,9.93354268798828,-0.008393568158446012,0.09166309353985486,0.0074609494741742334
1.9608511596679685,2.3391350219726563,9.955090502929687,-0.0013323124061025418,0.07540888218540386,0.015854517632620246
1.9680337646484374,2.4301146850585935,10.230423693847655,-0.0095926493239383,0.10192189906684443,0.017852986241774057
1.7597382202148437,2.4109610717773435,10.041281762695311,0.0010658499248820332,0.10112251162318292,0.03384073511500456
1.7238251953125,2.5330653564453125,10.046070166015625,-0.03823736605514295,0.05049464019128633,0.08060490056920376
1.8315642700195311,2.70065947265625,10.20887587890625,-0.04689739669480947,0.021983154700691936,0.08833231252459851
2.185906115722656,2.8036101440429686,10.486603271484375,-0.029843797896696934,0.036372128686599385,0.053558958725322174
2.0470424194335934,2.9664158569335934,10.450690246582031,0.027712098046932865,0.0575558959436298,0.01212404289553313
2.039859814453125,2.901772412109375,10.268730920410155,-0.002264931090374321,0.06475038293658353,0.03077641658096871
1.9704279663085937,2.8945898071289062,10.206481677246094,-0.05262634004105039,0.07247779489197827,0.041035222107958284
1.917755529785156,2.868253588867187,10.05564697265625,0.019318529888486854,0.057689127184240054,0.031176110302799476
1.936909143066406,3.2034418212890623,9.986215124511718,-0.012257274136143382,0.011324655451871604,0.007860643196004996
2.0374656127929685,3.0693665283203124,10.12507882080078,-0.1404257276032079,0.02997702913730719,0.0039969372183076245
2.0374656127929685,2.748543505859375,10.12507882080078,-0.14069219008442838,0.011191424211261349,-0.021849923460081685
1.9752163696289062,2.5354595581054684,10.01015714111328,-0.13149923448232087,0.05635681477813751,-0.057955589665460557
1.8267758666992187,2.195482922363281,9.835380419921874,-0.10418683015721876,0.037837672333312186,-0.08260336917835759
1.7214309936523438,2.2266075439453124,9.749189160156249,-0.10365390519477774,0.018652373685435583,-0.05702297098118878
1.687912170410156,2.020706201171875,9.871293444824218,-0.08500153150934216,0.03077641658096871,-0.044765696845045395
1.66636435546875,2.0877438476562498,9.919177478027343,-0.08953139369009079,0.03890352225819422,-0.005196018383799912
1.7405846069335937,2.291250988769531,10.058041174316406,-0.10884992357857766,0.03797090357392244,0.026113323159609816
1.9393033447265624,2.5737667846679684,10.127473022460936,-0.24687748885080096,0.06128637068071692,0.045298621807486415
1.8267758666992187,2.281674182128906,10.517727893066406,-0.35439510002327607,0.08846554376520875,0.04703062793541972
1.9704279663085937,2.0566192260742184,10.544064111328124,-0.15481470158911534,0.05728943346240929,0.05235987755982989
2.04943662109375,2.511517541503906,10.637437976074217,0.008793261880276773,0.024114854550456002,0.07367687605747056
2.0063409912109376,2.7198130859375,10.333374365234375,-0.036771822408430146,0.06181929564315793,0.037837672333312186
1.9201497314453124,2.592920397949219,10.465055456542968,-0.10898315481918791,0.040768759626737774,0.04316692195772235
2.0781670410156248,2.5450363647460934,10.426748229980468,-0.1398928026407669,0.0738101072980808,0.03890352225819422
1.944091748046875,2.461239306640625,10.321403356933594,-0.19132006151632497,0.09472741207389071,0.045165390566876164
1.8770541015625,2.2673089721679687,10.225635290527343,-0.09059724361497283,0.07101225124526546,0.03477335379927634
1.7573440185546874,2.3965958618164063,10.029310754394531,-0.06022052075583488,0.04210107203284032,0.004529862180748642
1.9033903198242186,2.243366955566406,9.993397729492187,-0.1264364473391312,0.08446860654690114,0.032241960227681506
1.7310078002929687,2.1595698974609374,9.832986218261718,-0.07833996947882944,0.06848085767367064,0.004929555902579405
1.659181750488281,2.231395947265625,9.665392102050781,-0.15241653925813076,0.0656830016208553,0.02371516082862524
1.8100164550781248,2.2002713256835937,9.79946739501953,-0.320820827389492,0.08673353763727547,0.05462480865020421
1.7717092285156248,2.042254016113281,9.964667309570311,-0.3007029100573437,0.07567534466662437,0.022915773384963714
1.6065093139648436,1.924938134765625,10.110713610839843,-0.14788667707738212,-0.006794793271122962,0.006528330789902454
1.93451494140625,2.0733786376953125,10.340556970214843,-0.09979019921708036,-0.014522205226517705,-0.0035972434964768626
1.8698714965820311,2.0925322509765625,10.335768566894531,-0.1261699848579107,-0.00866003063966652,0.003464012255866608
1.8602946899414061,2.0254946044921875,10.388441003417968,-0.1537488516642333,0.006528330789902454,0.01945176112909711
1.9033903198242186,2.013523596191406,10.678139404296875,-0.20544257302101193,0.044099540641994124,0.009992343045769061
1.9297265380859374,1.886630908203125,10.730811840820312,-0.17719755001163803,0.07007963256099368,0.018119448722994567
1.8698714965820311,1.714248388671875,10.771513269042968,-0.04250076575467108,0.03037672285913795,0.030909647821578966
1.9871873779296874,1.8770541015625,10.637437976074217,-0.011724349173702367,0.06768147023000912,0.02424808579106626
1.93451494140625,1.8004396484374998,10.443507641601562,-0.023848392069235495,0.058355283387291325,0.018785604926045835
2.0733786376953125,1.8243816650390623,10.374075793457031,0.002264931090374321,0.049695252747624805,0.008526799399056265
2.020706201171875,1.8267758666992187,10.429142431640624,-0.08993108741192156,0.08193721297530632,0.008393568158446012
1.7573440185546874,1.7166425903320313,10.326191760253906,-0.07780704451638844,0.0558238898156965,-0.001732006127933304
1.6807295654296874,1.7094599853515624,10.350133776855468,-0.09006431865253181,0.0747427259823526,0.015454823910789483
1.5777788940429687,1.6304513305664061,10.302249743652343,-0.07514241970418334,0.06781470147061937,0.05235987755982989
1.7645266235351562,1.6711527587890624,10.500968481445312,0.00013323124061025415,0.08979785617131131,0.06035375199644513
1.5610194824218748,1.7884686401367187,10.029310754394531,0.05635681477813751,0.07767381327577817,0.09446094959267021
1.707065783691406,1.9608511596679685,10.053252770996092,0.05529096485325548,0.05049464019128633,0.10485298636027003
1.678335363769531,1.9823989746093749,9.9215716796875,0.09819142432975732,0.046764165454199216,0.07354364481686029
1.6519991455078125,2.1595698974609374,9.68454571533203,0.08193721297530632,0.02464777951289702,0.049828483988235056
1.7573440185546874,2.288856787109375,9.504980590820312,-0.013989280264076687,0.06701531402695785,0.02971056665608668
1.6711527587890624,2.1906945190429687,9.60793126220703,-0.06741500774878861,0.018918836166656093,0.017852986241774057
1.7549498168945312,2.3032219970703123,9.842563024902343,-0.09845788681097782,-0.0030643185340358454,-0.020251148572758632
1.7381904052734374,2.1643583007812497,10.089165795898436,-0.1008560491419624,-0.01052526800821008,-0.06488361417719378
1.7836802368164062,2.1619640991210938,10.299855541992187,-0.135762634181849,-0.022249617181912446,-0.03557274124293786
1.8770541015625,2.039859814453125,10.627861169433594,-0.1729341503121099,-0.0305099540997482,-0.01505513018895872
1.8698714965820311,1.944091748046875,10.742782849121093,-0.11937519158678774,-0.010392036767599824,-0.020917304775809907
1.7860744384765623,1.8746598999023436,10.769119067382812,-0.06461715169597326,-0.02744563556571236,-0.0033307810152563544
1.8746598999023436,1.8507178833007811,10.63025537109375,-0.041035222107958284,0.002264931090374321,0.015188361429568975
1.8555062866210936,1.879448303222656,10.651803186035156,-0.03743797861148142,0.018785604926045835,0.009459418083328047
1.9752163696289062,1.8004396484374998,10.589553942871094,-0.03543951000232761,0.05222664631921963,0.01692036755750228
1.8626888916015625,1.6615759521484375,10.223241088867187,0.044232771882604376,0.06621592658329632,0.009992343045769061
1.695094775390625,1.9033903198242186,9.995791931152343,-0.0009326186842717792,0.03437366007744557,0.04236753451406082
1.7190367919921874,1.867477294921875,10.067617980957031,-0.005329249624410167,0.010924961730040842,0.03943644722063524
1.898601916503906,2.0278888061523435,10.242394702148436,-0.03770444109270193,0.02078407353519965,0.04583154676992743
1.8555062866210936,2.042254016113281,10.141838232421874,-0.040901990867348026,0.03370750387439431,0.020384379813368887
1.9105729248046874,2.099714855957031,10.275913525390624,-0.06181929564315793,0.023581929588014985,0.03823736605514295
1.9919757812499999,2.0638018310546875,10.273519323730468,-0.06008728951522463,0.03130934154340973,0.022516079663132953
1.9201497314453124,2.0661960327148434,10.347739575195313,-0.071811638688927,0.010658499248820334,0.009992343045769061
1.889025109863281,2.0829554443359375,10.407594616699217,-0.07607503838845513,0.044099540641994124,0.03477335379927634
2.001552587890625,2.0542250244140625,10.58476553955078,-0.13229862192598238,0.03011026037791744,0.03290811643073278
2.0063409912109376,2.003946789550781,10.524910498046875,-0.13562940294123874,0.04862940282274277,0.012257274136143382
1.93451494140625,1.917755529785156,10.596736547851561,-0.1247044412111979,0.07620826962906538,0.0021316998497640663
1.9584569580078124,1.8459294799804686,10.539275708007812,-0.11431240444359807,0.09912404301402909,-0.007194486992953725
1.7429788085937499,1.6615759521484375,10.297461340332031,-0.06754823898939886,0.07021286380160395,0.013056661579804908
1.7932570434570312,1.637633935546875,10.194510668945313,0.000799387443661525,0.07327718233563979,0.010924961730040842
1.707065783691406,1.7669208251953124,10.058041174316406,0.022782542144353463,0.06408422673353224,0.03543951000232761
1.68551796875,1.7764976318359373,9.892841259765625,0.002264931090374321,0.04756355289786074,0.0433001531983326
1.6543933471679686,1.8818425048828125,9.76116016845703,-0.03850382853636345,0.02371516082862524,0.04383307816077362
1.7501614135742187,1.9105729248046874,10.070012182617187,-0.11844257290251595,0.04783001537908124,0.059287902071563106
1.697488977050781,1.8507178833007811,10.01015714111328,-0.06754823898939886,0.04250076575467108,0.053026033762881154
1.879448303222656,2.3151930053710936,10.199299072265624,-0.049961715228845315,-0.028111791768763626,0.029444104174866172
1.9656395629882812,2.3295582153320313,10.287884533691406,-0.06781470147061937,0.036505359927209644,-0.024781010753507273
1.8626888916015625,2.1499930908203124,10.35492218017578,-0.09019754989314206,0.005196018383799912,-0.0654165391396348
1.8722656982421875,2.0183119995117185,10.481814868164061,-0.08540122523117291,0.000799387443661525,-0.04703062793541972
1.8531120849609375,1.9201497314453124,10.345345373535155,-0.08899846872764978,-0.007993874436615249,-0.05275957128166065
1.8076222534179687,1.8411410766601561,10.462661254882812,-0.09632618696121377,0.028378254249984136,-0.022649310903743208
1.9321207397460936,1.838746875,10.670956799316405,-0.06861408891428089,0.0026646248122050836,-0.027312404325102103
1.7836802368164062,1.7884686401367187,10.496180078124999,-0.07061255752343472,0.04356661567955311,-0.036238897445989134
1.8124106567382812,1.6519991455078125,10.460267053222656,-0.006794793271122962,0.0369050536490404,-0.02424808579106626
1.7956512451171873,1.7525556152343749,10.414777221679687,-0.03797090357392244,0.036372128686599385,0.0013323124061025418
1.7860744384765623,1.599326708984375,10.398017810058594,-0.018652373685435583,0.06088667695888615,0.023182235866184224
1.8148048583984373,1.8531120849609375,10.218452685546874,-0.008793261880276773,0.049029096544573526,0.019052067407266345
1.867477294921875,1.8435352783203125,10.24000050048828,-0.05649004601874777,0.04583154676992743,0.022649310903743208
1.6998831787109374,1.7645266235351562,10.223241088867187,-0.07687442583211665,0.01705359879811253,0.036771822408430146
1.8411410766601561,1.7357962036132812,10.206481677246094,-0.05808882090607082,0.03144257278401998,0.048895865303963275
1.8339584716796873,1.915361328125,10.213664282226562,-0.06022052075583488,0.033307810152563545,0.03956967846124549
1.879448303222656,1.9608511596679685,10.314220751953124,-0.10658499248820334,0.06035375199644513,0.032508422708902016
1.8171990600585937,1.8243816650390623,10.328585961914062,-0.04849617158213252,0.02371516082862524,0.004130168458917879
1.8650830932617186,1.9728221679687499,10.342951171874999,-0.03357427263378405,0.03357427263378405,0.022516079663132953
1.89620771484375,2.032677209472656,10.158597644042969,-0.03903675349880447,0.036372128686599385,-0.0075941807147844875
1.9728221679687499,2.114080065917969,10.120290417480469,-0.05395865244715294,0.011324655451871604,-0.06448392045536301
1.8028338500976562,1.9393033447265624,10.050858569335936,-0.059287902071563106,0.027845329287543123,-0.09645941820182401
1.6903063720703124,1.7836802368164062,10.091559997558592,-0.0927289434647369,0.01438897398590745,-0.0654165391396348
1.6017209106445311,1.714248388671875,10.065223779296874,-0.13043338455743883,0.008393568158446012,-0.008526799399056265
1.7549498168945312,1.8100164550781248,10.263942517089843,-0.17773047497407904,-0.0255803981971688,-0.002264931090374321
1.8124106567382812,1.6639701538085936,10.529698901367187,-0.14735375211494112,0.0018652373685435584,-0.008393568158446012
1.7932570434570312,1.66636435546875,10.43871923828125,-0.08473506902812164,-0.002797856052815337,-0.02584686067838931
1.7645266235351562,1.6903063720703124,10.467449658203124,-0.08700000011849597,-0.002398162330984575,-0.03130934154340973
1.7980454467773437,1.637633935546875,10.647014782714843,-0.1232388975644851,0.01505513018895872,0.0127901990985844
2.04943662109375,1.7022773803710936,10.769119067382812,-0.09632618696121377,0.036638591167819895,0.015588055151399738
2.0374656127929685,1.7525556152343749,10.769119067382812,-0.06981317007977318,0.06141960192132717,0.005196018383799912
1.8818425048828125,1.7357962036132812,10.637437976074217,-0.07407656977930133,0.04769678413847099,-0.012923430339194655
1.8363526733398436,1.7597382202148437,10.675745202636719,-0.1259035223766902,0.03770444109270193,0.021849923460081685
1.9919757812499999,1.649604943847656,10.807426293945312,-0.11697702925580315,0.07993874436615249,0.007061255752343471
1.946485949707031,1.4341267944335936,10.802637890625,-0.009326186842717792,0.08806585004337801,-0.013189892820415163
1.7477672119140624,1.5418658691406248,10.333374365234375,0.035705972483548114,0.09432771835205994,0.006794793271122962
1.7334020019531249,1.5969325073242187,10.062829577636718,0.028245023009373885,0.07540888218540386,0.03956967846124549
1.7741034301757812,1.649604943847656,9.744400756835937,0.014921898948348467,0.07887289444127048,0.03543951000232761
1.6807295654296874,1.6448165405273436,9.564835632324218,0.008793261880276773,0.017586523760553547,0.03503981628049684
1.7094599853515624,1.5729904907226562,9.524134204101562,0.03863705977697371,0.01052526800821008,0.031842266505850744
1.5298948608398437,1.898601916503906,9.524134204101562,-0.025047473234727783,-0.012656967857974145,0.03397396635561481
1.7238251953125,1.8076222534179687,9.9215716796875,-0.12950076587316706,-0.04743032165725048,0.002797856052815337
1.7669208251953124,1.8698714965820311,10.223241088867187,-0.09765849936731631,-0.04223430327345057,-0.01572128639200999
1.898601916503906,1.8195932617187498,10.46984385986328,-0.13536294046001823,-0.050894333913117096,-0.01692036755750228
1.879448303222656,1.5083470458984374,10.644620581054687,-0.08979785617131131,-0.018918836166656093,-0.0029310872934255917
1.9656395629882812,1.5825672973632812,10.733206042480468,-0.058754977109122086,-0.061686064402547675,0.028644716731204646
2.1068974609374997,1.7669208251953124,10.874463940429687,-0.05688973974057853,-0.006128637068071691,0.009192955602107537
2.0302830078125,1.687912170410156,10.862492932128905,-0.03477335379927634,-0.007727411955394742,0.016254211354451008
2.1906945190429687,1.7334020019531249,10.850521923828124,0.045565084288706925,-0.013189892820415163,0.015987748873230498
2.051830822753906,1.8315642700195311,10.658985791015624,-0.010791730489430587,0.031042879062189218,0.02851148549059439
1.9656395629882812,1.879448303222656,10.599130749511717,-0.04263399699528134,0.0191852986478766,0.041834609551619814
1.9321207397460936,1.8219874633789062,10.496180078124999,-0.012923430339194655,0.017586523760553547,0.0018652373685435584
2.01112939453125,1.8243816650390623,10.608707556152343,0.09672588068304452,-0.014255742745297196,0.01185758041431262
2.0733786376953125,1.9393033447265624,10.534487304687499,0.13882695271588483,0.03490658503988659,0.0057289433462409285
2.042254016113281,2.1643583007812497,10.330980163574218,0.05622358353752725,0.035705972483548114,0.0057289433462409285
2.020706201171875,2.1404162841796874,10.117896215820313,-0.031176110302799476,0.057955589665460557,0.023581929588014985
1.944091748046875,2.099714855957031,10.127473022460936,-0.11790964794007493,0.005595712105630674,0.0029310872934255917
1.936909143066406,1.70467158203125,10.261548315429687,-0.03290811643073278,-0.04276722823589159,-0.046764165454199216
1.9991583862304687,1.7477672119140624,10.429142431640624,0.11577794809031088,-0.13696171534734128,-0.06634915782390657
2.1212626708984375,1.917755529785156,10.500968481445312,0.19531699873463262,-0.16533996959732541,-0.0816707504940858
2.059013427734375,1.8124106567382812,10.098742602539062,0.14322358365602322,-0.08433537530629089,-0.09152986229924462
2.114080065917969,1.9321207397460936,9.957484704589843,0.014655436467127957,0.04250076575467108,-0.07114548248587572
1.8626888916015625,1.6543933471679686,9.986215124511718,-0.017986217482384312,0.07247779489197827,-0.09845788681097782
1.8267758666992187,1.6304513305664061,10.216058483886718,0.17386676899638168,-0.04250076575467108,-0.08513476274995241
2.1356278808593747,1.9009961181640624,10.09395419921875,0.200246554637212,0.04396630940138387,-0.03037672285913795
2.2170307373046874,1.9129671264648436,10.122684619140625,0.2779203679129902,0.22222970933790392,-0.17826339993652007
1.5538368774414062,1.9201497314453124,9.9215716796875,0.49455436514526346,0.14189127124992068,-0.14522205226517704
1.7597382202148437,2.4492682983398435,9.552864624023437,0.3849050541230243,0.08926493120887029,-0.1737335377557714
2.1260510742187497,2.482787121582031,9.6917283203125,0.23195558990245252,0.10751761117247512,-0.287246554755708
1.8148048583984373,2.4684219116210935,10.062829577636718,0.3288147018261073,0.12976722835438756,-0.24914241994117528
1.6328455322265625,2.5354595581054684,9.89523546142578,0.5125405826276478,0.026646248122050836,-0.18932159290717118
1.9225439331054686,3.239354846191406,10.01015714111328,0.1769310875304175,0.09113016857741385,-0.10365390519477774
1.675941162109375,3.0885201416015624,9.80665,-0.06408422673353224,0.143623277377854,-0.07420980101991156
1.7860744384765623,2.9281086303710935,10.146626635742187,-0.020917304775809907,0.08326952538140886,-0.08526799399056267
1.89620771484375,3.047818713378906,10.196904870605469,-0.06501684541780403,0.06861408891428089,-0.024914241994117528
1.6472107421875,2.9640216552734375,9.813832604980469,-0.06448392045536301,0.02971056665608668,-0.006128637068071691
1.7597382202148437,2.8730419921875,9.854534033203125,-0.0738101072980808,-0.022382848422522698,0.029444104174866172
1.7788918334960937,2.9496564453125,9.969455712890625,-0.07301071985441929,-0.008526799399056265,0.05022817771006582
1.7693150268554687,2.999934680175781,10.000580334472655,-0.08247013793774732,0.028378254249984136,-0.012923430339194655
1.6519991455078125,2.887407202148437,9.85692823486328,-0.049428790266404295,0.01851914244482533,-0.009992343045769061
1.599326708984375,2.9185318237304685,9.976638317871092,-0.06768147023000912,-0.032108728987071254,0.03437366007744557
1.7549498168945312,2.8802245971679685,10.172962854003906,-0.12843491594828502,0.010392036767599824,0.05475803989081446
1.8124106567382812,2.9496564453125,10.290278735351562,-0.08953139369009079,0.04210107203284032,0.027045941843881597
1.8124106567382812,2.940079638671875,10.369287390136718,-0.041168453348568536,0.04036906590490701,0.022915773384963714
1.9321207397460936,2.923320227050781,10.419565624999999,0.03543951000232761,0.004929555902579405,0.03557274124293786
2.0087351928710935,2.9927520751953125,10.292672937011718,0.0848683002687319,0.041035222107958284,0.0003996937218307625
2.0350714111328125,2.9640216552734375,10.115502014160155,0.08726646259971647,0.022249617181912446,0.049428790266404295
2.068590234375,3.134009973144531,9.74200655517578,0.11564471684970061,-0.012257274136143382,0.0401026034236865
2.1883003173828124,3.23696064453125,9.672574707031249,0.03437366007744557,-0.053026033762881154,-0.02464777951289702
2.023100402832031,3.318363500976562,9.605537060546874,-0.07261102613258852,-0.05462480865020421,-0.0912633998180241
1.8435352783203125,3.0550013183593747,9.550470422363281,-0.12363859128631587,-0.036372128686599385,-0.18625727437313533
1.7262193969726563,2.8227637573242186,9.883264453125,-0.17346707527455094,-0.05209341507860938,-0.17519908140248425
1.62805712890625,2.480392919921875,9.897629663085937,-0.06741500774878861,-0.023581929588014985,-0.15215007677691025
1.66636435546875,2.6982652709960937,10.414777221679687,-0.10765084241308535,0.002531393571594829,0.007194486992953725
1.7381904052734374,2.8467057739257813,10.338162768554687,-0.01851914244482533,-0.0026646248122050836,0.05102756515372735
1.7980454467773437,3.1172505615234374,10.204087475585936,-0.05342572748471192,0.009725880564548555,0.04436600312321464
1.8148048583984373,2.73896669921875,10.172962854003906,-0.01372281778285618,0.024514548272286763,0.017719755001163805
1.714248388671875,2.786850732421875,9.93354268798828,0.05156049011616837,0.01572128639200999,0.04063552838612752
1.8507178833007811,2.81558115234375,9.828197814941406,0.07234456365136802,0.014122511504686942,0.04343338443894285
1.8914193115234375,2.8107927490234372,9.612719665527344,0.09605972447999325,0.04236753451406082,0.023182235866184224
1.9919757812499999,2.9041666137695312,9.694122521972655,0.040502297145517265,0.07980551312554225,0.04769678413847099
2.224213342285156,2.91134921875,9.804255798339844,0.049428790266404295,0.1328315468884234,0.031575804024630234
1.8555062866210936,2.978386865234375,9.679757312011718,0.04769678413847099,0.07301071985441929,0.007727411955394742
1.7932570434570312,3.009511486816406,9.777919580078125,-0.0528928025222709,0.10671822372881358,0.013856049023466432
1.7118541870117185,2.9855694702148434,10.034099157714843,-0.06515007665841428,0.06515007665841428,0.08233690669713707
1.8746598999023436,3.1268273681640624,10.01015714111328,-0.023848392069235495,0.046231240491758196,0.09845788681097782
1.9656395629882812,3.3686417358398435,10.120290417480469,-0.022116385941302188,0.05489127113142472,0.08220367545652682
1.908178723144531,3.323151904296875,10.160991845703125,-0.011457886692481857,0.062085758124378436,0.09286217470534716
1.886630908203125,3.3303345092773435,10.08677159423828,0.017586523760553547,0.06768147023000912,0.08393568158446013
1.9225439331054686,3.469198205566406,10.036493359375,0.03477335379927634,0.036372128686599385,0.050894333913117096
1.9871873779296874,3.5601778686523438,9.871293444824218,0.032774885190122525,0.07061255752343472,0.005196018383799912
1.9321207397460936,3.39018955078125,9.68454571533203,-0.009459418083328047,0.06754823898939886,0.0127901990985844
1.924938134765625,3.421314172363281,9.512163195800781,-0.04170137831100955,0.03450689131805583,0.045298621807486415
1.944091748046875,3.612850305175781,9.485826977539062,-0.1328315468884234,-0.007194486992953725,0.0058621745868511835
1.9823989746093749,3.347093920898437,9.911994873046874,-0.08366921910323963,-0.007860643196004996,-0.07087902000465522
1.8267758666992187,3.2249896362304686,10.04846436767578,-0.08247013793774732,0.013989280264076687,-0.07007963256099368
1.9584569580078124,3.1220389648437497,10.165780249023436,-0.08966462493070106,0.041168453348568536,-0.0750091884635731
1.8148048583984373,2.9568390502929685,10.237606298828124,-0.054491577409593955,0.03863705977697371,-0.0610199081994964
1.9129671264648436,3.1172505615234374,10.120290417480469,-0.06395099549292199,0.050894333913117096,-0.03543951000232761
1.8650830932617186,3.105279553222656,10.266336718749999,-0.08153751925347555,0.037837672333312186,-0.014522205226517705
1.7597382202148437,3.0885201416015624,10.192116467285155,-0.008127105677225504,0.04236753451406082,-0.029444104174866172
1.7381904052734374,3.1794998046874996,9.947907897949218,-0.06661562030512709,0.0543583461689837,0.012656967857974145
1.7669208251953124,3.1028853515624997,9.943119494628906,-0.059287902071563106,0.04396630940138387,0.02717917308449185
1.8243816650390623,3.0741549316406247,9.756371765136718,-0.031176110302799476,0.0305099540997482,0.011058192970651094
1.8650830932617186,3.1411925781249996,9.840168823242188,-0.08846554376520875,0.057955589665460557,0.004663093421358896
1.7645266235351562,3.1268273681640624,9.854534033203125,-0.029444104174866172,0.041301684589178794,-0.004929555902579405
1.8626888916015625,3.19865341796875,9.923965881347655,-0.0688805513955014,0.027045941843881597,0.01052526800821008
1.8124106567382812,3.0142998901367184,9.871293444824218,-0.054091883687763194,0.05049464019128633,-0.014788667707738212
1.7836802368164062,3.028665100097656,9.868899243164062,-0.07807350699760894,0.049562021507014546,0.004130168458917879
1.6807295654296874,2.9448680419921875,9.91438907470703,-0.04223430327345057,0.046231240491758196,0.029310872934255914
1.7549498168945312,3.2704794677734372,9.847351428222655,-0.07194486992953725,0.036638591167819895,0.036771822408430146
1.8243816650390623,3.2345664428710936,9.995791931152343,-0.08700000011849597,0.05062787143189658,0.0433001531983326
1.8602946899414061,3.0813375366210938,10.204087475585936,-0.04210107203284032,0.028111791768763626,0.04356661567955311
1.889025109863281,3.2800562744140622,10.014945544433592,-0.002797856052815337,0.05249310880044014,0.05156049011616837
1.889025109863281,3.308786694335937,9.957484704589843,-0.041168453348568536,0.015987748873230498,0.02691271060327134
1.867477294921875,3.21780703125,9.97184991455078,-0.05022817771006582,0.07247779489197827,0.044232771882604376
1.8914193115234375,3.394977954101562,9.852139831542969,-0.041035222107958284,0.018652373685435583,0.011457886692481857
1.956062756347656,3.258508459472656,9.938331091308592,-0.09379479338961894,0.0528928025222709,-0.01212404289553313
1.8219874633789062,3.095702746582031,9.82580361328125,-0.03757120985209167,0.03037672285913795,-0.020384379813368887
1.8243816650390623,3.248931652832031,9.782707983398437,-0.07087902000465522,0.045298621807486415,-0.02531393571594829
1.7836802368164062,2.9735984619140625,9.830592016601562,-0.07833996947882944,0.023049004625573973,-0.013856049023466432
1.7693150268554687,3.1028853515624997,10.012551342773437,-0.06062021447766565,0.05169372135677862,-0.021583460978861175
1.7022773803710936,3.019088293457031,9.689334118652344,-0.04223430327345057,0.03357427263378405,-0.024914241994117528
1.695094775390625,2.920926025390625,9.78031378173828,-0.08286983165957809,0.0302434916185277,0.02691271060327134
1.7693150268554687,3.066972326660156,9.888052856445311,-0.07820673823821919,0.033041347671343035,0.04063552838612752
1.8315642700195311,3.0693665283203124,9.86411083984375,-0.057156202221799034,0.029444104174866172,0.007860643196004996
1.7908628417968748,3.0238766967773434,10.036493359375,-0.06528330789902453,0.0021316998497640663,-0.0011990811654922875
1.7597382202148437,2.971204260253906,10.137049829101562,-0.03410719759622506,0.032508422708902016,0.02011791733214838
1.8411410766601561,3.1603461914062496,10.225635290527343,-0.04356661567955311,0.025180704475338038,0.03743797861148142
1.8626888916015625,3.21780703125,10.235212097167969,-0.03797090357392244,0.02598009191899956,0.029577335415476424
2.0063409912109376,3.3590649291992185,10.465055456542968,-0.05475803989081446,0.03503981628049684,0.04263399699528134
1.93451494140625,3.3686417358398435,10.28549033203125,-0.01971822361031762,0.05049464019128633,-0.0031975497746461
1.9488801513671874,3.3016040893554686,9.952696301269532,-0.025447166956558548,0.04449923436382489,-0.03543951000232761
1.7645266235351562,3.220201232910156,9.713276135253906,-0.054491577409593955,0.06141960192132717,-0.010392036767599824
1.8267758666992187,3.220201232910156,9.883264453125,-0.08273660041896783,0.0401026034236865,-0.0026646248122050836
1.8267758666992187,3.086125939941406,9.926360083007811,-0.07141194496709623,0.053159265003491406,-0.027712098046932865
1.7501614135742187,3.1411925781249996,9.916783276367187,-0.0464977029729787,0.03490658503988659,0.004396630940138387
1.8459294799804686,3.23696064453125,9.868899243164062,-0.04783001537908124,0.0334410413931738,-0.01572128639200999
1.9297265380859374,3.1100679565429687,9.897629663085937,-0.06062021447766565,0.02371516082862524,-0.03437366007744557
1.838746875,3.1028853515624997,9.868899243164062,-0.08087136305042428,0.053026033762881154,-0.03384073511500456
1.8195932617187498,3.1316157714843746,9.947907897949218,-0.11964165406800824,0.049828483988235056,-0.0369050536490404
1.7525556152343749,2.961627453613281,10.024522351074218,-0.13669525286612078,0.04916232778518379,-0.03144257278401998
1.7310078002929687,2.8754361938476563,9.926360083007811,-0.04756355289786074,0.02624655440022007,-0.017852986241774057
1.7357962036132812,2.913743420410156,9.91438907470703,-0.03970290970185574,0.040502297145517265,0.0029310872934255917
1.7549498168945312,2.9281086303710935,9.78031378173828,-0.035173047521107094,0.03863705977697371,0.0013323124061025418
1.7525556152343749,2.9089550170898435,9.765948571777344,-0.05249310880044014,0.044765696845045395,0.023315467106794475
1.89620771484375,3.0310593017578125,9.76116016845703,-0.06062021447766565,0.03397396635561481,-0.003863705977697371
1.8195932617187498,3.1675287963867187,9.60793126220703,-0.05662327725935802,0.01945176112909711,-0.07594180714784488
1.85790048828125,3.1938650146484373,9.866505041503906,-0.16214241982267932,0.036105666205378875,-0.08873200624642928
1.6448165405273436,2.9831752685546875,10.314220751953124,-0.20424349185551963,0.02717917308449185,-0.06315160804926047
1.6304513305664061,2.8898014038085935,10.647014782714843,-0.1482863707992129,0.03943644722063524,-0.02424808579106626
1.8267758666992187,3.0071172851562498,10.771513269042968,-0.03797090357392244,0.0528928025222709,0.0074609494741742334
1.8507178833007811,3.134009973144531,10.541669909667968,-0.014122511504686942,0.06674885154573734,0.0006661562030512709
1.8195932617187498,2.9472622436523435,10.309432348632813,-0.005995405827461438,0.0770076570727269,0.021716692219471426
1.8195932617187498,2.8131869506835936,9.919177478027343,0.020251148572758632,0.07887289444127048,0.028111791768763626
1.7094599853515624,3.0454245117187497,9.773131176757811,-0.0127901990985844,0.0668820827863476,0.02851148549059439
1.714248388671875,2.959233251953125,9.686939916992188,-0.05555742733447598,0.07034609504221419,0.03290811643073278
1.6639701538085936,2.959233251953125,9.366116894531249,-0.010791730489430587,0.041168453348568536,0.0009326186842717792
1.7190367919921874,2.920926025390625,9.212887988281249,-0.04543185304809667,0.05635681477813751,-0.0002664624812205083
1.6041151123046875,3.1196447631835937,9.1554271484375,-0.03890352225819422,0.02118376725703041,0.0030643185340358454
1.5801730957031248,3.3327287109375,9.56962403564453,-0.12084073523350053,-0.027045941843881597,-0.025180704475338038
1.6903063720703124,3.2130186279296873,10.070012182617187,-0.09286217470534716,-0.023182235866184224,-0.035705972483548114
1.62805712890625,3.303998291015625,10.376469995117187,-0.09605972447999325,0.001732006127933304,-0.032241960227681506
1.7693150268554687,3.3303345092773435,10.618284362792968,-0.14908575824287443,0.006661562030512709,-0.024914241994117528
1.8507178833007811,3.0310593017578125,10.704475622558594,-0.045565084288706925,0.006528330789902454,-0.06861408891428089
1.8531120849609375,2.971204260253906,10.517727893066406,0.057689127184240054,0.027045941843881597,-0.062485451846209204
1.7717092285156248,3.0071172851562498,10.235212097167969,0.02531393571594829,0.0287779479718149,-0.022782542144353463
1.8435352783203125,2.9927520751953125,10.160991845703125,-0.002264931090374321,0.044099540641994124,0.022649310903743208
1.8267758666992187,3.095702746582031,10.115502014160155,-0.02105053601642016,0.037171516130260915,-0.02744563556571236
1.8100164550781248,2.9376854370117185,9.969455712890625,-0.07394333853869106,0.05968759579339387,-0.03170903526524049
1.5729904907226562,2.896984008789062,9.888052856445311,-0.02105053601642016,0.044765696845045395,-0.01985145485092787
1.687912170410156,2.971204260253906,9.871293444824218,-0.1232388975644851,0.049428790266404295,0.01958499236970736
1.8028338500976562,2.786850732421875,10.024522351074218,-0.044632465604435144,0.05622358353752725,-0.008393568158446012
1.707065783691406,2.9831752685546875,9.945513696289062,-0.017719755001163805,0.06115313944010666,0.003464012255866608
1.6903063720703124,2.942473840332031,9.811438403320311,-0.03130934154340973,0.03384073511500456,0.013056661579804908
1.6448165405273436,3.0238766967773434,9.916783276367187,-0.05555742733447598,0.04569831552931718,0.017453292519943295
1.70467158203125,2.9544448486328125,9.94072529296875,-0.0287779479718149,0.03037672285913795,0.0305099540997482
1.7022773803710936,3.1100679565429687,9.813832604980469,-0.03077641658096871,0.04596477801053769,0.002531393571594829
1.678335363769531,3.1747114013671873,9.835380419921874,-0.06967993883916293,0.014655436467127957,-0.00013323124061025415
1.656787548828125,3.124433166503906,9.974244116210937,-0.07634150086967564,0.036238897445989134,-0.0010658499248820332
1.7597382202148437,3.1196447631835937,10.103531005859374,-0.071811638688927,0.022116385941302188,0.00866003063966652
1.7238251953125,3.1603461914062496,10.101136804199218,-0.05022817771006582,0.02717917308449185,-0.010125574286379316
1.7334020019531249,3.134009973144531,10.129867224121092,-0.07354364481686029,0.011058192970651094,-0.017186830038722786
1.6615759521484375,2.9951462768554684,9.94072529296875,-0.05462480865020421,0.032774885190122525,-0.011191424211261349
1.7357962036132812,2.925714428710937,9.85692823486328,-0.056090352296917,0.022649310903743208,0.0057289433462409285
1.5753846923828123,2.9855694702148434,9.83777462158203,-0.10884992357857766,0.02118376725703041,0.023049004625573973
1.7166425903320313,2.93050283203125,10.024522351074218,-0.1008560491419624,0.014122511504686942,0.02464777951289702
1.6927005737304686,3.0693665283203124,10.043675964355469,-0.09006431865253181,0.027978560528153375,0.016254211354451008
1.675941162109375,3.047818713378906,10.08677159423828,-0.09939050549524961,0.001732006127933304,-0.01971822361031762
1.7238251953125,2.839523168945312,10.251971508789062,-0.08646707515605495,0.044099540641994124,0.0021316998497640663
1.70467158203125,2.9855694702148434,10.156203442382813,-0.053159265003491406,0.03370750387439431,0.031575804024630234
1.89620771484375,3.0358477050781247,10.199299072265624,-0.040502297145517265,0.01692036755750228,0.01185758041431262
1.8004396484374998,2.913743420410156,10.156203442382813,0.0026646248122050836,0.06461715169597326,0.0002664624812205083
1.6448165405273436,3.0310593017578125,9.93354268798828,-0.01438897398590745,0.027578866806322613,0.023049004625573973
1.7453730102539062,2.834734765625,9.93354268798828,-0.044898928085655654,0.048895865303963275,0.002264931090374321
1.5825672973632812,2.8514941772460936,9.842563024902343,-0.021983154700691936,0.05129402763494785,0.045565084288706925
1.6448165405273436,2.9568390502929685,9.749189160156249,-0.007194486992953725,0.02717917308449185,0.06528330789902453
1.5394716674804687,3.1507693847656246,9.82580361328125,0.06794793271122962,-0.02904441045303541,0.030909647821578966
1.7477672119140624,3.1699229980468746,9.928754284667969,0.07900612568188072,-0.015188361429568975,0.005196018383799912
1.6639701538085936,3.0933085449218747,9.86411083984375,0.05062787143189658,-0.05169372135677862,0.0057289433462409285
1.9752163696289062,3.1938650146484373,10.273519323730468,0.0671485452675681,-0.05196018383799912,-0.020517611053979142
1.8938135131835936,3.162740393066406,10.330980163574218,0.06368453301170149,0.011191424211261349,-0.015454823910789483
1.8124106567382812,3.220201232910156,10.175357055664062,0.07074578876404496,0.01438897398590745,-0.003464012255866608
1.9416975463867185,3.2513258544921873,10.223241088867187,0.031842266505850744,0.02851148549059439,0.0255803981971688
1.9871873779296874,3.2537200561523436,10.026916552734374,0.03956967846124549,0.04569831552931718,0.03077641658096871
1.915361328125,3.545812658691406,9.804255798339844,-0.0031975497746461,0.045565084288706925,-0.0019984686091538122
1.8195932617187498,3.373430139160156,9.624690673828125,-0.0877993875621575,0.04663093421358895,-0.00866003063966652
1.6615759521484375,3.210624426269531,9.706093530273437,-0.10818376737552639,0.03130934154340973,-0.01505513018895872
1.7717092285156248,3.2130186279296873,9.713276135253906,-0.07341041357625004,0.023049004625573973,-0.020251148572758632
1.6998831787109374,3.208230224609375,9.718064538574218,-0.049695252747624805,-0.013856049023466432,-0.045298621807486415
1.7286135986328124,3.1507693847656246,9.710881933593749,-0.05209341507860938,-0.014788667707738212,-0.022382848422522698
1.7166425903320313,3.066972326660156,9.792284790039062,-0.028245023009373885,-0.009459418083328047,-0.007061255752343471
1.8626888916015625,3.2154128295898436,9.835380419921874,0.01212404289553313,-0.024914241994117528,0.0014655436467127959
1.917755529785156,3.208230224609375,9.801861596679688,0.036372128686599385,-0.031842266505850744,-0.013589586542245924
2.0063409912109376,3.2920272827148436,9.76116016845703,-0.010392036767599824,-0.031842266505850744,-0.03064318534035846
1.9393033447265624,3.23696064453125,10.077194787597655,-0.06301837680865022,-0.017186830038722786,-0.0415681470703993
1.9776105712890624,3.1411925781249996,10.139444030761718,-0.02971056665608668,-0.03424042883683532,-0.08899846872764978
1.838746875,3.0645781249999997,10.345345373535155,-0.1212404289553313,0.035173047521107094,-0.02424808579106626
1.93451494140625,3.208230224609375,10.237606298828124,-0.11910872910556722,0.013056661579804908,0.0191852986478766
1.7980454467773437,3.0262708984374997,10.280701928710936,-0.19838131726866845,0.04276722823589159,0.03477335379927634
1.8363526733398436,2.8658593872070313,10.47702646484375,-0.1293675346325568,0.08273660041896783,0.057156202221799034
1.946485949707031,2.8850130004882812,10.450690246582031,-0.049961715228845315,0.07833996947882944,0.11018223598468019
1.8459294799804686,3.229778039550781,10.20887587890625,0.007860643196004996,0.10032312417952138,0.11697702925580315
1.9632453613281249,3.3494881225585935,10.110713610839843,-0.04023583466429676,0.10378713643538799,0.11204747335322376
2.020706201171875,3.289633081054687,10.08677159423828,-0.02131699849764067,0.11644410429336215,0.11524502312786984
1.9895815795898437,3.4452561889648434,9.878476049804688,0.041301684589178794,0.11231393583444427,0.08446860654690114
1.9416975463867185,3.7205893798828122,9.631873278808593,-0.008526799399056265,0.10485298636027003,0.037171516130260915
1.9393033447265624,3.394977954101562,9.746794958496093,0.0009326186842717792,0.09206278726168562,0.013989280264076687
1.915361328125,3.356670727539062,9.404424121093749,-0.015188361429568975,0.0846018377875114,-0.031842266505850744
1.7405846069335937,3.308786694335937,9.131485131835937,-0.1057856050445418,0.044232771882604376,-0.062485451846209204
1.6232687255859375,3.0071172851562498,9.334992272949219,-0.15747932640132042,0.032241960227681506,-0.040502297145517265
1.6639701538085936,2.89219560546875,9.682151513671874,-0.19411791756914032,0.03557274124293786,-0.00985911180515881
1.5442600708007812,2.703053674316406,9.892841259765625,-0.09712557440487528,0.017719755001163805,0.0039969372183076245
1.5634136840820312,2.882618798828125,9.95987890625,-0.07847320071943971,0.010125574286379316,0.05022817771006582
1.707065783691406,3.0526071166992184,10.0748005859375,-0.06421745797414251,0.009326186842717792,0.0764747321102859
1.7262193969726563,3.0238766967773434,10.139444030761718,-0.03983614094246599,0.03703828488965066,0.09659264944243427
1.9105729248046874,3.3973721557617185,10.103531005859374,-0.05156049011616837,0.0,0.09872434929219834
2.0733786376953125,3.361459130859375,10.390835205078124,-0.031042879062189218,0.020650842294589397,0.022116385941302188
1.9584569580078124,3.3638533325195312,10.151415039062499,-0.002398162330984575,0.04703062793541972,0.01212404289553313
2.0159177978515626,3.4811692138671875,10.05564697265625,-0.04223430327345057,0.02851148549059439,0.020384379813368887
1.9632453613281249,3.327940307617187,10.13226142578125,-0.03077641658096871,0.026646248122050836,-0.05515773361264523
1.8171990600585937,3.2130186279296873,9.943119494628906,-0.017186830038722786,0.04636447173236845,-0.02851148549059439
1.8411410766601561,3.289633081054687,10.024522351074218,-0.07420980101991156,0.03810413481453269,-0.02371516082862524
1.8770541015625,3.210624426269531,10.072406384277343,-0.055690658575086247,0.01732006127933304,-0.035173047521107094
1.8100164550781248,3.189076611328125,9.991003527832031,-0.09446094959267021,0.06874732015489114,-0.039969372183076245
1.6615759521484375,3.0406361083984375,9.938331091308592,-0.09685911192365478,0.058888208349732345,0.006661562030512709
1.8315642700195311,3.0933085449218747,9.993397729492187,-0.061952526883768184,0.07061255752343472,0.017586523760553547
1.7334020019531249,3.342305517578125,9.823409411621093,-0.058488514627901576,0.036372128686599385,0.017852986241774057
1.9584569580078124,3.208230224609375,9.967061511230469,-0.05156049011616837,0.040768759626737774,-0.031975497746460996
1.7932570434570312,3.0813375366210938,9.763554370117188,-0.024514548272286763,0.04703062793541972,-0.031575804024630234
1.7812860351562498,3.172317199707031,9.677363110351562,-0.050094946469455566,0.02971056665608668,-0.01705359879811253
1.7884686401367187,3.2034418212890623,9.890447058105469,-0.05209341507860938,0.01345635530163567,-0.05728943346240929
1.678335363769531,3.0047230834960934,9.919177478027343,-0.059287902071563106,0.027045941843881597,-0.0334410413931738
1.6424223388671875,3.227383837890625,9.892841259765625,-0.10418683015721876,0.02078407353519965,0.010125574286379316
1.927332336425781,3.2728736694335936,10.249577307128906,-0.07794027575699868,-0.0011990811654922875,-0.058754977109122086
1.7477672119140624,2.913743420410156,10.218452685546874,-0.05209341507860938,0.055690658575086247,-0.0607534457182759
1.6615759521484375,2.8658593872070313,10.17056865234375,-0.03757120985209167,0.029310872934255914,-0.0018652373685435584
1.7453730102539062,2.9089550170898435,10.194510668945313,-0.07234456365136802,0.03823736605514295,0.0369050536490404
1.8052280517578123,3.1076737548828124,10.062829577636718,-0.003464012255866608,0.053159265003491406,0.029577335415476424
1.8243816650390623,3.3111808959960936,10.046070166015625,-0.016787136316892024,0.03916998473941472,0.014921898948348467
1.7357962036132812,3.201047619628906,10.022128149414062,-0.045032159326265905,0.056090352296917,-0.002797856052815337
1.7788918334960937,3.153163586425781,9.988609326171874,-0.009192955602107537,0.026379785640830326,-0.00985911180515881
1.7884686401367187,3.2225954345703123,9.854534033203125,-0.0383705972957532,0.049961715228845315,-0.020650842294589397
1.7453730102539062,3.191470812988281,9.744400756835937,-0.07234456365136802,0.06421745797414251,-0.013189892820415163
1.8171990600585937,3.162740393066406,9.928754284667969,-0.058888208349732345,0.017586523760553547,0.0030643185340358454
1.8722656982421875,3.1364041748046874,9.842563024902343,-0.036771822408430146,0.040901990867348026,-0.027045941843881597
1.7453730102539062,3.1651345947265623,9.713276135253906,-0.06341807053048099,0.03943644722063524,-0.022516079663132953
1.707065783691406,3.2034418212890623,9.89523546142578,-0.10125574286379316,0.01958499236970736,-0.03823736605514295
1.707065783691406,3.0741549316406247,9.890447058105469,-0.08500153150934216,0.02997702913730719,-0.05262634004105039
1.6472107421875,3.1124621582031247,9.983820922851562,-0.06435068921475276,0.044765696845045395,-0.028111791768763626
1.5945383056640625,3.2249896362304686,9.885658654785155,-0.08393568158446013,0.03357427263378405,-0.018785604926045835
1.7214309936523438,3.0214824951171875,10.127473022460936,-0.01945176112909711,0.03530627876171736,-0.008260336917835759
1.70467158203125,3.2728736694335936,9.9981861328125,0.032241960227681506,0.023049004625573973,-0.0075941807147844875
1.848323681640625,3.4356793823242184,9.919177478027343,0.026779479362661087,0.006261868308681946,-0.03290811643073278
1.9393033447265624,3.4356793823242184,9.928754284667969,-0.044765696845045395,0.04396630940138387,-0.05808882090607082
1.8818425048828125,3.1675287963867187,9.83777462158203,-0.05235987755982989,0.044099540641994124,-0.07327718233563979
1.7980454467773437,3.4811692138671875,9.974244116210937,-0.1743996939588227,0.045165390566876164,-0.06901378263611166
2.616862414550781,3.0621839233398433,10.101136804199218,-0.19878101099049922,0.009192955602107537,-0.06275191432742971
1.7669208251953124,3.0933085449218747,10.244788903808594,-0.13296477812903365,0.010258805526989571,-0.0814042880128653
1.66636435546875,3.0645781249999997,10.158597644042969,-0.06794793271122962,0.036105666205378875,-0.06515007665841428
1.6304513305664061,3.0310593017578125,9.916783276367187,-0.06581623286146555,0.023182235866184224,-0.06448392045536301
1.5825672973632812,2.9544448486328125,9.674968908691406,-0.06621592658329632,-0.009459418083328047,-0.053159265003491406
1.6807295654296874,2.9472622436523435,9.962273107910155,-0.08153751925347555,0.03384073511500456,-0.05995405827461438
1.458068811035156,2.6815058593749996,9.883264453125,-0.03956967846124549,0.02131699849764067,-0.031042879062189218
1.5682020874023437,2.8706477905273435,9.840168823242188,-0.040502297145517265,0.0002664624812205083,-0.0057289433462409285
1.6424223388671875,2.91134921875,9.854534033203125,-0.05955436455278361,0.007860643196004996,-0.0006661562030512709
1.5729904907226562,2.9568390502929685,9.947907897949218,-0.06448392045536301,0.009059724361497283,0.016387442595061263
1.6927005737304686,3.057395520019531,10.110713610839843,-0.055690658575086247,0.0037304747370871167,0.02904441045303541
1.7238251953125,3.189076611328125,10.211270080566406,-0.02598009191899956,-0.006528330789902454,0.01345635530163567
1.7310078002929687,3.296815686035156,10.474632263183594,-0.03943644722063524,0.009992343045769061,-0.0030643185340358454
1.915361328125,3.189076611328125,10.651803186035156,-0.02971056665608668,0.03011026037791744,-0.008793261880276773
1.8531120849609375,2.9448680419921875,10.388441003417968,0.04170137831100955,0.0816707504940858,-0.0013323124061025418
1.687912170410156,3.1675287963867187,9.792284790039062,0.0030643185340358454,0.07261102613258852,0.029177641693645662
1.714248388671875,3.287238879394531,9.536105212402344,-0.07754058203516792,0.044765696845045395,0.01971822361031762
1.70467158203125,3.1938650146484373,9.672574707031249,-0.062218989364988694,0.018918836166656093,-0.018785604926045835
1.7621324218749999,3.1004911499023438,9.813832604980469,-0.09392802463022919,0.03916998473941472,-0.00013323124061025415
1.7190367919921874,3.1866824096679687,9.660603698730467,-0.06674885154573734,0.027578866806322613,-0.03810413481453269
1.6232687255859375,2.834734765625,9.739612353515625,-0.09179632478046512,0.010125574286379316,-0.032108728987071254
1.5107412475585937,2.8706477905273435,9.689334118652344,-0.0010658499248820332,0.010258805526989571,-0.009725880564548555
1.6735469604492186,2.9831752685546875,9.555258825683593,-0.027578866806322613,-0.009192955602107537,0.013856049023466432
1.6807295654296874,3.0023288818359375,9.648632690429688,-0.06834762643306039,-0.022516079663132953,0.020384379813368887
1.7477672119140624,3.1316157714843746,9.849745629882811,-0.09672588068304452,-0.031042879062189218,0.010392036767599824
1.70467158203125,3.2034418212890623,10.108319409179687,-0.09859111805158809,-0.04223430327345057,0.013856049023466432
1.924938134765625,3.0406361083984375,10.314220751953124,-0.10818376737552639,-0.020517611053979142,0.03490658503988659
1.9752163696289062,3.124433166503906,10.328585961914062,-0.033307810152563545,-0.0063950995492922,0.016120980113840753
1.9967641845703124,3.308786694335937,10.366893188476562,0.05475803989081446,-0.027578866806322613,-0.018652373685435583
1.8459294799804686,3.2824504760742186,10.412383020019531,0.059021439590342596,-0.007860643196004996,-0.010924961730040842
1.9752163696289062,3.4452561889648434,10.414777221679687,0.07727411955394742,-0.020384379813368887,-0.000799387443661525
1.9728221679687499,3.4835634155273434,10.347739575195313,0.016653905076281773,0.03983614094246599,-0.037837672333312186
1.93451494140625,3.4428619873046875,10.120290417480469,-0.05542419609386573,0.0558238898156965,-0.04436600312321464
1.9225439331054686,3.2034418212890623,10.000580334472655,-0.0932618684271779,0.08819908128398825,-0.06475038293658353
1.7118541870117185,3.0166940917968748,9.720458740234374,-0.05475803989081446,0.05808882090607082,-0.06435068921475276
1.7621324218749999,3.1076737548828124,9.830592016601562,-0.1087166923379674,0.05662327725935802,-0.04023583466429676
1.7310078002929687,2.8754361938476563,9.89523546142578,-0.0834027566220191,0.03543951000232761,-0.03130934154340973
1.7262193969726563,2.868253588867187,9.828197814941406,-0.04263399699528134,0.07940581940371148,-0.008526799399056265
1.5729904907226562,3.0980969482421874,9.526528405761718,-0.0514272588755581,0.041967840792230066,0.016653905076281773
1.7429788085937499,3.1100679565429687,9.739612353515625,-0.11964165406800824,0.048895865303963275,0.0005329249624410166
1.848323681640625,3.1794998046874996,9.792284790039062,-0.11311332327810578,0.03011026037791744,-0.0383705972957532
1.8507178833007811,3.373430139160156,9.78031378173828,-0.1616094948602383,0.03130934154340973,-0.06954670759855268
1.8938135131835936,3.2704794677734372,9.909600671386718,-0.2582021443026726,0.02744563556571236,-0.09192955602107537
1.7310078002929687,2.7820623291015623,10.160991845703125,-0.1360290966630695,0.053159265003491406,-0.09073047485558308
1.7022773803710936,2.9089550170898435,10.062829577636718,0.0075941807147844875,-0.0009326186842717792,-0.029177641693645662
1.6256629272460936,3.1483751831054687,9.967061511230469,-0.10032312417952138,0.04583154676992743,0.012923430339194655
1.7501614135742187,3.2441432495117186,10.065223779296874,-0.057689127184240054,0.006661562030512709,0.023848392069235495
1.905784521484375,3.27526787109375,10.096348400878906,-0.04583154676992743,0.058488514627901576,-0.031975497746460996
1.5825672973632812,2.96881005859375,9.878476049804688,-0.0074609494741742334,0.04663093421358895,-0.03450689131805583
1.6232687255859375,3.1747114013671873,9.674968908691406,-0.044099540641994124,0.017852986241774057,-0.014788667707738212
1.8746598999023436,3.19865341796875,9.91438907470703,-0.06181929564315793,0.012257274136143382,-0.04170137831100955
1.8507178833007811,3.0645781249999997,9.885658654785155,-0.07434303226052183,0.032241960227681506,-0.08513476274995241
1.6065093139648436,2.887407202148437,9.885658654785155,-0.09379479338961894,0.015854517632620246,-0.0464977029729787
1.649604943847656,3.0645781249999997,10.05564697265625,-0.11058192970651096,-0.004663093421358896,-0.012523736617363892
1.7884686401367187,2.9735984619140625,10.108319409179687,-0.11018223598468019,-0.0013323124061025418,-0.02145022973825092
1.7597382202148437,2.9927520751953125,10.228029492187499,-0.0834027566220191,0.004396630940138387,-0.006128637068071691
1.7788918334960937,3.0166940917968748,10.067617980957031,-0.12563705989546967,0.029843797896696934,-0.018918836166656093
1.8291700683593748,3.0909143432617188,10.072406384277343,-0.1360290966630695,0.028911179212425153,-0.02691271060327134
1.85790048828125,3.0142998901367184,10.160991845703125,-0.04849617158213252,-0.018119448722994567,-0.08859877500581902
1.8339584716796873,2.91134921875,10.386046801757812,-0.022249617181912446,0.04369984692016337,-0.1023215927886752
1.6472107421875,2.7820623291015623,10.01733974609375,0.02118376725703041,0.031176110302799476,-0.07261102613258852
1.6903063720703124,3.028665100097656,10.096348400878906,-0.08433537530629089,0.03264165394951227,-0.02105053601642016
1.8435352783203125,2.9041666137695312,10.369287390136718,-0.10045635542013163,0.048229709100912004,-0.0191852986478766
1.8243816650390623,2.93050283203125,10.134655627441406,0.002398162330984575,0.04729709041664023,-0.026513016881440577
1.7908628417968748,3.047818713378906,9.986215124511718,-0.009192955602107537,0.04663093421358895,-0.008260336917835759
1.6998831787109374,3.0885201416015624,10.01015714111328,-0.01958499236970736,0.018918836166656093,-0.0095926493239383
1.8243816650390623,3.0310593017578125,9.904812268066406,-0.08473506902812164,0.07234456365136802,-0.016520673835671518
1.7908628417968748,2.93050283203125,9.873687646484374,-0.040901990867348026,0.04023583466429676,-0.031842266505850744
1.6448165405273436,2.940079638671875,9.665392102050781,-0.017453292519943295,0.031975497746460996,-0.04663093421358895
1.6160861206054686,2.8802245971679685,9.787496386718749,-0.014122511504686942,0.0037304747370871167,-0.02971056665608668
1.5873557006835937,2.925714428710937,9.739612353515625,0.02584686067838931,-0.009992343045769061,-0.0430336907171121
1.6448165405273436,2.9640216552734375,9.885658654785155,-0.04876263406335302,-0.0039969372183076245,-0.007061255752343471
1.6424223388671875,2.961627453613281,9.878476049804688,-0.08540122523117291,0.01692036755750228,-0.029177641693645662
1.6112977172851561,2.8012159423828122,10.062829577636718,-0.0932618684271779,0.011058192970651094,-0.01692036755750228
1.7453730102539062,2.7629087158203123,10.146626635742187,-0.08273660041896783,0.008393568158446012,0.01958499236970736
1.8148048583984373,2.987963671875,10.230423693847655,-0.07354364481686029,0.015454823910789483,0.05262634004105039
1.924938134765625,3.0597897216796874,10.275913525390624,-0.05395865244715294,0.028378254249984136,0.026113323159609816
1.8626888916015625,3.1100679565429687,10.192116467285155,-0.0932618684271779,0.036638591167819895,0.007061255752343471
1.7884686401367187,2.7724855224609373,10.220846887207031,-0.06701531402695785,0.031575804024630234,0.02078407353519965
1.9297265380859374,2.8802245971679685,10.172962854003906,0.016787136316892024,0.08033843808798326,0.04849617158213252
1.7741034301757812,3.2632968627929686,9.854534033203125,-0.02424808579106626,0.048895865303963275,0.0479632466196915
1.8028338500976562,3.0980969482421874,9.830592016601562,-0.0287779479718149,0.029444104174866172,0.004929555902579405
1.6328455322265625,3.1938650146484373,9.90241806640625,-0.022116385941302188,0.03810413481453269,-0.0030643185340358454
1.6304513305664061,3.248931652832031,9.794678991699218,-0.03557274124293786,0.010791730489430587,0.0
1.68551796875,3.0597897216796874,9.85692823486328,-0.07820673823821919,0.02598009191899956,-0.03850382853636345
1.6998831787109374,3.0502129150390624,9.923965881347655,-0.11764318545885442,0.016787136316892024,0.001732006127933304
1.8722656982421875,2.9496564453125,10.218452685546874,-0.10485298636027003,0.03877029101758396,-0.018119448722994567
1.7836802368164062,2.6982652709960937,10.189722265624999,0.008260336917835759,0.009725880564548555,-0.023448698347404734
1.7262193969726563,2.91134921875,9.785102185058593,0.0127901990985844,0.018385911204215073,-0.016387442595061263
1.707065783691406,3.0885201416015624,9.797073193359374,-0.10924961730040841,0.008526799399056265,-0.0014655436467127959
1.7094599853515624,2.8898014038085935,10.096348400878906,-0.13229862192598238,0.03077641658096871,-0.0026646248122050836
1.66636435546875,2.779668127441406,10.189722265624999,-0.10858346109735714,0.014522205226517705,0.041168453348568536
1.7669208251953124,3.0214824951171875,10.388441003417968,-0.11018223598468019,0.037837672333312186,0.09579326199877274
1.905784521484375,3.1483751831054687,10.450690246582031,-0.07341041357625004,0.049562021507014546,0.08180398173469605
2.0757728393554684,3.028665100097656,10.24718310546875,0.01372281778285618,0.07301071985441929,0.021983154700691936
1.7836802368164062,2.952050646972656,10.046070166015625,0.045298621807486415,0.07101225124526546,0.0074609494741742334
1.7788918334960937,3.0550013183593747,9.952696301269532,-0.06062021447766565,0.06275191432742971,0.0430336907171121
1.68551796875,2.901772412109375,9.94072529296875,-0.06781470147061937,0.09232924974290613,0.01971822361031762
1.4867992309570313,2.935291235351562,9.835380419921874,-0.08953139369009079,0.06381776425231174,0.01945176112909711
1.5107412475585937,2.93050283203125,9.983820922851562,-0.11964165406800824,0.05649004601874777,0.059287902071563106
1.7788918334960937,2.932897033691406,10.12507882080078,-0.08433537530629089,0.06368453301170149,0.06768147023000912
1.944091748046875,3.0693665283203124,10.196904870605469,-0.008260336917835759,0.055690658575086247,0.061686064402547675
1.9967641845703124,3.0980969482421874,10.01015714111328,0.0610199081994964,0.05649004601874777,0.03903675349880447
1.8435352783203125,3.2130186279296873,9.923965881347655,0.044765696845045395,0.04783001537908124,0.018652373685435583
1.7334020019531249,3.076549133300781,9.962273107910155,0.03503981628049684,0.03757120985209167,-0.004663093421358896
1.6400281372070311,2.89219560546875,9.718064538574218,-0.014788667707738212,0.06648238906451683,-0.002531393571594829
1.4604630126953124,2.9975404785156248,9.497797985839844,-0.07221133241075775,0.03317457891195329,0.023182235866184224
1.656787548828125,2.980781066894531,9.720458740234374,-0.11937519158678774,0.004929555902579405,0.005329249624410167
1.668758557128906,2.8036101440429686,9.95987890625,-0.1409586525656489,0.046231240491758196,0.016653905076281773
1.5298948608398437,2.9951462768554684,10.101136804199218,-0.19851454850927872,0.01185758041431262,0.07807350699760894
1.9632453613281249,2.96881005859375,10.500968481445312,-0.17053598798112535,0.028111791768763626,0.03477335379927634
1.7812860351562498,2.8754361938476563,10.378864196777343,-0.041434915829789046,0.05342572748471192,0.02464777951289702
1.6998831787109374,3.1196447631835937,10.352527978515624,-0.07141194496709623,0.032241960227681506,0.07820673823821919
1.927332336425781,3.2824504760742186,10.302249743652343,-0.04170137831100955,0.04023583466429676,0.0255803981971688
2.3151930053710936,3.19865341796875,10.283096130371094,-0.06008728951522463,0.10738437993186485,-0.01345635530163567
2.118868469238281,2.940079638671875,10.24000050048828,-0.07514241970418334,0.15135068933324874,0.013323124061025418
2.070984436035156,2.96881005859375,10.244788903808594,0.012257274136143382,0.09512710579572148,0.05062787143189658
1.8411410766601561,3.1028853515624997,10.273519323730468,0.0013323124061025418,0.04809647786030175,-0.12497090369241841
1.5466542724609373,2.683900061035156,10.024522351074218,0.03464012255866608,0.05235987755982989,-0.10924961730040841
1.2306196533203124,2.990357873535156,9.758765966796874,0.017186830038722786,0.026379785640830326,-0.058488514627901576
1.3072341064453123,3.0214824951171875,9.70369932861328,-0.10112251162318292,-0.008926493120887028,-0.07420980101991156
1.4030021728515625,2.849099975585937,10.038887561035155,-0.11937519158678774,0.017453292519943295,-0.10378713643538799
1.438915197753906,2.6623522460937497,9.931148486328125,-0.002531393571594829,-0.015987748873230498,-0.12017457903044926
1.5897499023437498,2.6719290527343746,9.87608184814453,0.015854517632620246,-0.037837672333312186,-0.11284686079688527
1.4508862060546874,2.626439221191406,9.840168823242188,-0.023448698347404734,0.015588055151399738,-0.0575558959436298
1.4053963745117186,2.7820623291015623,9.70369932861328,-0.07620826962906538,0.013323124061025418,-0.018785604926045835
1.3862427612304686,2.70065947265625,9.969455712890625,-0.11724349173702366,0.01958499236970736,0.030909647821578966
1.4341267944335936,2.81558115234375,10.043675964355469,-0.1540153141454538,0.01732006127933304,0.08380245034384987
1.7764976318359373,2.9855694702148434,10.228029492187499,-0.18892189918534041,0.03543951000232761,0.08766615632154724
1.9512743530273435,3.095702746582031,10.484209069824217,-0.1633415009881716,0.033307810152563545,0.05222664631921963
1.9632453613281249,2.8275521606445313,10.460267053222656,-0.05862174586851183,0.06954670759855268,0.02078407353519965
1.8100164550781248,2.925714428710937,10.180145458984374,-0.005995405827461438,0.04383307816077362,0.027712098046932865
1.7310078002929687,2.896984008789062,10.050858569335936,0.044099540641994124,0.046098009251147945,0.008926493120887028
1.6711527587890624,2.913743420410156,9.945513696289062,0.058888208349732345,0.029444104174866172,0.017186830038722786
1.7501614135742187,3.0597897216796874,9.734823950195311,-0.029577335415476424,0.013056661579804908,-0.004663093421358896
1.5634136840820312,2.887407202148437,9.969455712890625,-0.0750091884635731,0.0610199081994964,-0.029310872934255914
1.484405029296875,2.9664158569335934,10.050858569335936,-0.11271362955627502,0.045032159326265905,0.009059724361497283
1.5203180541992187,3.0813375366210938,10.08677159423828,-0.08819908128398825,0.02571362943777905,0.014522205226517705
1.6927005737304686,2.9281086303710935,10.268730920410155,-0.06848085767367064,0.02424808579106626,-0.009459418083328047
1.7477672119140624,2.7581203125,10.149020837402343,0.013856049023466432,0.050094946469455566,-0.024781010753507273
1.6735469604492186,2.85388837890625,9.907206469726562,-0.05275957128166065,0.03490658503988659,0.0019984686091538122
1.7357962036132812,2.607285607910156,9.9981861328125,-0.07847320071943971,0.04596477801053769,0.03877029101758396
1.6472107421875,2.760514514160156,10.058041174316406,-0.04290045947650184,0.03530627876171736,0.026513016881440577
1.637633935546875,2.789244934082031,10.206481677246094,-0.05222664631921963,0.053692189965932426,0.023315467106794475
1.5897499023437498,2.568978381347656,10.218452685546874,-0.04916232778518379,0.06621592658329632,0.03397396635561481
1.5610194824218748,2.5234885498046875,10.01015714111328,0.00013323124061025415,0.0511607963943376,0.08113782553164478
1.5370774658203123,2.7246014892578123,9.888052856445311,-0.01692036755750228,0.058754977109122086,0.10058958666074189
1.62805712890625,2.588131994628906,9.871293444824218,0.054225114928373445,0.05529096485325548,0.14988514568653594
1.7525556152343749,3.258508459472656,9.643844287109374,0.10591883628515206,0.02971056665608668,0.1433568148966335
1.9033903198242186,3.5410242553710933,9.89523546142578,-0.020650842294589397,0.004929555902579405,0.08113782553164478
1.9033903198242186,3.294421484375,10.160991845703125,-0.01372281778285618,0.022782542144353463,-0.023182235866184224
1.7980454467773437,3.0909143432617188,9.931148486328125,-0.0057289433462409285,0.041168453348568536,-0.03503981628049684
1.7214309936523438,3.1364041748046874,9.83777462158203,-0.06261868308681946,0.005329249624410167,-0.02531393571594829
1.695094775390625,3.0430303100585934,10.211270080566406,-0.10791730489430588,0.013856049023466432,-0.004130168458917879
1.7094599853515624,2.96881005859375,10.235212097167969,-0.029310872934255914,0.03797090357392244,0.0029310872934255917
1.687912170410156,3.071760729980469,10.160991845703125,-0.006261868308681946,0.026113323159609816,0.011724349173702367
1.6400281372070311,3.1866824096679687,10.026916552734374,0.0,0.03770444109270193,-0.0035972434964768626
1.7764976318359373,3.1866824096679687,10.062829577636718,-0.06448392045536301,0.029444104174866172,-0.0037304747370871167
1.889025109863281,3.066972326660156,9.756371765136718,-0.023315467106794475,0.016653905076281773,-0.03983614094246599
1.8650830932617186,3.2130186279296873,9.469067565917967,-0.07687442583211665,0.0018652373685435584,-0.049029096544573526
1.9584569580078124,3.095702746582031,9.878476049804688,-0.17000306301868431,0.05196018383799912,-0.04383307816077362
1.6615759521484375,2.8706477905273435,10.302249743652343,-0.09232924974290613,0.05982082703400412,-0.027578866806322613
1.5490484741210937,2.8467057739257813,10.050858569335936,-0.007860643196004996,0.09526033703633173,-0.049562021507014546
1.3646949462890625,2.6695348510742187,10.108319409179687,-0.0002664624812205083,0.07754058203516792,-0.08620061267483445
1.24498486328125,2.499546533203125,10.050858569335936,-0.01438897398590745,0.025047473234727783,0.0031975497746461
1.5729904907226562,2.7820623291015623,10.216058483886718,0.0003996937218307625,-0.013056661579804908,0.03797090357392244
1.5801730957031248,2.6910826660156246,10.175357055664062,0.05329249624410167,0.0127901990985844,0.03064318534035846
1.7501614135742187,2.825157958984375,9.890447058105469,0.06328483928987072,0.018252679963604822,0.06701531402695785
1.695094775390625,3.086125939941406,9.605537060546874,0.00159877488732305,0.001732006127933304,0.05382542120654268
1.7477672119140624,3.1555577880859373,9.706093530273437,-0.09752526812670605,-0.037304747370871166,0.041035222107958284
1.6352397338867186,3.0502129150390624,10.096348400878906,-0.13616232790367974,-0.013189892820415163,0.03863705977697371
1.6448165405273436,3.143586779785156,10.443507641601562,-0.14282388993419246,-0.03490658503988659,0.03823736605514295
1.7812860351562498,3.1603461914062496,10.670956799316405,-0.08033843808798326,0.02371516082862524,0.027712098046932865
1.7836802368164062,3.066972326660156,10.66856259765625,-0.01945176112909711,0.057955589665460557,0.023448698347404734
1.678335363769531,3.1842882080078123,10.40041201171875,-0.033307810152563545,0.07341041357625004,0.054491577409593955
1.7645266235351562,3.114856359863281,10.139444030761718,0.06062021447766565,0.07047932628282445,0.06115313944010666
1.8076222534179687,3.5194764404296874,9.835380419921874,-0.00159877488732305,0.06861408891428089,0.08793261880276775
2.0350714111328125,3.6535517333984373,9.883264453125,-0.09166309353985486,0.03983614094246599,0.04343338443894285
1.9919757812499999,3.366247534179687,9.919177478027343,-0.03144257278401998,0.062218989364988694,-0.03770444109270193
1.7118541870117185,3.517082238769531,9.519345800781249,-0.031975497746460996,0.044898928085655654,-0.07420980101991156
1.6735469604492186,3.4165257690429685,9.380482104492186,-0.11138131715017249,0.01692036755750228,-0.08153751925347555
1.659181750488281,3.2632968627929686,9.464279162597656,-0.11311332327810578,-0.00479632466196915,-0.10058958666074189
1.678335363769531,3.2058360229492187,9.727641345214844,-0.07247779489197827,-0.03370750387439431,-0.11724349173702366
1.675941162109375,3.2800562744140622,9.926360083007811,-0.07114548248587572,-0.041434915829789046,-0.14908575824287443
1.6472107421875,2.932897033691406,10.213664282226562,-0.12843491594828502,-0.01732006127933304,-0.14855283328043337
1.7022773803710936,2.4660277099609376,10.520122094726561,-0.10192189906684443,-0.00013323124061025415,-0.0668820827863476
1.8315642700195311,2.817975354003906,10.556035119628906,-0.05635681477813751,-0.0003996937218307625,-0.010924961730040842
1.915361328125,2.999934680175781,10.40041201171875,-0.03264165394951227,0.017186830038722786,-0.0860673814342242
1.6807295654296874,2.528276953125,10.319009155273436,-0.018785604926045835,0.07487595722296284,-0.05462480865020421
1.6519991455078125,2.808398547363281,10.273519323730468,0.027712098046932865,-0.008260336917835759,-0.02145022973825092
1.8650830932617186,2.767697119140625,10.359710583496094,-0.035972434964768624,0.0866003063966652,0.03490658503988659
1.7022773803710936,2.971204260253906,10.307038146972655,0.032108728987071254,0.059287902071563106,0.05022817771006582
1.93451494140625,3.2800562744140622,9.85692823486328,-0.00985911180515881,0.07141194496709623,0.00013323124061025415
1.7980454467773437,3.2513258544921873,9.682151513671874,-0.044632465604435144,0.006661562030512709,-0.04716385917602997
1.6615759521484375,2.999934680175781,9.849745629882811,-0.09912404301402909,0.03011026037791744,-0.0656830016208553
1.5466542724609373,2.863465185546875,9.710881933593749,-0.06461715169597326,0.010392036767599824,-0.05982082703400412
1.637633935546875,2.844311572265625,9.629479077148437,-0.07354364481686029,-0.02904441045303541,-0.1124471670750545
0.7230489013671875,3.0813375366210938,10.421959826660157,-0.01732006127933304,-0.06022052075583488,-0.12417151624875687
1.2689268798828124,2.6312276245117188,9.835380419921874,-0.06062021447766565,-0.025447166956558548,-0.009725880564548555
1.6112977172851561,2.5258827514648434,9.801861596679688,-0.0738101072980808,-0.02744563556571236,0.07447626350113207
1.7381904052734374,2.6767174560546874,9.988609326171874,0.004396630940138387,-0.0030643185340358454,0.12270597260204408
1.7334020019531249,3.23696064453125,9.90241806640625,-0.028644716731204646,-0.005196018383799912,0.15827871384498196
1.8507178833007811,3.545812658691406,10.046070166015625,0.011591117933092112,-0.017852986241774057,0.050361408950676076
1.7190367919921874,3.421314172363281,9.9981861328125,-0.025447166956558548,-0.0030643185340358454,0.029577335415476424
1.889025109863281,3.284844677734375,10.084377392578125,-0.13096630951987984,-0.009192955602107537,0.06461715169597326
2.0087351928710935,3.277662072753906,10.448296044921875,-0.15068453313019745,0.008260336917835759,0.054491577409593955
1.9752163696289062,3.392583752441406,10.558429321289061,-0.1247044412111979,0.0021316998497640663,0.04023583466429676
2.133233679199219,3.6176387084960937,10.62307276611328,-0.14695405839311035,0.012257274136143382,-0.011191424211261349
2.01112939453125,3.1459809814453124,10.70686982421875,-0.07727411955394742,0.07434303226052183,-0.05022817771006582
1.9680337646484374,3.1866824096679687,10.352527978515624,-0.004663093421358896,0.09845788681097782,-0.07900612568188072
1.7190367919921874,2.9185318237304685,10.0748005859375,-0.011591117933092112,0.10631853000698281,-0.10964931102223918
1.5490484741210937,2.4588451049804685,9.567229833984374,0.0607534457182759,0.08420214406568063,-0.05209341507860938
1.467645617675781,2.6862942626953124,9.270348828125,0.013856049023466432,0.056090352296917,0.0013323124061025418
1.467645617675781,2.5522189697265625,9.397241516113281,0.00013323124061025415,0.007061255752343471,0.03757120985209167
1.7238251953125,2.935291235351562,9.782707983398437,0.07620826962906538,0.022915773384963714,0.04756355289786074
1.8650830932617186,3.1579519897460937,9.667786303710937,0.09885758053280859,0.006794793271122962,0.0057289433462409285
1.93451494140625,3.227383837890625,9.641450085449218,0.13043338455743883,-0.045565084288706925,-0.0610199081994964
1.9919757812499999,2.9831752685546875,9.641450085449218,-0.02371516082862524,-0.01372281778285618,-0.020517611053979142
1.7429788085937499,2.896984008789062,9.72285294189453,-0.16107656989779728,-0.022382848422522698,0.03370750387439431
1.695094775390625,3.23696064453125,10.244788903808594,-0.2607335378742674,-0.003464012255866608,0.09192955602107537
1.886630908203125,3.3638533325195312,10.656591589355468,-0.26153292531792893,0.00866003063966652,0.07754058203516792
1.9033903198242186,3.438073583984375,10.75714805908203,-0.20131240456209404,0.02118376725703041,0.028245023009373885
1.8243816650390623,3.191470812988281,10.656591589355468,-0.07953905064432175,0.06914701387672191,-0.0383705972957532
1.7956512451171873,2.8730419921875,10.381258398437499,0.0334410413931738,0.059287902071563106,-0.0383705972957532
1.7238251953125,2.8706477905273435,9.955090502929687,0.07634150086967564,0.06421745797414251,-0.014122511504686942
1.695094775390625,2.882618798828125,9.639055883789062,0.08073813180981403,0.050094946469455566,0.05995405827461438
1.7405846069335937,3.066972326660156,9.291896643066405,0.03064318534035846,0.02464777951289702,0.06515007665841428
1.7453730102539062,3.394977954101562,9.368511096191405,-0.08620061267483445,-0.0039969372183076245,0.04876263406335302
1.8555062866210936,3.1411925781249996,9.421183532714844,-0.14575497722761804,0.013589586542245924,0.0037304747370871167
1.7238251953125,2.980781066894531,9.660603698730467,-0.11444563568420833,-0.014921898948348467,0.018785604926045835
1.7693150268554687,3.1699229980468746,9.773131176757811,-0.1183093416619057,-0.037304747370871166,0.0415681470703993
1.9800047729492187,3.1387983764648437,10.141838232421874,-0.08833231252459851,0.0030643185340358454,0.00866003063966652
2.0446482177734375,3.1172505615234374,10.307038146972655,-0.003863705977697371,-0.0057289433462409285,-0.015588055151399738
1.8938135131835936,3.308786694335937,10.175357055664062,-0.016787136316892024,-0.037837672333312186,0.009059724361497283
1.9847931762695312,3.189076611328125,10.268730920410155,-0.09512710579572148,-0.05489127113142472,-0.010658499248820334
2.1356278808593747,2.8945898071289062,10.453084448242187,-0.10685145496942385,-0.010258805526989571,-0.036372128686599385
1.956062756347656,2.96881005859375,10.39322940673828,-0.16560643207854595,0.01345635530163567,-0.06128637068071692
1.7980454467773437,2.5426421630859375,10.608707556152343,-0.23648545208320115,0.04809647786030175,-0.01851914244482533
1.8267758666992187,2.185906115722656,10.46984385986328,-0.10098928038257265,0.04596477801053769,0.03903675349880447
1.8171990600585937,2.473210314941406,10.134655627441406,-0.021583460978861175,0.057422664703019544,0.12630321609852094
1.9105729248046874,2.789244934082031,9.842563024902343,0.020650842294589397,0.04276722823589159,0.18345941832031998
2.068590234375,3.27526787109375,9.658209497070311,0.0369050536490404,0.0668820827863476,0.16827105689075103
2.0374656127929685,3.5960908935546874,9.488221179199218,0.013056661579804908,0.023315467106794475,0.09446094959267021
2.2266075439453124,3.536235852050781,9.519345800781249,-0.016120980113840753,-0.018652373685435583,-0.022116385941302188
2.1404162841796874,3.421314172363281,9.397241516113281,-0.057689127184240054,0.0005329249624410166,-0.08193721297530632
1.8650830932617186,3.375824340820312,9.488221179199218,-0.08500153150934216,-0.06914701387672191,-0.10072281790135215
2.059013427734375,3.1962592163085937,9.928754284667969,-0.14988514568653594,-0.022915773384963714,-0.10685145496942385
1.8698714965820311,2.798821740722656,10.31661495361328,-0.10831699861613663,-0.023448698347404734,-0.10818376737552639
1.879448303222656,2.8012159423828122,10.374075793457031,-0.09672588068304452,0.0003996937218307625,-0.05462480865020421
1.9847931762695312,2.77727392578125,10.656591589355468,-0.06181929564315793,0.009326186842717792,-0.013323124061025418
2.061407629394531,2.925714428710937,10.596736547851561,-0.057422664703019544,0.006794793271122962,0.01958499236970736
2.2002713256835937,2.8371289672851563,10.524910498046875,-0.028911179212425153,0.08979785617131131,0.015588055151399738
2.0829554443359375,2.750937707519531,10.062829577636718,-0.008393568158446012,0.03890352225819422,0.01505513018895872
1.9393033447265624,2.798821740722656,9.866505041503906,-0.06355130177109124,0.044232771882604376,0.035972434964768624
2.094926452636719,2.7437551025390623,9.746794958496093,-0.03970290970185574,0.04383307816077362,0.026646248122050836
2.0087351928710935,2.7916391357421872,9.70369932861328,-0.0011990811654922875,0.062085758124378436,-0.0002664624812205083
1.8004396484374998,2.8012159423828122,9.639055883789062,-0.04276722823589159,0.02371516082862524,0.02371516082862524
2.020706201171875,2.7581203125,9.890447058105469,-0.04569831552931718,0.015188361429568975,0.059287902071563106
1.93451494140625,2.923320227050781,9.835380419921874,-0.009192955602107537,0.03930321598002497,0.04849617158213252
1.944091748046875,3.0741549316406247,9.923965881347655,-0.029843797896696934,0.04263399699528134,0.05462480865020421
2.147598889160156,3.134009973144531,9.9215716796875,-0.03424042883683532,0.04849617158213252,0.05635681477813751
2.1116858642578125,3.6942531616210936,10.050858569335936,-0.17826339993652007,0.03877029101758396,0.02744563556571236
2.2002713256835937,3.394977954101562,10.541669909667968,-0.3156248090056921,0.040502297145517265,-0.0074609494741742334
2.3127988037109373,3.189076611328125,11.039663854980468,-0.2211638594130219,0.058754977109122086,-0.08260336917835759
2.061407629394531,2.748543505859375,10.893617553710937,-0.06594946410207582,0.05862174586851183,-0.06328483928987072
1.8028338500976562,2.7964275390625,10.302249743652343,0.048229709100912004,0.036372128686599385,-0.044232771882604376
2.070984436035156,2.6910826660156246,9.900023864746093,0.06368453301170149,0.049695252747624805,0.019052067407266345
1.4341267944335936,2.91134921875,9.576806640625,0.21010566644237083,-0.02118376725703041,0.013056661579804908
2.269703173828125,3.181894006347656,9.521740002441407,0.024114854550456002,0.02717917308449185,-0.01985145485092787
2.1595698974609374,3.1507693847656246,9.265560424804686,-0.06088667695888615,0.018652373685435583,-0.016387442595061263
1.9895815795898437,2.9855694702148434,9.081206896972656,-0.11457886692481858,-0.040901990867348026,-0.0834027566220191
1.9584569580078124,2.779668127441406,9.3086560546875,-0.040768759626737774,0.009326186842717792,-0.14255742745297195
1.7980454467773437,2.4875755249023435,9.445125549316407,-0.0860673814342242,-0.044632465604435144,-0.1269693723015722
1.7741034301757812,2.2768857788085937,9.900023864746093,-0.049428790266404295,-0.04023583466429676,-0.02904441045303541
2.0781670410156248,2.568978381347656,9.847351428222655,0.02571362943777905,-0.049562021507014546,0.01958499236970736
2.013523596191406,2.741360900878906,9.94072529296875,0.016120980113840753,0.04756355289786074,0.01732006127933304
1.8746598999023436,2.8898014038085935,9.816226806640625,-0.011990811654922875,0.0,0.0747427259823526
2.2960393920898436,3.009511486816406,10.115502014160155,-0.0848683002687319,0.01945176112909711,0.07967228188493199
2.1811177124023438,3.1842882080078123,10.151415039062499,-0.05475803989081446,0.021983154700691936,0.05062787143189658
2.360682836914062,3.2513258544921873,10.146626635742187,-0.055690658575086247,0.04276722823589159,-0.013189892820415163
2.042254016113281,3.1268273681640624,10.036493359375,-0.07034609504221419,0.044632465604435144,-0.044232771882604376
1.9632453613281249,2.731784094238281,10.000580334472655,-0.06781470147061937,0.026779479362661087,-0.009459418083328047
2.0350714111328125,2.8012159423828122,9.94072529296875,-0.019052067407266345,0.040768759626737774,0.010125574286379316
2.0757728393554684,2.9759926635742184,9.868899243164062,-0.01692036755750228,0.019052067407266345,0.03077641658096871
2.212242333984375,3.19865341796875,10.000580334472655,-0.07607503838845513,0.015454823910789483,0.017719755001163805
2.176329309082031,3.124433166503906,10.024522351074218,-0.08926493120887029,-0.018385911204215073,0.006928024511733216
2.2457611572265623,3.191470812988281,10.244788903808594,-0.09512710579572148,0.010258805526989571,-0.017186830038722786
2.1930887207031247,3.1268273681640624,10.196904870605469,-0.09432771835205994,0.03077641658096871,-0.01958499236970736
2.221819140625,3.0238766967773434,10.141838232421874,-0.06674885154573734,0.018785604926045835,-0.02571362943777905
2.0877438476562498,2.935291235351562,9.976638317871092,-0.06461715169597326,0.01572128639200999,-0.022915773384963714
2.3630770385742186,2.990357873535156,10.046070166015625,-0.05982082703400412,0.050361408950676076,-0.05595712105630675
2.104503259277344,2.8131869506835936,9.7683427734375,-0.03757120985209167,0.05275957128166065,-0.07314395109502954
2.042254016113281,2.887407202148437,9.811438403320311,-0.006261868308681946,0.02145022973825092,-0.044898928085655654
2.1260510742187497,2.9735984619140625,9.878476049804688,-0.03477335379927634,0.0,-0.04449923436382489
2.109291662597656,2.9089550170898435,9.95987890625,0.01052526800821008,-0.005329249624410167,-0.04756355289786074
2.099714855957031,2.9759926635742184,9.883264453125,-0.015987748873230498,0.0073277182335639785,-0.06381776425231174
2.020706201171875,2.8945898071289062,9.732429748535155,-0.02691271060327134,0.032375191468291764,-0.0369050536490404
2.1116858642578125,2.961627453613281,9.852139831542969,-0.05555742733447598,-0.03970290970185574,-0.02118376725703041
2.04943662109375,2.8371289672851563,9.91438907470703,-0.08273660041896783,0.0063950995492922,-0.004130168458917879
2.094926452636719,2.789244934082031,10.031704956054687,-0.05475803989081446,-0.010392036767599824,0.013189892820415163
2.0733786376953125,2.817975354003906,10.062829577636718,-0.00866003063966652,-0.006794793271122962,-0.0005329249624410166
2.1260510742187497,2.8706477905273435,10.070012182617187,-0.0127901990985844,0.03943644722063524,0.0063950995492922
1.927332336425781,2.8730419921875,10.01733974609375,0.058754977109122086,-0.002797856052815337,0.015588055151399738
2.346317626953125,3.1699229980468746,10.225635290527343,-0.010658499248820334,0.010392036767599824,0.025180704475338038
2.3343466186523436,3.124433166503906,10.524910498046875,0.04369984692016337,0.014788667707738212,0.036105666205378875
2.39420166015625,3.2800562744140622,10.24718310546875,0.07660796335089615,0.06954670759855268,0.02851148549059439
2.4516625,3.6487633300781246,10.089165795898436,0.06967993883916293,0.032375191468291764,-0.017986217482384312
2.442085693359375,3.5314474487304683,10.043675964355469,-0.015188361429568975,0.08060490056920376,-0.057422664703019544
2.138022082519531,3.2728736694335936,9.763554370117188,-0.017453292519943295,0.06967993883916293,-0.05222664631921963
2.1643583007812497,3.265691064453125,9.665392102050781,-0.036771822408430146,0.037837672333312186,-0.0433001531983326
2.0733786376953125,3.1507693847656246,9.449913952636718,-0.05822205214668107,0.011457886692481857,-0.08726646259971647
1.9991583862304687,2.96881005859375,9.622296472167967,-0.09152986229924462,0.03850382853636345,-0.05635681477813751
2.0733786376953125,2.7461493041992187,9.476250170898437,-0.0750091884635731,0.022249617181912446,-0.02598009191899956
2.104503259277344,2.91134921875,9.457096557617186,-0.07607503838845513,0.03703828488965066,-0.06328483928987072
1.9680337646484374,2.789244934082031,9.502586389160156,-0.09765849936731631,0.014255742745297196,-0.01985145485092787
2.0350714111328125,2.8706477905273435,9.847351428222655,-0.07127871372648598,-0.0006661562030512709,-0.0029310872934255917
2.2577321655273437,3.0238766967773434,9.923965881347655,-0.011058192970651094,0.01532159267017923,-0.035972434964768624
1.9512743530273435,2.9855694702148434,9.928754284667969,-0.06741500774878861,0.03477335379927634,0.008926493120887028
2.1212626708984375,3.294421484375,10.184933862304687,-0.08833231252459851,0.006928024511733216,0.032241960227681506
2.4947581298828125,3.42849677734375,10.71884083251953,-0.11284686079688527,-0.012390505376753637,-0.024514548272286763
2.3127988037109373,3.2800562744140622,10.467449658203124,0.004130168458917879,0.03397396635561481,-0.06661562030512709
2.0446482177734375,3.0358477050781247,10.254365710449218,0.08846554376520875,0.02145022973825092,-0.02971056665608668
2.1116858642578125,3.366247534179687,9.868899243164062,0.04316692195772235,0.03916998473941472,0.017719755001163805
2.269703173828125,3.265691064453125,9.969455712890625,-0.03477335379927634,0.028644716731204646,0.014255742745297196
2.3151930053710936,3.229778039550781,9.935936889648437,0.008127105677225504,0.04356661567955311,0.00159877488732305
2.2601263671875,3.3111808959960936,9.689334118652344,-0.018385911204215073,0.05329249624410167,-0.03264165394951227
2.1356278808593747,3.258508459472656,9.658209497070311,-0.08180398173469605,0.03170903526524049,-0.028378254249984136
2.0661960327148434,3.0214824951171875,9.878476049804688,-0.037837672333312186,0.031975497746460996,-0.03956967846124549
2.157175695800781,3.239354846191406,9.727641345214844,-0.04236753451406082,0.03077641658096871,-0.02145022973825092
2.1595698974609374,2.9927520751953125,9.95987890625,-0.058888208349732345,0.001732006127933304,-0.03503981628049684
2.152387292480469,3.0238766967773434,9.962273107910155,-0.020517611053979142,0.049428790266404295,0.0006661562030512709
2.0302830078125,3.2561142578125,9.9215716796875,-0.05222664631921963,0.0127901990985844,-0.01345635530163567
2.27927998046875,3.095702746582031,10.32379755859375,-0.06315160804926047,0.050094946469455566,-0.008926493120887028
2.0063409912109376,2.932897033691406,10.01733974609375,-0.057822358424850305,0.05489127113142472,0.06848085767367064
2.068590234375,3.402160559082031,9.950302099609374,-0.15747932640132042,0.036372128686599385,0.11431240444359807
2.2002713256835937,3.3303345092773435,10.321403356933594,-0.1787963248989611,0.059287902071563106,0.10445329263843926
2.142810485839844,3.394977954101562,10.230423693847655,-0.08087136305042428,0.0479632466196915,0.0750091884635731
2.2840683837890623,3.5146880371093747,10.146626635742187,-0.021583460978861175,0.04716385917602997,0.03290811643073278
2.3726538452148436,3.3446997192382812,9.90241806640625,-0.05822205214668107,0.07740735079455767,-0.029843797896696934
2.1691467041015624,3.047818713378906,9.708487731933593,-0.0750091884635731,0.06594946410207582,-0.06821439519245012
2.166752502441406,3.019088293457031,9.715670336914062,-0.07087902000465522,0.09019754989314206,-0.06421745797414251
2.272097375488281,3.265691064453125,9.737218151855469,-0.10751761117247512,0.13363093433208492,-0.13043338455743883
2.2361843505859373,3.1507693847656246,9.737218151855469,-0.1546814703485051,0.13269831564781315,-0.11524502312786984
1.944091748046875,2.8754361938476563,9.727641345214844,-0.2017120982839248,0.09472741207389071,-0.15801225136376143
1.5777788940429687,2.7246014892578123,10.194510668945313,-0.25513782576863675,0.10178866782623419,-0.10072281790135215
1.5394716674804687,2.6503812377929687,10.59194814453125,-0.3012358350197846,0.09539356827694198,-0.0127901990985844
1.37906015625,2.6671406494140624,10.474632263183594,-0.19092036779449423,0.11071516094712121,0.11617764181214164
1.7118541870117185,3.0262708984374997,10.144232434082031,-0.02571362943777905,0.11058192970651096,0.16707197572525873
1.7980454467773437,3.423708374023437,9.87608184814453,-0.0003996937218307625,0.07434303226052183,0.17146860666539712
2.138022082519531,3.299209887695312,9.79946739501953,0.03144257278401998,0.10671822372881358,0.12230627888021332
2.2481553588867187,3.440467785644531,9.564835632324218,0.0401026034236865,0.09739203688609578,0.02717917308449185
2.291250988769531,3.404554760742187,9.497797985839844,0.071811638688927,0.017719755001163805,-0.08580091895300368
2.0781670410156248,3.2345664428710936,9.172186560058593,-0.03011026037791744,0.02624655440022007,-0.1552143953109461
1.838746875,2.798821740722656,9.119514123535156,-0.15215007677691025,0.029843797896696934,-0.1573460951607102
1.7741034301757812,2.446874096679687,9.248801013183593,-0.18345941832031998,0.10405359891660851,-0.11417917320298782
1.5921441040039062,2.626439221191406,9.227253198242186,-0.21223736629213488,0.11977488530861849,-0.08193721297530632
1.6711527587890624,2.636016027832031,10.067617980957031,-0.2836493112592311,0.10858346109735714,-0.02624655440022007
1.4796166259765624,2.7844565307617186,10.690110412597656,-0.28031853024397474,0.144156202340295,-0.008127105677225504
1.66636435546875,2.729389892578125,11.022904443359375,-0.2255604903531603,0.2412817767451703,-0.06648238906451683
1.707065783691406,2.710236279296875,11.006145031738281,-0.12217304763960307,0.12310566632387485,-0.10845022985674689
1.8411410766601561,2.4516625,10.862492932128905,-0.0009326186842717792,0.2019785607651453,-0.10005666169830088
1.7381904052734374,2.7748797241210936,10.297461340332031,0.055690658575086247,0.14349004613724373,-0.05275957128166065
1.7788918334960937,2.863465185546875,10.151415039062499,-0.011457886692481857,0.0654165391396348,-0.0401026034236865
1.6424223388671875,2.7724855224609373,9.890447058105469,0.0006661562030512709,-0.045565084288706925,-0.0039969372183076245
1.8435352783203125,2.731784094238281,9.952696301269532,-0.06794793271122962,-0.013589586542245924,0.001732006127933304
1.6807295654296874,2.6312276245117188,9.85692823486328,-0.04210107203284032,0.03424042883683532,0.0031975497746461
1.6400281372070311,2.8012159423828122,9.871293444824218,-0.057822358424850305,0.048895865303963275,-0.0029310872934255917
1.5634136840820312,2.8754361938476563,9.967061511230469,-0.08566768771239343,0.026646248122050836,0.0019984686091538122
1.6041151123046875,2.834734765625,10.108319409179687,-0.09605972447999325,0.044099540641994124,0.031042879062189218
1.668758557128906,3.086125939941406,10.098742602539062,-0.023581929588014985,-0.0003996937218307625,-0.009326186842717792
1.6424223388671875,3.0502129150390624,10.206481677246094,-0.05262634004105039,0.022516079663132953,-0.045032159326265905
1.5777788940429687,2.8467057739257813,10.110713610839843,-0.0057289433462409285,0.00479632466196915,-0.041967840792230066
1.5921441040039062,3.0166940917968748,10.13226142578125,-0.04809647786030175,0.013856049023466432,-0.07074578876404496
1.656787548828125,2.7054478759765623,10.031704956054687,-0.09432771835205994,0.04383307816077362,-0.07221133241075775
1.5107412475585937,2.6671406494140624,10.108319409179687,-0.11497856064664934,0.04716385917602997,-0.020650842294589397
1.5682020874023437,2.6886884643554687,10.192116467285155,-0.06115313944010666,0.028644716731204646,0.022516079663132953
1.5394716674804687,2.916137622070312,10.120290417480469,-0.02464777951289702,0.050894333913117096,0.049029096544573526
1.7310078002929687,3.294421484375,10.165780249023436,-0.05169372135677862,0.013856049023466432,-0.041301684589178794
1.6065093139648436,2.9089550170898435,10.206481677246094,-0.0430336907171121,0.036771822408430146,-0.07833996947882944
1.5825672973632812,2.901772412109375,10.105925207519531,-0.07420980101991156,0.025180704475338038,-0.062218989364988694
1.6519991455078125,2.750937707519531,10.220846887207031,-0.1025880552698957,0.006661562030512709,-0.0814042880128653
1.6424223388671875,2.4875755249023435,10.340556970214843,-0.06901378263611166,0.04716385917602997,-0.04636447173236845
1.5873557006835937,2.712630480957031,10.117896215820313,-0.036771822408430146,0.02371516082862524,-0.01572128639200999
1.6903063720703124,2.767697119140625,10.072406384277343,-0.06928024511733216,0.02584686067838931,-0.05209341507860938
1.697488977050781,2.5641899780273434,9.823409411621093,-0.010258805526989571,0.03943644722063524,-0.04543185304809667
1.5442600708007812,2.8012159423828122,9.629479077148437,-0.061686064402547675,0.05475803989081446,-0.041301684589178794
1.5634136840820312,2.612074011230469,9.686939916992188,-0.07167840744831674,-0.005329249624410167,-0.04543185304809667
1.70467158203125,2.8107927490234372,9.957484704589843,-0.06341807053048099,0.015454823910789483,-0.071811638688927
1.7764976318359373,2.825157958984375,10.146626635742187,-0.06794793271122962,0.0006661562030512709,-0.07540888218540386
1.6160861206054686,2.6575638427734374,10.151415039062499,-0.02424808579106626,0.00159877488732305,-0.09685911192365478
1.6208745239257811,2.6479870361328124,10.326191760253906,-0.06181929564315793,0.010258805526989571,-0.07087902000465522
1.5322890624999999,2.4899697265625,10.467449658203124,-0.03397396635561481,0.01958499236970736,-0.02851148549059439
1.5562310791015623,2.583343591308594,10.31661495361328,-0.01572128639200999,0.039969372183076245,0.011191424211261349
1.4963760375976562,2.492363928222656,10.1131078125,-0.05222664631921963,0.027578866806322613,0.027978560528153375
1.695094775390625,2.6312276245117188,10.216058483886718,-0.09659264944243427,0.02424808579106626,0.05182695259738887
1.6543933471679686,2.789244934082031,10.407594616699217,-0.10018989293891113,0.026779479362661087,0.037171516130260915
1.6041151123046875,2.750937707519531,10.374075793457031,-0.05475803989081446,0.07247779489197827,0.037304747370871166
1.4317325927734375,3.1579519897460937,10.153809240722655,-0.02717917308449185,0.05915467083095285,0.06768147023000912
1.6256629272460936,3.421314172363281,10.20169327392578,-0.04783001537908124,0.027312404325102103,0.048895865303963275
1.618480322265625,3.4739866088867184,10.244788903808594,-0.06594946410207582,0.019984686091538122,-0.024514548272286763
1.5777788940429687,3.3159692993164063,10.199299072265624,-0.037171516130260915,-0.02371516082862524,-0.07460949474174233
1.5849614990234373,3.0238766967773434,9.861716638183593,0.02531393571594829,0.031975497746460996,-0.09859111805158809
1.5586252807617187,2.932897033691406,9.801861596679688,-0.004663093421358896,0.006661562030512709,-0.12603675361730043
1.5825672973632812,2.5641899780273434,9.550470422363281,0.007860643196004996,-0.012523736617363892,-0.11258039831566477
1.4724340209960938,2.3439234252929686,9.507374792480467,0.07540888218540386,0.015987748873230498,-0.058754977109122086
1.3120225097656248,2.602497204589844,9.41639512939453,0.09059724361497283,-0.0026646248122050836,-0.01705359879811253
1.6017209106445311,2.987963671875,9.533711010742186,-0.07354364481686029,0.009192955602107537,-0.035173047521107094
2.118868469238281,2.7629087158203123,10.333374365234375,-0.1537488516642333,-0.032508422708902016,-0.1340306280539157
1.7645266235351562,2.887407202148437,10.86009873046875,-0.1584119450855922,-0.008127105677225504,-0.11298009203749554
1.687912170410156,2.5378537597656248,11.008539233398437,-0.15881163880742297,0.0656830016208553,-0.11657733553397238
1.438915197753906,2.023100402832031,10.541669909667968,0.0383705972957532,0.0767411945915064,-0.03437366007744557
1.4939818359375,2.5665841796874997,10.09395419921875,0.07074578876404496,0.03490658503988659,0.022382848422522698
1.618480322265625,2.8514941772460936,9.993397729492187,0.036638591167819895,0.03557274124293786,0.009992343045769061
1.7118541870117185,2.9855694702148434,9.770736975097655,0.08646707515605495,0.03290811643073278,-0.02744563556571236
1.5394716674804687,3.086125939941406,9.68454571533203,0.0058621745868511835,-0.013589586542245924,-0.016653905076281773
1.6424223388671875,3.009511486816406,9.861716638183593,-0.058488514627901576,0.05662327725935802,-0.04769678413847099
1.5203180541992187,2.9975404785156248,10.067617980957031,-0.06421745797414251,0.0369050536490404,-0.02691271060327134
1.6208745239257811,2.93050283203125,10.002974536132811,-0.07607503838845513,0.05169372135677862,-0.017852986241774057
1.66636435546875,2.7748797241210936,9.919177478027343,-0.02145022973825092,0.024914241994117528,0.018119448722994567
1.7908628417968748,3.0502129150390624,9.835380419921874,-0.032508422708902016,0.0287779479718149,0.05382542120654268
1.8076222534179687,3.181894006347656,9.907206469726562,-0.11764318545885442,-0.049029096544573526,0.033041347671343035
2.104503259277344,3.3327287109375,10.204087475585936,-0.23062327749634998,-0.010258805526989571,0.07167840744831674
1.9967641845703124,3.5984850952148437,10.366893188476562,-0.5659663101123596,0.04543185304809667,0.02584686067838931
1.649604943847656,2.5737667846679684,10.943895788574219,-0.29710566656086673,0.014522205226517705,-0.08899846872764978
1.4628572143554686,2.2601263671875,10.874463940429687,0.21570137854800148,0.001732006127933304,-0.09539356827694198
1.2641384765625,2.5234885498046875,10.101136804199218,0.10511944884149053,0.022516079663132953,-0.05395865244715294
1.3024457031249999,2.195482922363281,10.141838232421874,0.080205206847373,0.008793261880276773,0.020517611053979142
1.407790576171875,2.360682836914062,10.091559997558592,0.11870903538373646,0.048895865303963275,0.08446860654690114
1.5753846923828123,2.770091320800781,9.93354268798828,0.07087902000465522,0.057156202221799034,0.08260336917835759
1.656787548828125,2.844311572265625,9.713276135253906,0.007860643196004996,0.053159265003491406,0.0514272588755581
1.62805712890625,2.839523168945312,9.871293444824218,0.0073277182335639785,0.03477335379927634,0.05196018383799912
1.7334020019531249,2.786850732421875,10.091559997558592,0.03797090357392244,0.07087902000465522,0.05529096485325548
1.5634136840820312,3.0693665283203124,9.811438403320311,0.0816707504940858,0.02531393571594829,0.040768759626737774
1.7717092285156248,3.447650390625,10.026916552734374,-0.029310872934255914,0.03264165394951227,0.03810413481453269
1.7764976318359373,3.23696064453125,10.110713610839843,-0.041434915829789046,0.021716692219471426,-0.005062787143189658
1.8076222534179687,3.268085266113281,10.1131078125,-0.029310872934255914,0.030909647821578966,-0.018119448722994567
1.6472107421875,2.916137622070312,9.86411083984375,0.004396630940138387,0.05169372135677862,-0.020650842294589397
1.6136919189453125,3.0909143432617188,9.588777648925781,0.005595712105630674,0.009326186842717792,-0.024514548272286763
1.6065093139648436,3.0693665283203124,9.605537060546874,-0.11564471684970061,-0.005062787143189658,-0.041301684589178794
1.6328455322265625,2.89219560546875,10.067617980957031,-0.0834027566220191,-0.001732006127933304,-0.05462480865020421
1.5083470458984374,2.7964275390625,9.967061511230469,-0.07327718233563979,0.04569831552931718,-0.03077641658096871
1.4700398193359374,2.8131869506835936,9.732429748535155,-0.07327718233563979,0.002797856052815337,0.007860643196004996
1.5729904907226562,2.91134921875,10.005368737792969,-0.08353598786262936,-0.017453292519943295,0.026113323159609816
1.70467158203125,3.1579519897460937,10.192116467285155,-0.06421745797414251,-0.03943644722063524,0.02571362943777905
1.7836802368164062,3.0597897216796874,10.419565624999999,-0.10378713643538799,0.03543951000232761,-0.013056661579804908
1.6448165405273436,2.789244934082031,10.50815108642578,0.022516079663132953,0.02464777951289702,-0.011058192970651094
1.6328455322265625,3.038241906738281,10.043675964355469,-0.005595712105630674,0.03037672285913795,0.031975497746460996
1.9393033447265624,3.134009973144531,10.254365710449218,-0.0305099540997482,0.0287779479718149,0.004529862180748642
1.7669208251953124,3.1268273681640624,10.153809240722655,-0.07314395109502954,0.0074609494741742334,0.011990811654922875
1.8914193115234375,2.9448680419921875,10.146626635742187,-0.0607534457182759,0.05235987755982989,0.02371516082862524
1.7262193969726563,2.96881005859375,9.813832604980469,-0.041168453348568536,0.053558958725322174,-0.013856049023466432
1.5753846923828123,2.829946362304687,9.890447058105469,-0.11258039831566477,0.05222664631921963,-0.00013323124061025415
1.5370774658203123,2.9041666137695312,9.897629663085937,-0.06421745797414251,0.04369984692016337,0.0002664624812205083
1.5729904907226562,3.0047230834960934,10.046070166015625,-0.07407656977930133,-0.0037304747370871167,0.033307810152563545
1.7956512451171873,3.1268273681640624,10.273519323730468,-0.027312404325102103,0.023315467106794475,-0.014122511504686942
1.6041151123046875,3.248931652832031,10.381258398437499,0.01705359879811253,0.02598009191899956,-0.013323124061025418
1.7166425903320313,3.1962592163085937,10.268730920410155,-0.029843797896696934,0.04449923436382489,-0.02131699849764067
1.6424223388671875,2.9927520751953125,10.062829577636718,0.004929555902579405,0.037304747370871166,-0.01732006127933304
1.8004396484374998,3.1507693847656246,10.160991845703125,-0.05235987755982989,0.05728943346240929,-0.002398162330984575
1.7334020019531249,3.0262708984374997,10.101136804199218,-0.05529096485325548,0.04290045947650184,0.026379785640830326
1.8746598999023436,3.086125939941406,10.175357055664062,-0.026646248122050836,0.04862940282274277,0.006928024511733216
1.6927005737304686,3.0980969482421874,9.976638317871092,0.006528330789902454,0.0415681470703993,-0.006928024511733216
1.6448165405273436,3.086125939941406,9.782707983398437,-0.03877029101758396,0.04250076575467108,0.0011990811654922875
1.5466542724609373,3.057395520019531,9.777919580078125,-0.030909647821578966,0.014921898948348467,-0.018652373685435583
1.6160861206054686,2.999934680175781,9.911994873046874,-0.017186830038722786,0.027712098046932865,-0.039969372183076245
1.5490484741210937,2.868253588867187,9.739612353515625,0.037171516130260915,0.004130168458917879,0.0002664624812205083
1.6424223388671875,2.8730419921875,9.813832604980469,0.15428177662667433,-0.04596477801053769,0.0031975497746461
1.8028338500976562,3.114856359863281,9.753977563476562,0.2668621749423391,-0.11258039831566477,-0.01971822361031762
1.7980454467773437,3.1364041748046874,9.93354268798828,0.45218683063120263,-0.15974425749169474,-0.0305099540997482
1.9752163696289062,3.5506010620117183,9.974244116210937,0.4949540588670942,-0.14682082715250008,-0.05462480865020421
1.7477672119140624,3.2800562744140622,9.727641345214844,0.42247626397511595,-0.11711026049641342,-0.04596477801053769
1.8267758666992187,3.5865140869140624,9.811438403320311,0.423009188937557,-0.09765849936731631,-0.016787136316892024
1.8650830932617186,3.9911341674804683,9.660603698730467,0.20237825448697608,-0.0073277182335639785,-0.0287779479718149
1.7932570434570312,3.909731311035156,9.457096557617186,-0.07327718233563979,0.03037672285913795,-0.033041347671343035
1.8004396484374998,3.5984850952148437,9.880870251464843,-0.07993874436615249,0.006661562030512709,0.002531393571594829
2.0087351928710935,3.6727053466796873,9.852139831542969,0.004130168458917879,0.028644716731204646,-0.013056661579804908
1.8315642700195311,3.6846763549804686,9.648632690429688,-0.012523736617363892,0.006261868308681946,-0.015588055151399738
1.867477294921875,3.718195178222656,9.555258825683593,-0.023182235866184224,0.006128637068071691,0.014122511504686942
1.936909143066406,3.921702319335937,9.746794958496093,-0.04876263406335302,-0.007727411955394742,-0.02571362943777905
1.8842367065429686,3.4644098022460934,9.694122521972655,-0.04543185304809667,0.036238897445989134,-0.007061255752343471
1.7094599853515624,3.5290532470703124,9.41639512939453,-0.025447166956558548,0.01532159267017923,0.041035222107958284
1.7549498168945312,3.7229835815429686,9.507374792480467,-0.07727411955394742,-0.012656967857974145,0.055690658575086247
1.8698714965820311,3.6750995483398436,9.655815295410155,-0.07274425737319877,-0.004396630940138387,0.06901378263611166
1.956062756347656,3.919308117675781,9.715670336914062,-0.07580857590723461,-0.017719755001163805,0.06928024511733216
1.8507178833007811,3.9504327392578125,9.995791931152343,-0.10312098023233673,-0.03370750387439431,0.05942113331217336
2.099714855957031,4.012681982421875,10.177751257324218,-0.07660796335089615,0.03583920372415837,0.04716385917602997
2.0566192260742184,4.000710974121094,10.141838232421874,-0.016653905076281773,0.04063552838612752,0.012390505376753637
2.2002713256835937,4.084508032226562,10.081983190917969,-0.0514272588755581,0.0752756509447936,0.0030643185340358454
2.094926452636719,3.909731311035156,9.710881933593749,-0.027712098046932865,0.07354364481686029,-0.0095926493239383
2.051830822753906,4.048595007324218,9.56962403564453,-0.06794793271122962,0.0607534457182759,-0.0029310872934255917
1.9656395629882812,3.7612908081054686,9.586383447265625,-0.06581623286146555,0.04569831552931718,-0.01732006127933304
2.085349645996094,3.825934252929687,9.634267480468749,-0.041834609551619814,0.044632465604435144,-0.041035222107958284
1.867477294921875,3.77326181640625,9.423577734375,-0.06181929564315793,0.040768759626737774,-0.03890352225819422
1.9129671264648436,3.7421371948242186,9.524134204101562,-0.0747427259823526,0.018918836166656093,-0.03170903526524049
1.9488801513671874,3.574543078613281,9.504980590820312,-0.07420980101991156,0.04316692195772235,-0.028644716731204646
1.838746875,3.7421371948242186,9.521740002441407,-0.05622358353752725,0.01945176112909711,-0.031842266505850744
1.8698714965820311,3.6535517333984373,9.60793126220703,-0.054225114928373445,-0.010258805526989571,-0.018785604926045835
2.051830822753906,3.6655227416992187,9.603142858886718,-0.03890352225819422,0.012923430339194655,-0.028111791768763626
1.946485949707031,3.6679169433593746,9.5001921875,-0.05022817771006582,-0.0075941807147844875,-0.028644716731204646
1.9201497314453124,3.6200329101562496,9.617508068847656,-0.08087136305042428,-0.014788667707738212,-0.04036906590490701
1.7645266235351562,3.478775012207031,9.617508068847656,-0.02571362943777905,-0.013589586542245924,-0.015854517632620246
1.8507178833007811,3.6822821533203123,9.588777648925781,-0.045165390566876164,-0.0018652373685435584,-0.013189892820415163
1.879448303222656,3.6942531616210936,9.861716638183593,-0.10605206752576231,-0.031575804024630234,0.05862174586851183
2.0087351928710935,3.7517140014648436,9.986215124511718,-0.0415681470703993,0.005462480865020421,0.04689739669480947
1.9656395629882812,4.012681982421875,9.907206469726562,-0.0610199081994964,-0.0010658499248820332,0.04743032165725048
2.152387292480469,4.000710974121094,9.986215124511718,-0.04716385917602997,0.021716692219471426,-0.009059724361497283
2.205059729003906,3.909731311035156,10.072406384277343,-0.05662327725935802,0.04916232778518379,-0.009725880564548555
2.3511060302734372,4.010287780761718,10.405200415039062,0.0334410413931738,0.14255742745297195,-0.0831362941407986
2.04943662109375,4.115632653808594,10.177751257324218,0.20211179200575555,0.1494854519647052,-0.17066921922173559
1.7381904052734374,3.84987626953125,8.226476904296874,0.07034609504221419,0.1938514550879198,-0.10991577350345969
1.66636435546875,3.4261025756835934,9.373299499511718,0.455517611646459,-0.18519142444825326,-0.15015160816775644
2.3032219970703123,5.475539196777343,9.356540087890625,0.9625957134090863,-0.4699065856323664,-1.036272589466557
2.6575638427734374,5.238513232421875,9.042899670410156,0.5506447174421805,-0.09006431865253181,-1.18469219150638
1.2497732666015624,3.660734338378906,8.920795385742187,-0.08193721297530632,-0.3298805517509893,-0.7614165400876025
1.6615759521484375,4.007893579101562,9.291896643066405,0.29270903562072836,-0.191852986478766,-0.3682511490467425
2.5546131713867184,5.257666845703125,9.72285294189453,0.5867503836475593,-0.1552143953109461,-0.8428208281004679
1.4101847778320311,4.774038110351563,9.756371765136718,0.48749310939292,0.2113047476078631,-0.40195865292113686
2.6599580444335937,3.8762124877929685,9.892841259765625,0.30736447208785633,0.016520673835671518,0.03850382853636345
0.7230489013671875,5.475539196777343,8.750807067871094,0.3940980097251318,0.11804287918068519,-0.2627320064834212
1.2713210815429687,5.530605834960937,8.89924757080078,-0.18572434941069432,0.02398162330984575,-0.016387442595061263
1.0031704956054688,5.054159704589844,8.796296899414061,-0.3172235838930152,0.09566003075816248,0.09845788681097782
1.4101847778320311,4.903325,8.987833032226561,-0.13323124061025418,-0.07847320071943971,0.033041347671343035
1.6903063720703124,5.1523219726562495,9.10993731689453,-0.08939816244948055,-0.10525268008210079,-0.007194486992953725
1.5035586425781249,5.154716174316406,8.844180932617187,-0.0868667688778857,-0.223295559262786,-0.06301837680865022
1.3335703247070312,5.070919116210937,8.808267907714843,-0.1023215927886752,-0.12217304763960307,-0.018652373685435583
1.8602946899414061,5.372588525390625,9.028534460449219,-0.08899846872764978,-0.22449464042827827,-0.17040275674051508
1.9776105712890624,4.797980126953124,9.066841687011719,-0.30336753486954876,-0.037304747370871166,-0.13323124061025418
1.1037269653320312,4.055777612304687,8.722076647949219,-0.09219601850229589,-0.046231240491758196,-0.08846554376520875
1.4149731811523436,4.781220715332031,9.193734375,0.025447166956558548,0.07314395109502954,-0.0464977029729787
1.8531120849609375,4.754884497070313,9.275137231445312,0.12923430339194653,0.06035375199644513,-0.06488361417719378
1.5227122558593749,4.910507604980468,9.050082275390624,0.17400000023699194,0.16547320083793565,-0.048895865303963275
1.4173673828125,4.862623571777344,8.738836059570312,0.07287748861380902,0.22755895896231412,-0.07354364481686029
1.3048399047851562,4.853046765136718,8.520963708496094,0.295640122914154,0.15414854538606407,-0.10178866782623419
1.5322890624999999,5.4707507934570305,8.47786807861328,0.1505513018895872,0.24074885178272928,-0.07634150086967564
1.180341418457031,6.009446166992187,8.319850769042969,-0.11111485466895196,0.40435681525212136,-0.02598009191899956
0.6009446166992187,6.811503723144531,8.571241943359375,-0.5623690666158828,0.4196784079223006,0.057422664703019544
0.948103857421875,6.900089184570312,9.449913952636718,-0.6721516088787323,0.06008728951522463,-0.0255803981971688
1.7549498168945312,6.277596752929687,10.996568225097656,-0.848683002687319,0.03370750387439431,-0.2270260339998731
0.5506663818359374,4.209006518554688,10.407594616699217,-0.06435068921475276,-0.1903874428320532,-0.18585758065130456
0.8451531860351562,3.7134067749023436,9.890447058105469,0.640575804854102,-0.24208116418883183,-0.05022817771006582
2.138022082519531,5.228936425781249,9.528922607421874,0.25527105700924696,-0.2430137828731036,0.02438131703167651
1.9201497314453124,5.513846423339843,9.255983618164063,0.004529862180748642,-0.4873598781523097,-0.19878101099049922
0.9528922607421875,4.709394665527343,8.358157995605469,0.0848683002687319,-0.004529862180748642,-0.17959571234262262
1.139639990234375,4.678270043945313,8.683769421386717,0.4258070449903723,0.6329816241393176,-0.22769219020292436
2.1068974609374997,6.6510922119140625,9.414000927734374,0.12310566632387485,0.37358039867115267,-0.4568499240525616
1.0941501586914062,4.924872814941406,7.884106066894531,-0.5806217465794877,0.3456018381429993,-0.4564502303307308
-0.5865794067382812,5.054159704589844,9.449913952636718,-0.22729249648109362,-0.5247978567637911,-0.18559111817008403
1.3335703247070312,4.666299035644531,9.801861596679688,-0.536255743456273,0.06634915782390657,0.08553445647178318
0.967257470703125,4.805162731933594,9.880870251464843,-0.35972434964768624,0.18692343057618657,0.0479632466196915
0.8188169677734375,4.513070129394531,10.153809240722655,0.14575497722761804,0.47177182300091003,-0.08713323135910622
-0.09576806640624999,4.168305090332031,9.390058911132812,0.7075911188810599,0.3068315471254154,0.0021316998497640663
0.9241618408203125,6.191405493164062,10.175357055664062,0.5287947939820988,0.36385451810660413,-0.0860673814342242
-1.0486603271484374,5.142745166015625,8.046911779785155,-0.015588055151399738,0.34546860690238906,-0.0006661562030512709
-1.1324573852539062,5.202600207519531,7.728482958984374,-0.5876830023318311,-0.014522205226517705,0.38703675397278836
-0.105344873046875,4.096479040527344,8.078036401367187,-0.6369785613576252,0.1023215927886752,0.4182128642755878
1.0630255371093749,5.518634826660156,10.280701928710936,-0.35439510002327607,0.3309464016758713,0.22023124072875014
0.622492431640625,5.329492895507812,9.698910925292969,-0.07261102613258852,0.32002143994583054,0.0039969372183076245
0.181959326171875,5.135562561035156,9.050082275390624,0.29950382889185134,0.2575359880996213,-0.09259571222412663
0.48123453369140623,5.889736083984375,9.143456140136719,0.33001378299159956,0.062218989364988694,-0.056090352296917
0.2154781494140625,5.928043310546875,8.166621862792969,-0.21610107226983225,0.07101225124526546,-0.07314395109502954
0.15562310791015624,4.967968444824218,8.192958081054687,-0.44339356875092584,-0.15414854538606407,0.06448392045536301
0.55545478515625,4.2521021484374995,8.547299926757812,-0.3385405823906558,0.036105666205378875,0.13309800936964392
0.967257470703125,4.781220715332031,9.145850341796875,-0.18758958677923787,0.18146094971116616,0.00985911180515881
0.7015010864257812,4.9416322265625,8.872911352539061,-0.031176110302799476,0.04703062793541972,-0.19718223610317617
0.32561142578124996,4.7764323120117185,9.066841687011719,0.02584686067838931,0.07127871372648598,-0.2795191428003132
0.3591302490234375,5.063736511230468,9.5384994140625,0.03743797861148142,-0.027578866806322613,-0.3390735073530969
0.354341845703125,5.394136340332031,9.222464794921875,-0.3007029100573437,-0.014122511504686942,-0.29417457926744117
-0.0909796630859375,4.285620971679688,9.121908325195312,-0.5273292503353859,-0.08899846872764978,-0.09219601850229589
0.26815058593749996,4.285620971679688,9.418789331054686,-0.42460796382488003,-0.0401026034236865,-0.041434915829789046
0.2442085693359375,4.201823913574218,10.070012182617187,-0.17160183790600736,0.03424042883683532,-0.031842266505850744
0.6272808349609375,4.491522314453125,9.9215716796875,0.049828483988235056,0.01052526800821008,-0.03823736605514295
0.5913678100585937,4.587290380859375,9.82580361328125,0.09872434929219834,0.19331853012547878,-0.15334915794240253
-0.2609679809570312,4.393360046386719,9.737218151855469,0.2034441044118581,0.2388836144141857,-0.19251914268181727
-0.3591302490234375,4.544194750976562,9.706093530273437,0.2435467078355446,0.09752526812670605,-0.07794027575699868
-0.7062894897460937,4.604049792480469,9.026140258789061,-0.032508422708902016,-0.05649004601874777,0.08326952538140886
0.239420166015625,4.802768530273437,9.133879333496093,-0.2290245026090269,0.027045941843881597,-0.12310566632387485
-0.14604630126953125,4.568136767578125,9.813832604980469,0.054225114928373445,-0.10685145496942385,-0.07594180714784488
0.29927520751953124,5.05655390625,9.435548742675781,0.03503981628049684,0.10525268008210079,-0.0433001531983326
0.2059013427734375,5.121197351074218,9.141061938476563,0.04170137831100955,0.09845788681097782,-0.04276722823589159
0.24899697265624998,5.269637854003906,9.234435803222656,-0.027312404325102103,0.15414854538606407,-0.11937519158678774
-0.1580173095703125,5.068524914550781,9.220070593261719,0.14522205226517704,0.20717457914894524,-0.17679785628980726
-0.18435352783203124,5.425260961914062,9.512163195800781,0.09992343045769063,0.13562940294123874,-0.10511944884149053
-0.3447650390625,5.0182466796875,9.294290844726563,-0.011058192970651094,0.12750229726401321,-0.03903675349880447
-0.3495534423828125,5.267243652343749,9.33978067626953,-0.09192955602107537,-0.04036906590490701,0.02624655440022007
0.00239420166015625,5.178658190917968,9.275137231445312,-0.3730474737087116,-0.07234456365136802,0.10045635542013163
-0.411802685546875,5.080495922851562,10.321403356933594,-0.08286983165957809,-0.32281929599864584,-0.029843797896696934
0.19153613281249998,4.687846850585937,9.624690673828125,-0.12497090369241841,0.15561408903277688,0.03290811643073278
0.11252747802734374,4.867411975097656,9.272743029785156,0.062485451846209204,0.1316324657229311,-0.009326186842717792
0.2825157958984375,4.709394665527343,9.6151138671875,0.19864777974988895,0.20677488542711447,-0.20237825448697608
-0.5099649536132812,4.496310717773437,8.884882360839843,0.45192036814998215,0.13043338455743883,-0.13363093433208492
-0.19153613281249998,5.734112976074218,9.409212524414063,0.2592679942275546,0.18172741219238667,-0.08833231252459851
-0.8355763793945312,5.070919116210937,8.267178332519531,-0.18572434941069432,0.08700000011849597,0.0334410413931738
-0.354341845703125,4.431667272949219,8.29351455078125,-0.32628330825451246,-0.01438897398590745,-0.057689127184240054
-0.373495458984375,4.833893151855468,9.349357482910156,0.04849617158213252,-0.08273660041896783,-0.1697366005374638
0.07900865478515624,5.209782812499999,9.255983618164063,-0.005462480865020421,0.2591347629869444,-0.11790964794007493
-0.016759411621093748,5.312733483886719,9.409212524414063,-0.012923430339194655,0.3497320066019172,-0.1424241962123617
0.009576806640625,5.403713146972656,9.4618849609375,0.18679019933557633,0.45325268055608464,-0.13962634015954636
-0.7422025146484375,5.717353564453124,9.129090930175781,0.17679785628980726,0.4736370603694536,-0.08393568158446013
-1.0869675537109373,5.6574985229492185,8.686163623046875,0.07727411955394742,0.3442695257368968,-0.015454823910789483
-0.9313444458007812,5.674257934570313,8.825027319335938,0.17773047497407904,0.2543384383249752,-0.02624655440022007
-1.3742717529296875,5.499481213378906,8.36294639892578,0.231689127421232,0.061686064402547675,-0.0558238898156965
-1.1611878051757811,5.6311623046875,8.176198669433592,0.013989280264076687,-0.01851914244482533,-0.08406891282507037
-0.737414111328125,5.195417602539062,8.777143286132812,-0.07447626350113207,0.061686064402547675,-0.057156202221799034
-0.584185205078125,5.123591552734375,9.253589416503905,-0.045565084288706925,0.16760490068769973,-0.08926493120887029
-0.7541735229492187,5.121197351074218,9.121908325195312,-0.07301071985441929,0.27019295595759546,-0.06914701387672191
-0.8834604125976562,5.046977099609375,9.296685046386719,-0.0433001531983326,0.2965727415984258,-0.08806585004337801
-1.5969325073242187,4.742913488769531,11.25514200439453,0.07114548248587572,0.1269693723015722,-0.07127871372648598
-1.4149731811523436,5.190629199218749,10.66856259765625,0.2616661565585392,0.40102603423686506,0.0
-1.7764976318359373,5.219359619140625,8.535328918457031,0.057689127184240054,0.399960184311983,0.08087136305042428
-1.2593500732421874,6.040570788574218,9.181763366699219,0.2199647782475296,0.09832465557036758,0.021983154700691936
-1.2210428466796874,6.306327172851562,8.808267907714843,0.11937519158678774,-0.0003996937218307625,0.07567534466662437
-0.8786720092773437,6.150704064941406,8.793902697753905,0.26139969407731867,-0.028245023009373885,0.2363522208425909
-0.9792284790039062,6.4643444824218745,7.6087728759765625,0.13909341519710536,0.03930321598002497,0.3165574276899639
-0.737414111328125,6.605602380371093,7.800309008789062,0.22409494670644753,0.06648238906451683,0.38144104186715766
-0.5482721801757812,6.490680700683593,8.128314636230469,-0.03130934154340973,0.1961163861782941,0.4616462487145307
-0.23702596435546874,5.916072302246094,8.010998754882811,0.062485451846209204,0.24487902024164715,0.6196585000782922
-0.2920926025390625,5.102043737792968,7.958326318359375,0.39756202198099844,0.6431071984256967,0.3730474737087116
-0.3687070556640625,5.125985754394531,7.742848168945312,0.8803920379525595,0.9175635540828204,-0.25940122546816485
-0.8882488159179687,5.327098693847656,6.943184814453125,0.5542419609386573,0.866535988929093,-0.3743797861148142
-1.6400281372070311,5.011064074707031,6.1842228881835934,-0.007194486992953725,0.5892817772191542,-0.5060122518377453
-8.518569506835936,10.69968721923828,12.299013928222655,-1.3726814720074485,-0.39023430374743445,-0.4260735074715928
0.5267243652343749,3.900154504394531,13.95580147705078,-0.42460796382488003,-0.14428943358090526,-0.5477136301487548
-1.6400281372070311,3.986345764160156,7.917624890136718,-0.16414088843183314,1.1096830030428069,-0.6616263408705222
-3.2704794677734372,4.599261389160156,5.870582470703124,-0.10418683015721876,0.15747932640132042,-0.04316692195772235
-2.5665841796874997,5.444414575195312,7.678204724121093,-0.022516079663132953,-0.5054793268753043,0.5659663101123596
-0.5434837768554687,6.58884296875,9.727641345214844,-0.027312404325102103,0.08913169996826004,0.41741347683192626
-1.6065093139648436,5.492298608398437,8.90643017578125,0.1786630936583508,0.4818973972872893,0.07087902000465522
-3.201047619628906,4.819527941894531,7.503428002929687,0.22982389005268844,0.3613231245350093,0.20610872922406318
-2.77727392578125,4.587290380859375,8.655039001464843,0.44992189954082834,-0.25473813204680595,0.6845421142554858
-1.5825672973632812,5.585672473144531,8.801085302734375,0.8473506902812165,-0.2115712100890836,0.7540888218540386
-0.5386953735351562,6.311115576171875,8.508992700195313,1.0675819310099666,-0.13176569696354137,-0.1793292498614021
-1.3838485595703125,7.802703210449218,6.789955908203124,0.6209908124843947,-0.5615696791722213,0.11924196034617748
-1.3910311645507811,8.386888415527343,6.133944653320312,0.3293476267885483,-1.3869372147527457,-0.47790046006898174
-0.11731588134765625,9.382876306152344,7.204152795410156,-0.11298009203749554,-0.8851883626145286,-0.44445941867580785
-1.3000515014648437,6.988674645996094,7.472303381347656,-0.7790030638481561,-0.32761562066061495,-0.11324655451871604
-1.1659762084960936,6.244077929687499,8.109161022949218,-0.8425543656192473,-0.18212710591421744,0.020251148572758632
-1.1540052001953125,5.853823059082031,8.59278975830078,-0.6451056670348507,-0.2302235837745192,0.04223430327345057
-0.6536170532226562,5.667075329589843,8.997409838867187,-0.44685758100679246,0.036105666205378875,0.0095926493239383
-1.0295067138671874,5.609614489746093,8.506598498535157,-0.2586018380245033,0.08380245034384987,0.05209341507860938
-0.852335791015625,6.136338854980468,8.643067993164061,-0.009192955602107537,0.15921133252925374,-0.0075941807147844875
-0.7996633544921875,6.208164904785156,8.621520178222656,-0.02904441045303541,0.09139663105863435,-0.07061255752343472
-1.158793603515625,5.928043310546875,8.427589843749999,0.009326186842717792,0.02438131703167651,-0.057822358424850305
-1.4173673828125,6.078878015136718,8.425195642089843,-0.1308330782792696,-0.1494854519647052,-0.0019984686091538122
-1.0223241088867188,6.114791040039062,8.080430603027343,-0.3309464016758713,-0.14109188380625914,-0.008793261880276773
-0.4644751220703125,5.990292553710937,8.329427575683594,-0.11497856064664934,0.06661562030512709,-0.036505359927209644
-1.1013327636718748,6.0884548217773435,8.339004382324218,-0.15921133252925374,0.08806585004337801,0.010791730489430587
-0.6081272216796875,6.1650692749023435,8.980650427246093,-0.013856049023466432,0.10858346109735714,-0.0868667688778857
-0.08140285644531249,6.797138513183594,8.310273962402343,0.2110382851266426,0.614329250453882,-0.16081010741657678
-2.2840683837890623,5.442020373535156,7.690175732421874,0.34093874472164043,0.2755222055820056,-0.2851148549059439
-1.5610194824218748,6.0884548217773435,8.020575561523437,-0.14255742745297195,-0.06808116395183987,0.0668820827863476
-1.2856862915039062,6.682216833496093,8.078036401367187,-0.42567381374976204,-0.3503981628049685,0.13935987767832586
-1.637633935546875,5.154716174316406,7.999027746582031,-0.6268529870712458,-0.22409494670644753,0.15121745809263848
-0.967257470703125,6.730100866699218,10.184933862304687,-0.008393568158446012,-0.16720520696586896,0.15161715181446922
-0.7948749511718749,5.693411547851563,8.724470849609375,-0.09725880564548554,0.26459724385196476,0.09792496184853682
-1.1013327636718748,5.667075329589843,8.609549169921875,0.05688973974057853,0.25300612591887267,-0.004663093421358896
-1.0821791503906248,6.102820031738281,8.034940771484374,0.2535390508813137,0.32854823934488675,-0.019052067407266345
-1.467645617675781,6.275202551269531,8.379705810546875,0.5239984693201296,0.14055895884381814,-0.12883460967011579
-1.189918225097656,6.734889270019531,7.68059892578125,-0.03170903526524049,0.06141960192132717,-0.10525268008210079
-2.27927998046875,5.7843912109375,6.9360022094726554,-0.4186125579974186,-0.38517151660424476,0.14535528350578727
-1.7717092285156248,5.671863732910156,7.319074475097656,-0.538387443306037,-0.496419602513807,0.21463552862311946
1.0462661254882812,6.445190869140625,10.350133776855468,-0.02145022973825092,-0.2592679942275546,0.025447166956558548
0.3902548706054687,6.754042883300781,9.552864624023437,-0.03770444109270193,0.3983614094246599,-0.16400765719122287
-1.1156979736328125,5.623979699707031,8.24802471923828,0.19132006151632497,0.10458652387904951,-0.24687748885080096
-1.6615759521484375,5.846640454101562,7.551312036132812,0.24714395133202147,0.2582021443026726,-0.05862174586851183
-0.9313444458007812,6.567295153808593,8.566453540039062,0.16733843820647926,0.0770076570727269,-0.07341041357625004
-1.5346832641601562,6.148309863281249,7.625532287597656,-0.18345941832031998,0.004929555902579405,-0.04756355289786074
-1.7621324218749999,6.205770703124999,7.189787585449218,-0.6985313945195626,-0.32748238942000474,0.15654670771704865
-0.28730419921875,6.528987927246093,9.284714038085937,-0.30576569720053326,-0.4014257279586958,-0.05808882090607082
0.15083470458984374,6.624755993652343,9.052476477050782,-0.24461255776042665,0.17493261892126372,-0.23195558990245252
-1.8842367065429686,5.2265422241210935,7.728482958984374,-0.2633981626864725,0.12457120997058764,-0.2783200616348209
-1.0630255371093749,5.312733483886719,8.923189587402343,-0.1482863707992129,0.20917304775809903,-0.14628790219005908
-0.5458779785156249,5.963956335449218,9.354145886230468,0.29071056701157455,0.13589586542245924,-0.10192189906684443
-1.2952630981445312,5.537788439941406,8.183381274414062,0.1945176112909711,0.38970137878499345,-0.24088208302333952
-2.1883003173828124,5.204994409179688,7.876923461914062,0.25686983189657003,0.27099234340125694,-0.12830168470767475
-1.5394716674804687,5.9783215454101555,8.257601525878906,0.17839663117713034,0.15921133252925374,0.19838131726866845
-0.7805097412109374,7.364564306640625,8.647856396484375,0.09566003075816248,-0.21077182264542207,0.05209341507860938
-1.9704279663085937,6.205770703124999,7.151480358886718,-0.6380444112825072,-0.1962496174189044,0.05462480865020421
-2.6982652709960937,2.7964275390625,5.7077767578125,-1.0717120994688845,-0.30816385953151787,0.4335344569457671
0.622492431640625,8.015787158203125,11.432312927246093,-0.26819448734844165,-0.5205344570642629,0.42101072032840314
0.4908113403320312,5.686228942871093,9.595960253906249,-0.021983154700691936,0.3105620218625025,-0.20610872922406318
-0.6153098266601562,5.516240625,9.095572106933593,0.32774885190122527,0.29537366043293345,-0.2334211335491653
-1.946485949707031,4.965574243164062,7.230489013671875,0.30843032201273834,0.33827411990943534,-0.16707197572525873
-3.3542765258789062,3.5697546752929687,7.501033801269531,0.5084104141687299,0.2518070447533804,0.3017687599822257
0.6943184814453125,6.303932971191406,10.551246716308594,0.5000168460102838,-0.2703261871982057,0.27538897434139537
0.13168109130859373,7.4028715332031245,8.080430603027343,0.32388514592352785,0.06728177650817835,-0.1377611027910028
-1.9608511596679685,6.785167504882812,6.4475850708007805,-0.5176033697708374,-0.14855283328043337,0.21490199110433997
-0.15083470458984374,6.509834313964843,9.418789331054686,-0.04689739669480947,-0.8469509965593857,-0.1389601839564951
1.2114660400390624,7.163451367187499,8.911218579101561,-0.1596110262510845,0.311361409306164,-0.1854578869294738
-2.1811177124023438,5.193023400878906,7.019799267578125,-0.20157886704331454,-0.11031546722529045,-0.04783001537908124
-0.5027823486328125,6.004657763671875,9.236830004882812,0.03477335379927634,0.049695252747624805,-0.07420980101991156
-0.28969840087890625,6.241683728027343,9.038111267089842,0.3011026037791744,0.27712098046932865,-0.19531699873463262
-2.6527754394531247,4.65432802734375,6.603208178710937,0.40835375247042904,0.49508729010770447,0.05209341507860938
-1.5825672973632812,5.4707507934570305,8.264784130859374,0.7258437988446647,0.16440735091305364,0.09192955602107537
-0.3136404174804687,7.40526573486328,8.834604125976561,0.6184594189127998,0.38410566667936274,0.017986217482384312
-1.3958195678710936,6.871358764648437,6.9144543945312495,0.07754058203516792,0.04276722823589159,0.03930321598002497
-1.3838485595703125,7.915230688476562,6.763619689941406,-0.447656968450454,-0.5243981630419604,0.11950842282739799
-1.0965443603515623,6.579266162109374,7.764395983886718,-1.0538591132271105,-0.3873032164540089,0.22103062817241168
1.2234370483398436,6.694187841796874,9.679757312011718,-0.38543797908546534,0.024914241994117528,-0.12603675361730043
-1.8148048583984373,4.900930798339844,7.417236743164062,-0.1729341503121099,0.11950842282739799,-0.04703062793541972
-0.7948749511718749,6.138733056640625,8.90643017578125,0.0430336907171121,0.1183093416619057,-0.015188361429568975
-0.43574470214843747,6.526593725585937,8.805873706054687,0.42114395156901346,0.35599387491059914,-0.223828484225227
-1.7860744384765623,6.119579443359375,7.259219433593749,0.20890658527687853,0.3962297095748959,-0.06408422673353224
-0.8188169677734375,6.892906579589844,8.219294299316406,0.06328483928987072,-0.024781010753507273,-0.08260336917835759
-1.4508862060546874,6.60799658203125,8.085219006347655,-0.1554808577921666,0.017586523760553547,0.004263399699528133
-1.3910311645507811,5.9400143188476555,7.807491613769531,-0.36598621795636815,-0.19465084253158133,0.06381776425231174
-1.2976572998046874,6.6343328002929685,8.1594392578125,-0.7508912720793924,-0.5097427265748324,0.24048238930150875
-0.9576806640625,5.102043737792968,6.823474731445312,-0.4857611032649867,-0.05982082703400412,0.17253445659027913
-0.679953271484375,6.081272216796875,8.935160595703124,-0.32388514592352785,0.054491577409593955,0.008127105677225504
-1.1348515869140625,5.88015927734375,8.619125976562499,-0.08793261880276775,-0.01505513018895872,0.06448392045536301
-0.5722141967773438,6.0142345703124995,9.030928662109375,0.24208116418883183,0.31868912753972795,-0.09219601850229589
-1.2904746948242187,6.4092778442382805,7.656656909179687,0.38450536040119354,0.4914900466112276,-0.16587289455976642
-1.0414777221679687,6.53138212890625,8.437166650390624,0.6116646256416768,0.21063859140481184,-0.19545022997524286
-1.484405029296875,6.406883642578125,7.71890615234375,0.16867075061258177,0.4792327724750842,-0.05462480865020421
-1.484405029296875,6.629544396972656,7.60398447265625,0.017852986241774057,-0.19638284865951464,-0.018918836166656093
-1.4963760375976562,7.4603323730468745,7.46272657470703,-0.9500719767917224,-0.5437166929304472,0.23901684565479597
-1.714248388671875,3.095702746582031,4.601655590820312,-0.8661362952072623,-0.3694502302122348,0.42940428848684914
-0.11731588134765625,7.079654309082031,10.55364091796875,-0.574493109511416,-0.2423476266700523,0.07780704451638844
-0.4381389038085937,5.597643481445312,8.884882360839843,-0.31842266505850747,0.016520673835671518,-0.03064318534035846
-0.6248866333007812,5.499481213378906,8.990227233886719,-0.0033307810152563544,0.25726952561840083,-0.08540122523117291
-1.0941501586914062,5.449202978515625,8.192958081054687,0.3483996941958146,0.2952404291923232,-0.17719755001163803
-3.086125939941406,5.5545478515625,7.716511950683593,0.3798422669798346,0.3487993879176454,-0.006794793271122962
-1.1061211669921875,6.660669018554687,9.006986645507812,0.2777871366723799,0.23102297121818072,-0.08540122523117291
-1.0893617553710937,6.605602380371093,8.298302954101562,0.08380245034384987,-0.027578866806322613,-0.14815313955860265
-0.928950244140625,6.562506750488281,7.790732202148437,-0.4962863712731968,-0.23555283339892938,0.13629555914429
-2.1930887207031247,5.6958057495117185,6.655880615234374,-1.6278192977760853,-0.2820505363719081,0.3390735073530969
1.2689268798828124,6.179434484863281,9.658209497070311,-0.16427411967244337,-0.2723246558073595,-0.09739203688609578
-1.3742717529296875,4.584896179199219,8.774749084472656,-0.22942419633085767,0.28071822396580554,0.04569831552931718
-0.6464344482421874,5.482721801757812,9.612719665527344,0.0511607963943376,0.13003369083560806,0.036638591167819895
-0.5913678100585937,5.482721801757812,8.501810095214843,0.4051562026957829,0.4596477801053769,-0.00013323124061025415
-2.389413256835937,6.074089611816406,7.050923889160156,0.42460796382488003,0.5735604908271442,0.01505513018895872
-1.6807295654296874,5.961562133789062,7.56567724609375,-0.2017120982839248,-0.11817611042129544,-0.07487595722296284
-1.0271125122070313,5.7149593627929685,8.681375219726561,-0.43806431912651567,0.20544257302101193,-0.05662327725935802
-0.5434837768554687,5.5258174316406246,9.586383447265625,-0.5298606439069808,-0.2534058196407034,-0.07487595722296284
-1.8770541015625,5.267243652343749,7.742848168945312,-0.8441531405065704,-0.05222664631921963,0.07114548248587572
-1.8339584716796873,4.876988781738281,8.149862451171874,-0.6950673822636959,-0.6836094955712142,0.2729908120104108
-0.2705447875976562,5.724536169433593,10.9175595703125,-0.8270995417084579,-0.40888667743287005,0.08580091895300368
-0.37828386230468747,4.802768530273437,8.429984045410155,-2.22243032461965,-0.5467810114644831,0.5650336914280879
-1.209071838378906,4.704606262207031,8.643067993164061,-3.6360137874944463,-1.0726447181531564,0.4928223590173302
0.9720458740234375,3.995922570800781,11.44667813720703,0.07274425737319877,-0.5217335382297553,0.041168453348568536
1.8052280517578123,5.123591552734375,11.820173596191406,0.5891485459785439,0.605402757332995,-0.01212404289553313
-2.8993782104492185,3.878606689453125,6.919242797851562,1.856577337903892,0.7572863716286847,0.22889127136841667
0.22026655273437498,5.425260961914062,9.641450085449218,1.1059525283057199,0.14015926512198737,-0.3016355287416154
0.948103857421875,5.719747766113281,9.466673364257812,0.16867075061258177,0.07540888218540386,-0.232754977346114
-1.5945383056640625,4.223371728515625,8.022969763183593,-0.8797258817495083,0.3530627876171736,0.0863338439154447
0.6057330200195312,4.623203405761719,10.649408984374999,-0.9520704454008762,0.7976554375335917,0.07754058203516792
-0.7038952880859375,4.726154077148437,9.349357482910156,-2.1061194515668977,0.8755957132905904,0.15921133252925374
-0.5913678100585937,2.6312276245117188,10.788272680664061,-0.35919142468524523,-0.36838438028735276,0.05955436455278361
-1.2832920898437499,4.872200378417968,9.260772021484375,-0.18239356839543794,0.05049464019128633,0.12390505376753637
-1.5610194824218748,4.666299035644531,8.200140686035155,0.8268330792272374,1.3689509972703615,0.3718483925432194
-0.7326257080078125,5.410895751953125,10.51533369140625,1.6859081186821563,0.9243583473539434,-0.12363859128631587
-1.2832920898437499,4.338293408203125,9.361328491210937,0.5615696791722213,0.9793828497259783,-0.07327718233563979
-1.5179238525390624,4.338293408203125,8.267178332519531,-0.011058192970651094,1.1051531408620583,-0.2270260339998731
-3.5889082885742187,3.5721488769531247,7.6997525390625,-0.44339356875092584,0.05862174586851183,0.33987289479675836
-0.4908113403320312,5.72693037109375,11.386823095703125,0.10631853000698281,-0.3422710571277429,-0.07141194496709623
-1.5825672973632812,4.853046765136718,9.677363110351562,-0.8410888219725345,0.5382542120654268,-0.032375191468291764
-1.4173673828125,4.630386010742187,9.56962403564453,-0.622722818612328,-0.45738284901500253,0.16933690681563304
-3.438073583984375,1.189918225097656,6.514622717285156,-0.33787442618760455,0.46511026097039726,0.8089800929854634
-1.5658078857421873,4.623203405761719,10.702081420898438,0.5858177649632876,0.22196324685668345,0.3952970908906241
-0.9169792358398436,5.427655163574219,10.283096130371094,0.9058392049091181,0.1967825423813454,0.0002664624812205083
-0.7852981445312499,6.284779357910156,9.449913952636718,1.1457886692481858,0.3257503832920714,-0.5152052074398529
-1.3958195678710936,4.477157104492187,7.249642626953125,0.8726646259971648,0.5783568154891133,-0.5361225122156628
-3.687070556640625,3.526659045410156,7.649474304199218,0.48309647845278164,0.33147932663831237,0.1613430323790178
-0.8451531860351562,4.900930798339844,10.43871923828125,0.732238898393957,0.3905007662286549,0.0514272588755581
-2.3678654418945313,5.700594152832031,8.583212951660157,0.567698316240293,0.37491271107725527,0.02398162330984575
-2.9735984619140625,6.296750366210937,6.979097839355468,-0.8538790210711189,-0.6237886685372099,0.42940428848684914
-3.603273498535156,3.6367923217773437,6.0142345703124995,-2.7714762671745072,-0.624321593499651,0.44752373720984373
0.7015010864257812,7.117961535644531,11.202469567871093,0.11897549786495697,-0.49721898995746855,0.11817611042129544
-1.656787548828125,3.746925598144531,9.794678991699218,-0.10538591132271104,0.12044104151166976,0.05129402763494785
-0.928950244140625,4.99909306640625,10.570400329589843,0.6283185307179586,0.22755895896231412,-0.37118223634016806
-1.7166425903320313,5.810727429199218,7.3669585083007805,0.8989111803973848,0.44179479386360276,-0.5570398169914726
-3.907337109375,4.587290380859375,6.445190869140625,0.456583461571341,0.2514073510315496,-0.18345941832031998
-2.3439234252929686,4.5585599609375,9.344569079589844,0.34093874472164043,-0.1554808577921666,-0.0302434916185277
-1.5418658691406248,5.379771130371093,10.330980163574218,0.273656968213462,-0.13203215944476188,0.032241960227681506
-2.710236279296875,5.801150622558594,7.785943798828124,-0.5018820833788274,-0.14708728963372059,0.3951638596500139
-1.9009961181640624,6.208164904785156,7.1586629638671875,-2.3604578898918733,-0.5535758047356061,0.6419081172602046
-4.091690637207031,4.987122058105468,12.828132495117186,0.2684609498296621,-1.0758422679278024,-0.16294180726634083
-0.5123591552734374,4.924872814941406,9.670180505371093,-0.36585298671575794,0.7099892812120444,-0.05675650849996827
-2.3295582153320313,4.115632653808594,8.403647827148436,0.21450229738250923,-0.3650535992720964,-0.05475803989081446
-0.3136404174804687,5.801150622558594,10.527304699707031,0.658428791095876,-0.019052067407266345,-0.455517611646459
-1.4030021728515625,4.857835168457031,8.892064965820312,0.9386140900992406,-0.1526830017393513,-0.5871500773693901
-2.6695348510742187,3.706224169921875,6.612784985351562,0.9111684545335282,0.18132771847055593,-0.1232388975644851
-1.1875240234375,4.297591979980469,10.098742602539062,1.955834612158531,0.31256049047165624,-0.31322664667470757
-1.2904746948242187,6.478709692382812,9.473855969238281,0.4894915780020738,1.1944180720709285,-0.03290811643073278
-2.4349030883789062,7.038952880859375,6.6343328002929685,0.15215007677691025,-0.02971056665608668,-0.024914241994117528
-2.6479870361328124,6.782773303222656,6.349422802734375,-0.29550689167354377,-0.39489739716879335,0.3883690663788909
-1.3359645263671873,9.054870678710937,8.532934716796875,-2.025914244719525,-1.391733539414715,0.9219601850229587
-2.925714428710937,1.0295067138671874,7.788338000488281,-3.658263404676359,-0.9254241972788254,0.5469142427050934
3.4452561889648434,7.096413720703125,14.314931726074217,1.1684379801519291,-1.112347627855012,-0.6040704449268923
-2.779668127441406,3.6727053466796873,5.140350964355468,-0.13536294046001823,1.1210076584946784,0.11564471684970061
0.967257470703125,7.953537915039062,11.312602844238281,1.2762220538056248,-0.5491791737954677,-0.6528330789902455
-1.2952630981445312,5.183446594238281,8.307879760742187,1.087699848342115,0.8377580409572782,-0.8637381328762778
-3.0238766967773434,4.024652990722656,6.265625744628906,0.3017687599822257,0.3453353756617788,-0.048229709100912004
-1.936909143066406,3.6679169433593746,10.244788903808594,0.7063920377155676,0.049562021507014546,0.16520673835671518
-0.33758243408203126,6.026205578613281,11.489773767089844,1.586251150705686,0.5911470145876978,-0.044632465604435144
-2.3487118286132813,7.5345526245117185,6.986280444335937,0.7251776426416133,0.45938131762415635,0.23328790230855506
-1.599326708984375,8.817844714355468,5.367800122070312,-1.8096799412090823,-0.33067993919465083,0.9679249630334965
-2.6431986328124997,0.5291185668945312,7.9846625366210935,-1.8595084251973175,-1.2762220538056248,0.009192955602107537
2.91134921875,7.560888842773437,13.295001818847656,0.2508744260691086,0.18359264956093024,-0.13416385929452596
-2.1739351074218747,4.572925170898437,7.4962453979492185,0.383705972957532,0.46111332375208963,-0.22969065881207817
-0.8403647827148437,6.339845996093749,7.850587243652344,0.8349601849044628,0.3770444109270193,-0.5426508430055652
-2.896984008789062,5.700594152832031,6.593631372070312,0.8770612569373032,0.6264532933494151,-0.2419479329482216
-2.7365724975585937,4.656722229003906,7.898471276855468,0.6308499242895534,0.49961715228845316,-0.1461546709494488
-1.6472107421875,5.257666845703125,9.962273107910155,0.7659464022683512,0.3503981628049685,0.019052067407266345
-0.9361328491210937,6.562506750488281,8.674192614746094,0.9439433397236507,0.9789831560041476,-0.200246554637212
-1.9416975463867185,7.398083129882812,7.012616662597656,0.29883767268880007,0.5447825428553292,-0.0848683002687319
-4.814739538574218,7.747636572265624,6.603208178710937,-0.36532006175331694,-0.6688208278634759,0.3761117922427475
-2.3965958618164063,7.50821640625,4.632780212402343,-3.586318534746822,-0.2554042882498572,1.1020888223280223
-0.7996633544921875,1.936909143066406,9.811438403320311,-1.1978820843267952,-1.6472710589051824,0.06128637068071692
2.6144682128906247,6.60799658203125,11.549628808593749,-0.04449923436382489,1.2755558976025732,-0.3650535992720964
-3.2130186279296873,3.8187516479492185,7.242460021972656,0.4918897403330584,-0.5225329256734168,0.03930321598002497
0.6105214233398437,7.213729602050781,10.457872851562499,1.0312098023233673,0.5020153146194377,-0.5762251156393492
-2.712630480957031,7.275978845214843,5.118803149414062,1.3690842285109717,0.4856278720243764,-0.48962480924268403
-3.430890979003906,4.680664245605469,6.698976245117187,0.8670689138915342,0.3962297095748959,0.07061255752343472
-1.37906015625,7.299920861816406,9.794678991699218,0.6052695260923847,0.22516079663132954,0.18945482414778142
-1.68551796875,7.1778165771484375,7.706935144042968,0.34720061303032235,0.17719755001163803,0.13069984703865933
-1.85790048828125,7.845798840332031,7.340622290039062,-0.7198483930172032,-0.5595712105630676,0.3342771826911277
-3.1172505615234374,0.3687070556640625,5.003881469726562,-2.692736603973847,-0.5583721293975752,0.495886677551366
2.3343466186523436,7.548917834472656,18.095376147460936,1.156980093459447,-1.9588989306925668,-0.6493690667343788
-1.7525556152343749,5.437231970214843,6.203376501464843,-0.40528943393639316,1.0595880565733513,0.0033307810152563544
-1.2114660400390624,5.753266589355468,8.269572534179687,0.20450995433674016,-0.19251914268181727,0.12110719771472103
0.7062894897460937,7.843404638671874,10.405200415039062,1.460480859569606,0.3401393572779789,-0.8035176121204428
-2.214636535644531,4.594472985839843,3.229778039550781,1.1886891287246877,0.8241684544150323,-0.8741301696438776
-2.990357873535156,5.0182466796875,7.005434057617187,0.7550214405383104,-0.09925727425463936,-0.10938284854101867
-0.7422025146484375,7.40526573486328,9.87608184814453,0.4792327724750842,0.4876263406335303,0.054491577409593955
-1.5418658691406248,7.716511950683593,7.563283044433593,0.10245482402928546,0.1865237368543558,-0.11311332327810578
-0.679953271484375,7.388506323242187,5.324704492187499,-1.6110321614591934,-0.4591148551429358,0.14322358365602322
-4.446032482910156,-0.7517793212890624,4.53940634765625,-1.8888192981315732,-0.8044502308047147,0.4543185304809667
2.578555187988281,9.126696728515624,13.934253662109374,-0.4798989286781355,0.7285084236568697,-0.399960184311983
-2.109291662597656,5.6766521362304685,8.10197841796875,-0.007061255752343471,0.007194486992953725,-0.2679280248672211
2.0973206542968748,6.998251452636718,10.769119067382812,0.623255743574769,0.6055359885736051,-0.7560872904631923
-2.4396914916992185,4.266467358398438,3.8857892944335934,1.396396632836074,1.1429908131953703,-1.0240153153304135
-4.331110803222656,4.592078784179687,5.6407391113281244,0.7001301694068857,0.32002143994583054,-0.026113323159609816
-1.4796166259765624,6.945579016113281,10.582371337890624,0.8344272599420218,0.095926493239383,0.278852986597262
-2.2385785522460937,7.242460021972656,7.0652890991210935,0.29057733577096434,0.11258039831566477,0.24208116418883183
-2.0254946044921875,8.085219006347655,6.584054565429687,-1.0094931101038958,-0.2952404291923232,0.4535191430373052
-4.99909306640625,5.063736511230468,5.109226342773437,-3.1016232814067166,-0.7614165400876025,0.7704762644490998
2.8562825805664063,10.019733947753906,10.709264025878905,0.014522205226517705,-1.2626324672633789,-0.591280245828308
-2.3247698120117186,5.3390697021484375,7.319074475097656,-0.672018377638122,0.30336753486954876,-0.5972756516557693
-1.0678139404296874,5.066130712890625,10.050858569335936,-0.11031546722529045,-0.17386676899638168,-0.2447457890010369
-0.7757213378906249,5.961562133789062,9.325415466308593,1.0571898942423668,0.35332925009839405,-0.48642725946803794
-3.258508459472656,3.2225954345703123,4.618415002441406,1.131266464021668,0.6864073516240294,-0.10098928038257265
-2.980781066894531,6.600813977050781,7.766790185546874,0.7935252690746738,-0.11377947948115706,0.6916033700078293
0.00239420166015625,7.879317663574218,10.31661495361328,0.8562771834021036,0.13243185316659264,-0.4643108735267358
-1.3407529296874998,6.823474731445312,7.261613635253906,0.1961163861782941,0.20744104163016572,0.005995405827461438
-2.5474305664062498,7.685387329101562,6.382941625976562,-1.1298009203749555,-0.24807657001629327,0.4195451766816904
-2.3295582153320313,3.057395520019531,5.499481213378906,-1.9666263426479615,-0.6381776425231175,0.14642113343066934
2.4947581298828125,9.655815295410155,12.533645690917968,-0.31256049047165624,0.20997243520176057,-0.36358805562538365
-2.319981408691406,4.651933825683593,7.908048083496094,0.022915773384963714,-0.005595712105630674,-0.0607534457182759
-0.5410895751953124,6.385335827636719,10.357316381835936,0.5255972442074527,0.37278101122749113,-0.24088208302333952
-1.6256629272460936,5.698199951171874,6.586448767089843,0.8694670762225186,0.6832098018493833,-0.40195865292113686
-3.737348791503906,4.726154077148437,5.1331683593749995,1.0141562035252547,0.45325268055608464,0.22356202174400647
-1.5801730957031248,7.572859851074218,9.325415466308593,0.9848453305909988,-0.04703062793541972,0.3074977033284666
-0.44532150878906246,7.936778503417968,8.40125362548828,0.4937549777016019,0.8063154681732582,-0.0464977029729787
-2.511517541503906,6.768408093261718,5.315127685546875,-0.3771776421676295,0.11564471684970061,0.3554609499481581
-2.013523596191406,8.21690009765625,6.062118603515625,-1.9632955616327052,-0.6128637068071692,0.6044701386487231
1.2282254516601563,5.157110375976562,6.459556079101562,-0.6717519151569015,-0.2502082698660573,-0.0688805513955014
-1.2042834350585936,5.95677373046875,9.299079248046874,-0.42860490104318766,0.4549846866840179,-0.3282817768636663
-2.2577321655273437,5.5641246582031245,8.300697155761718,-0.031042879062189218,-0.24514548272286768,0.1365620216255105
-0.6081272216796875,6.682216833496093,9.85692823486328,0.5010826959351659,0.3478667692333736,-0.10778407365369562
-1.4317325927734375,5.190629199218749,7.055712292480468,1.4404961734780681,0.25780245058084184,-0.4118177647262956
-3.0789433349609374,5.829881042480468,5.748478186035156,0.782067382382192,0.3386738136312661,0.33214548284136364
-1.659181750488281,8.386888415527343,8.43956085205078,0.7700765707272691,-0.029577335415476424,0.20490964805857093
-1.0366893188476562,8.518569506835936,7.082048510742187,0.08180398173469605,0.19784839230622742,-0.06621592658329632
-2.310404602050781,7.71890615234375,5.590460876464843,-0.8052496182483762,-0.2424808579106626,0.32215313979559457
-2.8850130004882812,4.927267016601562,5.655104321289063,-1.3658866787363255,-0.7951240439619969,0.2482098012569035
2.1452046874999997,8.621520178222656,10.64222637939453,0.0014655436467127959,0.024781010753507273,-0.4549846866840179
-1.6304513305664061,5.252878442382812,7.184999182128906,-0.05542419609386573,0.11351301699993654,-0.36984992393406557
-1.3192051147460937,6.236895324707031,8.645462194824217,0.12377182252692612,-0.020251148572758632,-0.17026952549990482
-1.0127473022460938,6.9144543945312495,8.039729174804688,0.5026814708224889,0.32588361453268166,-0.3671852991218605
-1.879448303222656,6.603208178710937,5.434837768554687,0.39023430374743445,0.5046799394316428,0.005329249624410167
-1.9680337646484374,7.132326745605468,7.754819177246094,0.24754364505385223,0.13323124061025418,0.18905513042595065
-1.0510545288085937,8.197746484375,8.0062103515625,0.23901684565479597,-0.000799387443661525,-0.16560643207854595
-1.8004396484374998,8.183381274414062,6.212953308105468,-0.7626156212530948,-0.09086370609619333,-0.07261102613258852
-3.430890979003906,3.919308117675781,2.118868469238281,-0.8328284850546988,-0.286713629793267,0.5017488521382172
-0.14604630126953125,8.24802471923828,10.98699141845703,-0.6944012260606447,-0.2833828487780106,0.17599846884614573
-0.8116343627929687,6.4834980957031245,9.07163009033203,0.033041347671343035,0.11284686079688527,-0.22103062817241168
-1.5682020874023437,5.793968017578124,8.058882788085937,0.19651607990012487,0.20157886704331454,-0.2511408885503291
-1.6831237670898436,6.777984899902344,7.333439685058593,0.45711638653378206,0.1625421135445101,-0.19664931114073517
-2.6144682128906247,5.983109948730468,6.234501123046875,0.33374425772868666,0.19092036779449423,0.14961868320531543
-1.20667763671875,7.807491613769531,8.40843623046875,0.14002603388137713,0.03450689131805583,-0.0191852986478766
-1.4006079711914061,7.098807922363281,7.644685900878906,0.027978560528153375,0.16200918858206906,-0.26672894370172884
-2.3535002319335936,6.406883642578125,6.849810949707031,-0.29817151648574886,-0.1272358347827927,0.05462480865020421
-2.3127988037109373,6.880935571289062,7.426813549804687,-0.8027182246767813,-0.5321255749973551,0.3462679943460506
-1.3120225097656248,5.76523759765625,7.266402038574219,-0.6377779488012866,-0.22649310903743208,0.07860643196004995
-1.0941501586914062,6.45476767578125,8.097190014648437,-0.4372649316828542,0.09006431865253181,0.10418683015721876
-1.5825672973632812,6.291961962890625,8.116343627929687,-0.1950505362534121,-0.03170903526524049,0.18532465568886355
-1.1635820068359375,6.3709706176757805,8.645462194824217,0.02744563556571236,0.1648070446348844,0.006261868308681946
-1.2425906616210938,6.294356164550781,8.834604125976561,0.56090352296917,0.19584992369707363,-0.2137029099388477
-2.094926452636719,6.189011291503906,6.890512377929687,0.5196018383799912,0.40329096532723935,-0.1488192957616539
-1.5586252807617187,7.019799267578125,7.886500268554687,0.3901010725068242,0.1008560491419624,-0.06355130177109124
-1.197100830078125,7.513004809570312,8.032546569824218,0.11271362955627502,0.15334915794240253,-0.21610107226983225
-1.7812860351562498,7.213729602050781,7.235277416992187,-0.1386937214752746,-0.11404594196237756,-0.09312863718656766
-2.0542250244140625,7.278373046874999,6.605602380371093,-1.1296676891343451,-0.2511408885503291,0.27445635565712356
-1.6256629272460936,5.197811804199218,4.783614916992187,-0.49482082762648394,-0.5029479333037095,0.04543185304809667
-1.2378022583007813,7.086836914062499,9.536105212402344,-0.37158193006199886,-0.14162480876870018,-0.1970490048625659
-1.5083470458984374,5.303156677246093,8.391676818847655,-0.1630750385069511,-0.08979785617131131,-0.10565237380393155
-1.5011644409179687,5.734112976074218,8.700528833007812,0.0383705972957532,0.10511944884149053,-0.008127105677225504
-0.6967126831054687,6.643909606933593,9.200916979980468,0.36212251197867085,0.24208116418883183,-0.18239356839543794
-1.8148048583984373,5.427655163574219,6.854599353027344,0.6554977038024505,0.44286064378848483,-0.19265237392242754
-2.3870190551757813,6.275202551269531,7.235277416992187,0.5120076576652067,0.24954211366300605,0.21516845358556047
-0.8834604125976562,8.176198669433592,8.552088330078124,0.47416998533189453,0.14189127124992068,-0.19025421159144296
-2.0374656127929685,6.849810949707031,6.5026517089843745,-0.1394931089189361,0.058888208349732345,-0.16214241982267932
-2.6958710693359373,6.332663391113281,5.868188269042968,-1.12180704593834,-0.5371883621405448,0.4388637065701772
-1.2138602416992186,5.003881469726562,6.4739212890625,-0.6888055139550141,-0.45271975559364364,0.29377488554561043
-0.0526724365234375,7.292738256835937,10.608707556152343,-0.08366921910323963,0.24541194520408816,-0.39036753498804466
-2.2194249389648437,5.159504577636718,7.199364392089843,0.14428943358090526,0.1648070446348844,-0.12030781027105951
-0.9696516723632812,6.701370446777343,9.038111267089842,0.42793874484013633,0.24341347659493437,-0.1628085760257306
-1.5849614990234373,6.325480786132812,7.364564306640625,0.46644257337649986,0.5736937220677545,-0.28378254249984136
-3.0837317382812497,5.305550878906249,6.349422802734375,0.3563935686324299,0.3805084231828859,0.21250382877335539
-1.3144167114257812,7.297526660156249,8.973467822265624,0.3126937217122665,0.032375191468291764,0.2391500768954062
-1.697488977050781,7.168239770507812,7.024587670898437,0.08673353763727547,0.14482235854334627,0.00985911180515881
-2.2098481323242187,7.261613635253906,6.4834980957031245,-0.6177932627097485,-0.36838438028735276,0.20624196046467347
-1.3263877197265623,5.951985327148437,7.3932947265625,-0.8786600318246262,-0.23555283339892938,0.13096630951987984
0.0,7.153874560546875,8.844180932617187,-0.24661102636958046,0.06834762643306039,-0.06674885154573734
-1.7357962036132812,5.518634826660156,8.25520732421875,-0.17200153162783813,0.09192955602107537,0.06022052075583488
-1.16837041015625,6.2201359130859375,8.63827958984375,0.02571362943777905,0.30056967881673335,0.07794027575699868
-1.199495031738281,6.471527087402343,8.396465222167969,0.40235834664296755,0.3376079637063841,-0.036238897445989134
-1.5562310791015623,5.698199951171874,6.375759020996093,0.5579724356757444,0.6187258813940204,-0.071811638688927
-2.3247698120117186,6.947973217773437,7.165845568847656,0.29417457926744117,0.03983614094246599,0.24781010753507274
-0.9864110839843749,7.805097412109374,7.812280017089844,0.07274425737319877,0.07047932628282445,-0.080205206847373
-1.908178723144531,7.0844427124023435,7.005434057617187,-0.27339050573224155,-0.031176110302799476,-0.009725880564548555
-2.114080065917969,6.8785413696289055,6.701370446777343,-0.9620627884466453,-0.2206309344505809,0.392099541115978
-1.6903063720703124,5.214571215820312,5.341463903808593,-0.6870735078270808,-0.14602143970883857,0.5074777954844581
0.00239420166015625,7.4411787597656245,10.773907470703124,-0.2665957124611186,-0.011990811654922875,-0.032375191468291764
-1.3838485595703125,6.332663391113281,7.666233715820312,-0.0604869832370554,0.14495558978395653,-0.20437672309612986
-1.5035586425781249,6.205770703124999,7.850587243652344,-0.1674716694470895,0.0932618684271779,-0.12457120997058764
-1.158793603515625,6.610390783691406,8.233659509277343,-0.1825267996360482,0.16933690681563304,-0.1272358347827927
-1.1923124267578125,6.706158850097656,8.305485559082031,0.03397396635561481,0.16787136316892026,-0.3114946405467742
-1.5514426757812498,5.698199951171874,8.202534887695313,0.38210719807020893,0.17040275674051508,-0.27911944907848246
-2.3415292236328122,5.983109948730468,7.596801867675781,0.23568606463953962,0.25780245058084184,-0.07114548248587572
-2.090138049316406,6.311115576171875,7.419630944824219,-0.07887289444127048,0.23595252712076012,0.18798928050106864
-1.3168109130859373,7.668627917480468,7.843404638671874,-0.09752526812670605,0.09685911192365478,0.07367687605747056
-1.0390835205078124,8.116343627929687,7.228094812011718,-0.5133399700713093,0.22476110290949877,-0.33307810152563544
-2.0542250244140625,6.445190869140625,7.034164477539062,-0.7816676886603612,0.08526799399056267,-0.48829249683658155
-2.5617957763671875,5.671863732910156,7.9295958984374995,-0.8565436458833241,-0.018918836166656093,-0.2880459421993695
-2.319981408691406,5.233724829101562,8.760383874511719,-0.6680214404198144,-0.017453292519943295,-0.20824042907382725
-2.35589443359375,5.116408947753906,8.690952026367187,-0.5020153146194377,0.12257274136143384,-0.2519402759939906
-2.039859814453125,5.329492895507812,8.75320126953125,-0.22129709065363215,0.2689938747921031,-0.15774578888254095
-2.1547814941406247,6.318298181152343,8.425195642089843,0.11138131715017249,0.36785145532491176,-0.2447457890010369
-2.379836450195312,6.337451794433593,7.122749938964843,-0.5270627878541655,0.22196324685668345,-0.2034441044118581
-2.4492682983398435,5.140350964355468,8.2360537109375,-0.750091884635731,0.09339509966778817,0.044232771882604376
-2.6599580444335937,5.183446594238281,9.13627353515625,-0.750091884635731,-0.13562940294123874,0.3297473205103791
-1.697488977050781,5.767631799316406,9.72285294189453,-0.12004134778983899,-0.24274732039188307,0.20744104163016572
-2.1643583007812497,5.849034655761718,8.667010009765624,-0.11604441057153138,-0.2270260339998731,0.12270597260204408
-2.2768857788085937,5.533000036621093,7.6087728759765625,-0.7672787146744537,-0.35599387491059914,0.2383506894517447
-2.3630770385742186,3.6942531616210936,8.310273962402343,-0.9256906597600458,-0.8787932630652365,-0.07154517620770649
-0.4740519287109375,4.458003491210937,10.46984385986328,-0.19171975523815574,-0.4039571215302906,-0.1308330782792696
-1.8435352783203125,3.6822821533203123,8.89924757080078,-0.0767411945915064,-0.09779173060792655,0.10378713643538799
-1.905784521484375,3.900154504394531,8.633491186523438,0.10591883628515206,-0.31762327761484593,0.39489739716879335
0.07900865478515624,4.6830584472656245,9.296685046386719,0.30843032201273834,-0.4203445641253519,0.311361409306164
-0.16998831787109375,4.493916516113281,8.911218579101561,0.2580689130620623,-0.24048238930150875,-0.0033307810152563544
-0.8954314208984374,5.442020373535156,8.315062365722655,0.1842588057639815,-0.10671822372881358,-0.19105359903510447
-0.9552864624023437,5.097255334472656,9.275137231445312,0.049029096544573526,0.014522205226517705,-0.16547320083793565
-1.2425906616210938,5.698199951171874,10.189722265624999,0.13882695271588483,-0.021983154700691936,-0.05968759579339387
-1.0941501586914062,6.323086584472656,9.916783276367187,0.08993108741192156,-0.0010658499248820332,-0.28658039855265666
-1.438915197753906,6.548141540527343,9.696516723632811,-0.2848483924247234,-0.19545022997524286,-0.34706738178971214
-2.147598889160156,2.511517541503906,8.291120349121094,-0.33880704487187635,-0.08033843808798326,-0.23049004625573968
-0.39743747558593745,4.955997436523437,9.366116894531249,0.21063859140481184,-0.08500153150934216,-0.04703062793541972
-1.1923124267578125,4.939238024902344,8.856151940917968,-0.07127871372648598,0.1404257276032079,0.07167840744831674
-1.1013327636718748,5.355829113769531,9.246406811523437,0.14229096497175145,0.16880398185319204,0.04449923436382489
-0.9624690673828125,5.439626171875,8.884882360839843,0.2610000003554879,0.1532159267017923,-0.10631853000698281
-0.8571241943359375,5.609614489746093,8.683769421386717,0.28524808614655417,0.22476110290949877,-0.21610107226983225
-2.269703173828125,4.647145422363281,7.043741284179687,0.3377411949469943,0.02851148549059439,-0.02398162330984575
-1.3287819213867187,6.2584431396484375,8.518569506835936,0.15628024523582812,-0.25793568182145205,-0.00013323124061025415
-1.3479355346679687,5.772420202636718,7.709329345703124,-0.1325650844072029,-0.29164318569584635,-0.09885758053280859
-1.1109095703125,6.040570788574218,7.584830859375,-0.6800122520747373,-0.6091332320700821,-0.02464777951289702
-0.9528922607421875,4.0988732421875,7.671022119140624,-0.8344272599420218,-0.5699632473306674,-0.3641209805878246
-1.1037269653320312,5.868188269042968,11.808202587890625,-0.21197090381091438,-0.6509678416217018,-0.13469678425696696
0.8667010009765624,5.779602807617187,12.004527124023436,0.18186064343299693,0.2019785607651453,-0.3126937217122665
-1.70467158203125,4.584896179199219,8.20971749267578,0.1709356817029561,0.16986983177807405,-0.16960336929685357
-1.13006318359375,4.690241052246093,7.982268334960937,-0.09539356827694198,0.11138131715017249,-0.14255742745297195
-0.7134720947265625,5.0206408813476555,8.99501563720703,-0.008127105677225504,0.08993108741192156,-0.1775972437334688
-1.8363526733398436,5.418078356933593,9.124302526855468,0.3380076574282148,0.095926493239383,-0.02398162330984575
-0.9361328491210937,5.9783215454101555,8.82263311767578,0.21796630963837582,0.2849816236653337,-0.014788667707738212
-1.3024457031249999,5.856217260742187,8.621520178222656,-0.0543583461689837,0.023182235866184224,-0.07820673823821919
-0.9696516723632812,5.951985327148437,8.86094034423828,-0.3726477799868809,0.025047473234727783,-0.0738101072980808
-1.695094775390625,4.797980126953124,8.109161022949218,-0.866535988929093,-0.16533996959732541,0.07074578876404496
-3.727771984863281,4.826710546875,9.627084875488281,-0.22369525298461676,-0.6465712106815634,0.3312128641570919
-0.48123453369140623,4.977545251464844,10.259154113769531,-0.07007963256099368,0.08873200624642928,0.1217733539177723
-0.3902548706054687,5.233724829101562,9.923965881347655,0.0558238898156965,0.12523736617363893,-0.023581929588014985
-1.1109095703125,4.46279189453125,8.884882360839843,0.11471209816542884,0.21969831576630913,0.053159265003491406
-0.9097966308593749,5.252878442382812,9.253589416503905,0.022116385941302188,0.21983154700691937,0.11551148560909036
-0.8547299926757812,5.506663818359375,9.081206896972656,0.09379479338961894,0.35506125622632734,0.05808882090607082
-1.656787548828125,5.051765502929687,8.573636145019531,0.19718223610317617,0.11657733553397238,-0.006661562030512709
-1.4796166259765624,5.250484240722656,8.681375219726561,0.002264931090374321,0.023581929588014985,0.0575558959436298
-1.0797849487304687,5.9974751586914055,8.815450512695312,-0.19425114880975056,-0.017586523760553547,0.026646248122050836
-1.5179238525390624,4.963180041503906,8.504204296874999,-0.47790046006898174,-0.3144257278401998,-0.16081010741657678
-1.5418658691406248,4.129997863769531,8.176198669433592,-0.3146921903214204,-0.2843154674622824,0.1386937214752746
-0.7541735229492187,5.1523219726562495,9.928754284667969,-0.32535068957024066,-0.033041347671343035,0.20970597272054006
0.373495458984375,5.849034655761718,10.62307276611328,-0.21796630963837582,0.14282388993419246,-0.08566768771239343
-1.2904746948242187,4.125209460449218,8.884882360839843,-0.20437672309612986,0.09086370609619333,-0.02464777951289702
-0.5722141967773438,4.843469958496094,10.105925207519531,0.0656830016208553,0.21583460978861177,-0.018652373685435583
-0.7326257080078125,5.125985754394531,9.342174877929686,0.12816845346706449,0.5711623284961596,-0.11697702925580315
-2.080561242675781,4.244919543457031,7.666233715820312,0.25300612591887267,0.4451255748788592,0.000799387443661525
-1.6543933471679686,4.802768530273437,8.94473740234375,0.2424808579106626,0.3256171520514612,0.19465084253158133
-0.8786720092773437,5.686228942871093,9.694122521972655,0.2644640126113545,0.2781868303942107,0.05728943346240929
-1.0845733520507812,5.908889697265625,8.9255837890625,0.03757120985209167,0.34613476310544034,-0.04596477801053769
-2.518700146484375,4.328716601562499,7.213729602050781,-0.6208575812437844,0.11990811654922875,0.2860474735902157
-1.4149731811523436,4.031835595703125,8.884882360839843,-0.09339509966778817,-0.32162021483315356,0.28324961753740036
0.2825157958984375,6.5026517089843745,10.376469995117187,0.06768147023000912,0.4720382854821305,-0.3100290969000614
-1.7621324218749999,4.364629626464843,8.231265307617187,0.19664931114073517,0.3490658503988659,-0.25940122546816485
-1.714248388671875,4.790797521972656,9.038111267089842,0.27538897434139537,0.16427411967244337,-0.0607534457182759
-1.1516109985351561,5.566518859863281,9.406818322753905,0.5164042886053452,0.2612664628367084,-0.24581163892591892
-2.422932080078125,4.527435339355469,7.745242370605468,0.5988744265430924,0.4792327724750842,-0.10671822372881358
-2.365471240234375,4.843469958496094,8.010998754882811,0.44725727472862326,0.2095727414799298,0.3305467079540406
-1.8267758666992187,5.360617517089843,8.429984045410155,0.5166707510865657,-0.280984686447026,0.42141041405023394
-1.3096283081054687,6.315903979492187,8.662221606445312,0.3707825426183373,-0.0814042880128653,0.17306738155272017
-1.3072341064453123,5.8083332275390624,8.394071020507813,0.12803522222645425,-0.11644410429336215,0.21730015343532455
-2.5043349365234375,5.183446594238281,7.709329345703124,-0.19638284865951464,-0.1537488516642333,0.27965237404092347
-1.599326708984375,7.117961535644531,9.756371765136718,0.5779571217672825,-0.20650842294589394,-0.18132771847055593
-0.229843359375,7.9272016967773435,8.628702783203124,0.16573966331915618,0.16840428813136127,-0.1866569680949661
-1.7788918334960937,6.363788012695312,7.0102224609374995,-0.11258039831566477,-0.1807947935081149,-0.1994471671935505
-1.3551181396484375,6.299144567871093,8.13310303955078,-0.3478667692333736,-0.33680857626272254,-0.14961868320531543
-0.6607996582031249,6.279990954589843,8.913612780761719,-0.3551944874669376,-0.1578790201231512,-0.26139969407731867
-1.024718310546875,5.801150622558594,8.56166513671875,-0.2419479329482216,-0.04036906590490701,-0.23675191456442166
-1.22583125,4.972756848144531,8.418013037109375,-0.21277029125457592,-0.12816845346706449,-0.15761255764193066
-1.3527239379882812,5.312733483886719,9.121908325195312,0.02105053601642016,-0.009459418083328047,-0.03450689131805583
-0.8403647827148437,6.114791040039062,9.014169250488282,0.21836600336020656,-0.025180704475338038,-0.11697702925580315
-4.592078784179687,4.043806604003906,6.672640026855468,0.08966462493070106,-0.22635987779682182,0.44552526860068997
-0.40222587890625,6.320692382812499,9.421183532714844,0.07154517620770649,-0.3499984690831377,0.399960184311983
0.36152445068359373,6.813897924804687,9.782707983398437,0.10951607978162892,0.11591117933092111,0.05862174586851183
-0.7565677246093749,5.863399865722656,8.271966735839843,0.13509647797879773,0.12776875974523375,-0.061952526883768184
-1.5275006591796874,5.473144995117187,8.300697155761718,0.2876462484775388,-0.03130934154340973,0.02011791733214838
-1.2306196533203124,6.263231542968749,8.690952026367187,0.320287902427051,0.08273660041896783,-0.07021286380160395
-1.5873557006835937,6.421248852539062,8.044517578125,0.3293476267885483,0.04583154676992743,-0.21796630963837582
-2.2194249389648437,5.374982727050781,7.714117749023437,0.2773874429505492,-0.10591883628515206,0.040768759626737774
-1.714248388671875,5.7843912109375,8.353369592285155,0.3474670755115428,0.007061255752343471,0.05635681477813751
-0.12210428466796874,7.029376074218749,8.157045056152343,0.5715620222179904,0.09992343045769063,-0.11737672297763392
-0.22505495605468748,7.453149768066406,7.726088757324218,0.42154364529084415,0.16374119471000237,0.0031975497746461
-0.8858546142578124,6.926425402832031,7.187393383789062,0.12017457903044926,-0.10711791745064435,0.03983614094246599
-0.7924807495117187,7.326257080078125,7.886500268554687,-0.018119448722994567,-0.15135068933324874,-0.032508422708902016
-0.5865794067382812,7.187393383789062,8.046911779785155,-0.15481470158911534,-0.17533231264309448,0.009992343045769061
-0.9840168823242187,7.326257080078125,7.845798840332031,-0.8039173058422737,-0.1261699848579107,0.02105053601642016
-2.1404162841796874,4.297591979980469,5.911283898925781,-0.3096294031782307,0.06115313944010666,0.28271669257495935
-1.7214309936523438,6.150704064941406,8.489839086914062,-0.5794226654139953,0.08446860654690114,0.5967427266933284
0.42377369384765623,6.792350109863281,10.271125122070313,-0.011457886692481857,0.2199647782475296,0.12044104151166976
-0.6679822631835937,6.069301208496094,8.585607153320312,0.14988514568653594,0.4164808581476545,-0.2763215930256671
-2.147598889160156,5.736507177734374,7.599196069335937,0.38317304799509094,0.17733078125224827,-0.2220964780972937
-0.7230489013671875,6.754042883300781,8.336610180664062,0.4877595718741405,0.12017457903044926,-0.2423476266700523
-0.7134720947265625,7.252036828613281,7.745242370605468,0.4965528337544173,0.37531240479908595,-0.35466156250449654
-2.588131994628906,6.526593725585937,6.828263134765624,0.3039004598319897,0.08566768771239343,-0.017719755001163805
-0.7637503295898437,7.268796240234375,8.271966735839843,0.17826339993652007,0.05062787143189658,0.025447166956558548
-0.9744400756835937,6.955155822753905,7.955932116699218,-0.08113782553164478,0.1633415009881716,0.06928024511733216
-1.1420341918945311,6.648698010253906,8.116343627929687,-0.1950505362534121,0.18452526824520202,0.2258269528343808
-1.438915197753906,6.739677673339843,7.611167077636718,-0.0514272588755581,0.0302434916185277,0.12830168470767475
-3.3016040893554686,7.438784558105469,7.230489013671875,0.09392802463022919,0.006928024511733216,0.16200918858206906
-1.7932570434570312,6.976703637695312,7.321468676757812,-0.09073047485558308,-0.16214241982267932,0.12457120997058764
-0.6775590698242188,7.522581616210937,8.394071020507813,-0.2693935685139339,0.03410719759622506,-0.025047473234727783
-1.2425906616210938,6.320692382812499,7.809885815429687,-0.23368759603038583,0.17852986241774058,-0.0575558959436298
-0.9193734375,6.497863305664062,8.221688500976562,0.13816079651283356,0.1267029098203517,-0.1692036755750228
-1.0079588989257813,6.947973217773437,7.912836486816405,0.2580689130620623,0.22103062817241168,-0.26206585028036994
-1.6256629272460936,6.153098266601562,6.533776330566406,0.29777182276391806,0.3377411949469943,-0.20890658527687853
-1.9656395629882812,6.263231542968749,7.326257080078125,0.40742113378615724,0.224361409187668,0.19291883640364801
-1.2497732666015624,7.4962453979492185,7.996633544921875,0.32535068957024066,0.13789433403161305,0.1970490048625659
-1.1851298217773436,7.371746911621093,7.067683300781249,-0.010125574286379316,0.23848392069235497,0.14015926512198737
-1.2593500732421874,7.572859851074218,7.2903440551757805,-0.16667228200342796,-0.020517611053979142,0.24914241994117528
-1.956062756347656,7.850587243652344,6.215347509765625,-1.25810260508263,-0.06994640132038345,0.47283767292579204
-2.959233251953125,7.994239343261718,9.150638745117186,0.10751761117247512,-0.7936585003152841,-0.05662327725935802
-0.6584054565429687,6.940790612792968,8.061276989746093,-0.5002833084915044,0.2808514552064158,-0.22009800948813987
-1.0678139404296874,6.445190869140625,8.180987072753906,-0.0671485452675681,0.03410719759622506,-0.23208882114306276
-1.1707646118164061,6.505045910644531,8.157045056152343,0.19638284865951464,0.20437672309612986,-0.36745176160308096
-1.3958195678710936,6.387730029296875,7.455543969726562,0.30669831588480506,0.2610000003554879,-0.4980183774011301
-2.5067291381835934,5.449202978515625,6.038176586914062,0.3510643190080197,0.279385911559703,0.0
-1.3072341064453123,7.465120776367187,8.118737829589843,0.1898545178696122,0.11737672297763392,0.12004134778983899
-1.3072341064453123,7.5153990112304685,7.501033801269531,0.09459418083328046,0.05502450237203497,-0.036238897445989134
-1.8938135131835936,7.189787585449218,6.5768719604492185,-0.41474885201972117,-0.029444104174866172,0.17013629425929458
-1.7836802368164062,6.734889270019531,6.861781958007812,-0.8747963258469288,-0.2459448701665292,0.5097427265748324
0.29927520751953124,7.654262707519531,9.476250170898437,-0.1589448700480332,-0.46497702972978705,0.23488667719587808
-0.6775590698242188,6.710947253417968,8.015787158203125,-0.18572434941069432,0.2424808579106626,-0.183992343282761
-1.3192051147460937,6.385335827636719,7.809885815429687,0.010658499248820334,0.08566768771239343,-0.10352067395416749
-0.9074024291992187,6.658274816894531,8.164227661132813,0.22516079663132954,0.19425114880975056,-0.19824808602805818
-1.6424223388671875,6.253654736328125,7.206546997070312,0.4856278720243764,0.26819448734844165,-0.20943951023931956
-1.6448165405273436,6.833051538085937,7.180210778808593,0.3485329254364249,0.14602143970883857,-0.01732006127933304
-1.4628572143554686,7.141903552246093,7.838616235351562,0.39343185352208054,0.19052067407266346,-0.00013323124061025415
-1.6208745239257811,7.038952880859375,7.070077502441406,0.3193552837427792,0.22835834640597563,-0.0026646248122050836
-2.583343591308594,6.133944653320312,6.574477758789062,0.11151454839078273,-0.056090352296917,0.2849816236653337
-1.7908628417968748,6.902483386230468,7.256825231933593,0.16933690681563304,-0.2564701381747393,0.08153751925347555
-1.3048399047851562,8.09479581298828,7.524975817871093,0.009459418083328047,-0.30203522246344616,0.15241653925813076
-0.5626373901367188,9.030928662109375,7.4603323730468745,-0.576091884398739,-0.058754977109122086,0.09046401237436258
-1.4939818359375,6.093243225097656,6.5960255737304685,-0.7604839214033308,-0.17200153162783813,0.20610872922406318
-1.0319009155273438,7.077260107421875,8.93755479736328,0.01985145485092787,-0.14788667707738212,-0.06594946410207582
-0.8882488159179687,7.012616662597656,7.453149768066406,-0.1217733539177723,0.4306033696523414,-0.3261500770139022
-1.697488977050781,6.399701037597656,6.770802294921874,-0.04383307816077362,0.11964165406800824,-0.14988514568653594
-1.5801730957031248,6.8976949829101555,7.606378674316406,0.011191424211261349,0.022382848422522698,0.049695252747624805
-0.9696516723632812,7.592013464355468,7.881711865234375,0.035705972483548114,0.2069081166677247,-0.10352067395416749
-1.5107412475585937,6.988674645996094,6.787561706542968,0.14961868320531543,0.2559372132122983,-0.19878101099049922
-1.9919757812499999,6.720524060058593,6.696582043457031,0.11910872910556722,0.07833996947882944,-0.10192189906684443
-1.254561669921875,7.419630944824219,7.920019091796875,0.26313170020525195,-0.049828483988235056,-0.15334915794240253
-1.4437036010742186,7.299920861816406,7.041347082519531,-0.1220398163989928,0.023315467106794475,0.3100290969000614
-2.0973206542968748,7.192181787109375,6.337451794433593,-0.7406324665524029,-0.3473338442709326,0.46630934213588954
-1.0534487304687499,6.564900952148437,7.644685900878906,-0.496419602513807,-0.4180796330349776,0.0656830016208553
-0.15562310791015624,7.560888842773437,8.386888415527343,-0.3551944874669376,-0.05182695259738887,-0.11497856064664934
-1.24498486328125,6.45476767578125,7.773972790527344,-0.12390505376753637,0.0037304747370871167,-0.22635987779682182
-1.7381904052734374,6.392518432617187,7.860164050292968,-0.03410719759622506,0.11178101087200323,-0.13123277200110037
-1.3287819213867187,6.718129858398437,7.829039428710937,0.1526830017393513,0.03064318534035846,-0.09699234316426504
-1.3144167114257812,7.156268762207031,7.266402038574219,-0.01945176112909711,-0.021983154700691936,0.13096630951987984
-1.6639701538085936,6.72291826171875,7.249642626953125,0.016787136316892024,0.05076110267250683,-0.09739203688609578
-1.3359645263671873,6.955155822753905,7.896077075195312,0.09379479338961894,-0.01212404289553313,0.16547320083793565
-1.4987702392578124,6.926425402832031,7.321468676757812,0.015854517632620246,0.04316692195772235,-0.0415681470703993
-1.6543933471679686,7.050923889160156,6.931213806152344,-0.17906278738018158,-0.049562021507014546,0.22795865268414486
-1.2761094848632812,6.89530078125,7.110778930664062,-0.3092297094563999,-0.10405359891660851,0.06128637068071692
-1.3263877197265623,7.350199096679687,7.824251025390624,-0.2366186833238114,-0.14895252700226413,0.03011026037791744
-1.0103531005859374,7.232883215332031,7.9104422851562495,-0.3246845333671894,-0.10378713643538799,-0.08620061267483445
-1.3862427612304686,6.639121203613281,7.335833886718749,-0.5706294035337186,-0.2592679942275546,0.049428790266404295
-3.4644098022460934,6.555324145507812,8.604760766601562,-0.320820827389492,-0.5513108736452318,0.3023016849446667
-0.584185205078125,6.847416748046874,8.664615808105468,-0.1865237368543558,-0.012923430339194655,0.10498621760088028
-1.2904746948242187,6.392518432617187,7.75721337890625,-0.06554977038024505,-0.006128637068071691,0.028378254249984136
-1.2282254516601563,6.517016918945312,8.259995727539062,0.016520673835671518,0.015454823910789483,0.031975497746460996
-0.8379705810546875,6.6271501953125,8.233659509277343,0.23062327749634998,0.21383614117945793,-0.13269831564781315
-2.2266075439453124,6.095637426757812,7.556100439453124,0.35985758088829645,0.13349770309147468,-0.03144257278401998
-1.1563994018554686,7.182604980468749,7.845798840332031,0.23675191456442166,0.1386937214752746,0.008260336917835759
-1.3048399047851562,7.134720947265625,7.467514978027343,0.014255742745297196,0.0058621745868511835,0.015588055151399738
-1.2234370483398436,6.842628344726562,7.6087728759765625,-0.11004900474406994,-0.19851454850927872,0.04583154676992743
-1.2401964599609374,7.101202124023437,7.216123803710937,-0.5898147021815952,-0.12044104151166976,0.07794027575699868
-1.2138602416992186,6.490680700683593,7.970297326660156,-0.5030811645443197,-0.3266830019763432,0.12803522222645425
0.09337386474609374,5.963956335449218,8.125920434570313,-0.28897856088364127,0.0961929557206035,0.05982082703400412
-1.0271125122070313,6.584054565429687,8.166621862792969,-0.08353598786262936,0.11457886692481858,0.03703828488965066
-0.5865794067382812,6.883329772949218,8.556876733398436,0.027045941843881597,0.14402297109968476,-0.07021286380160395
-0.74699091796875,6.342240197753906,8.17859287109375,0.11524502312786984,0.37358039867115267,-0.21663399723227325
-2.2864625854492187,5.6766521362304685,6.8210805297851556,0.5479800926299754,0.42514088878732104,-0.04596477801053769
-1.4628572143554686,6.9168485961914055,7.711723547363281,0.42860490104318766,0.23408728975221654,0.12537059741424916
-0.833182177734375,6.8593877563476555,7.4770917846679685,0.16227565106328956,0.09259571222412663,0.2135696786982374
-1.3479355346679687,7.6087728759765625,7.110778930664062,0.07261102613258852,-0.2334211335491653,0.22183001561607318
-1.2880804931640624,7.841010437011718,6.883329772949218,-0.7566202154256334,-0.38450536040119354,0.2053093417804017
-0.5793968017578125,7.058106494140625,8.623914379882812,-0.41261715216995715,-0.6669555904949324,0.022915773384963714
0.3806780639648437,6.902483386230468,8.913612780761719,-0.41461562077911096,-0.04703062793541972,-0.1308330782792696
-0.8068459594726562,6.203376501464843,8.353369592285155,-0.1787963248989611,0.046098009251147945,-0.19158652399754547
-0.8906430175781249,6.160280871582031,8.212111694335936,0.013189892820415163,0.14868606452104366,-0.1529494642205718
-0.842758984375,6.349422802734375,8.123526232910155,0.2711255746418672,0.24980857614422658,-0.1967825423813454
-1.2689268798828124,6.72291826171875,7.311891870117187,0.4299372134492902,0.37384686115237314,-0.06181929564315793
-0.9409212524414062,7.314286071777343,7.8912886718749995,0.44992189954082834,0.24114854550456005,-0.08233690669713707
-1.2808978881835937,6.943184814453125,7.3837179199218745,0.20450995433674016,0.1921194489599865,0.007860643196004996
-1.3359645263671873,7.266402038574219,7.266402038574219,0.049029096544573526,0.03011026037791744,-0.08180398173469605
-1.6448165405273436,7.433996154785156,6.811503723144531,-0.6161944878224255,-0.25154058227215986,0.1310995407604901
-1.6112977172851561,6.023811376953125,6.019022973632812,-0.574493109511416,-0.26979326223576466,0.18066156226750466
-2.7748797241210936,6.672640026855468,8.542511523437499,-0.49681929623563775,-0.2917764169364566,0.1721347628684484
-0.2657563842773437,7.187393383789062,9.018957653808593,-0.37624502348335775,0.12084073523350053,-0.23035681501512945
-1.1923124267578125,5.722141967773437,7.936778503417968,-0.16001071997291527,0.31389280287775884,-0.21277029125457592
-1.465251416015625,5.671863732910156,8.202534887695313,0.22449464042827827,0.22462787166888853,-0.08326952538140886
-1.5921441040039062,5.741295581054687,7.752424975585937,0.521067382026704,0.3114946405467742,0.005062787143189658
-1.8531120849609375,6.105214233398437,7.977479931640625,0.8482833089654882,0.12363859128631587,0.10685145496942385
-0.97683427734375,7.426813549804687,7.522581616210937,0.5331914249222371,0.27458958689773383,0.04836294034152226
-1.2713210815429687,7.704540942382812,7.055712292480468,0.28404900498106184,0.07714088831333717,-0.01851914244482533
-1.6041151123046875,7.42441934814453,6.926425402832031,-0.18492496196703279,-0.14975191444592567,0.08353598786262936
-1.2018892333984375,8.169016064453125,6.8785413696289055,-0.8650704452823803,-0.3068315471254154,0.1456217459870078
-2.1308394775390624,5.741295581054687,6.756437084960937,-0.5153384386804631,-0.4361990817579721,0.23368759603038583
-1.180341418457031,6.318298181152343,8.583212951660157,-0.37398009239298347,0.010924961730040842,0.18878866794473015
-0.9528922607421875,6.533776330566406,8.315062365722655,-0.06275191432742971,0.06501684541780403,0.08953139369009079
-1.0558429321289062,6.402095239257812,8.09479581298828,0.13309800936964392,0.16760490068769973,0.040502297145517265
-0.8044517578125,7.115567333984375,7.826645227050781,0.2644640126113545,0.2511408885503291,0.0003996937218307625
-1.3718775512695311,6.572083557128906,7.601590270996093,0.2887120984024208,0.183992343282761,-0.003863705977697371
-1.0726023437499999,7.189787585449218,7.920019091796875,0.6217901999280562,0.35079785652679923,-0.3694502302122348
-1.7788918334960937,6.488286499023437,6.785167504882812,0.34173813216530197,0.3325451765631944,-0.018119448722994567
-1.0223241088867188,7.465120776367187,7.730877160644531,0.29883767268880007,0.24900918870056504,-0.03890352225819422
-1.0079588989257813,7.3478048950195305,7.297526660156249,0.27445635565712356,0.31908882126155874,-0.15188361429568975
-1.6831237670898436,7.017405065917968,7.110778930664062,0.14482235854334627,0.023182235866184224,-0.09632618696121377
-0.8667010009765624,8.698134631347656,6.959944226074218,-0.685075039217927,-0.14908575824287443,0.045565084288706925
-3.545812658691406,5.655104321289063,5.547365246582031,-1.3617565102774079,-0.8192388985124528,0.568231241202734
-0.05027823486328125,8.365340600585936,10.498574279785156,-0.3301470142322098,-0.4223430327345057,-0.23968300185784724
-0.9696516723632812,6.3709706176757805,8.003816149902343,-0.1456217459870078,0.3877029101758396,-0.17479938768065348
-1.8722656982421875,6.208164904785156,7.196970190429687,-0.09406125587083944,0.018652373685435583,0.045032159326265905
-0.7398083129882812,7.388506323242187,8.501810095214843,0.11564471684970061,0.26259877524281094,-0.14975191444592567
-1.3359645263671873,6.828263134765624,7.0652890991210935,0.21490199110433997,0.40155895919930606,-0.3013690662603949
-1.838746875,6.445190869140625,7.175422375488281,0.12057427275228003,0.014255742745297196,-0.03370750387439431
-1.0726023437499999,7.070077502441406,7.936778503417968,-0.018119448722994567,0.016653905076281773,0.002264931090374321
-1.5203180541992187,6.8593877563476555,7.395688928222656,-0.1842588057639815,-0.03437366007744557,0.07714088831333717
-1.16837041015625,7.287949853515625,7.398083129882812,-0.6868070453458602,-0.14788667707738212,0.3298805517509893
-1.3646949462890625,6.210559106445312,7.398083129882812,-0.15654670771704865,-0.24034915806089852,0.1028545177511162
-0.9864110839843749,6.880935571289062,8.233659509277343,-0.21463552862311946,0.223828484225227,-0.00985911180515881
-1.4772224243164063,6.452373474121093,7.824251025390624,-0.000799387443661525,-0.010258805526989571,0.06515007665841428
-0.9816226806640624,6.574477758789062,8.003816149902343,0.050894333913117096,0.18452526824520202,0.01532159267017923
-1.0630255371093749,6.701370446777343,7.977479931640625,0.2887120984024208,0.23475344595526784,-0.08007197560676275
-1.714248388671875,6.339845996093749,7.3861121215820305,0.42567381374976204,0.058488514627901576,0.004929555902579405
-1.139639990234375,6.969521032714844,7.503428002929687,0.16947013805624328,0.1781301686959098,0.07074578876404496
-1.3144167114257812,6.955155822753905,7.307103466796875,0.05915467083095285,0.036105666205378875,-0.05968759579339387
-1.197100830078125,7.599196069335937,7.6087728759765625,-0.02691271060327134,0.0752756509447936,0.014522205226517705
-1.5969325073242187,7.043741284179687,7.266402038574219,-0.1151117918872596,0.006528330789902454,-0.021716692219471426
-1.3335703247070312,6.9336080078124995,7.618349682617187,-0.13323124061025418,-0.015188361429568975,-0.005062787143189658
-1.1827356201171875,7.005434057617187,7.587225061035156,-0.12896784091072602,0.022516079663132953,0.0369050536490404
-0.9840168823242187,7.230489013671875,7.6087728759765625,-0.2130367537357964,0.04703062793541972,-0.02464777951289702
-0.8547299926757812,6.639121203613281,7.491456994628906,-0.2290245026090269,-0.057689127184240054,0.009992343045769061
-1.1348515869140625,6.687005236816406,7.805097412109374,-0.17040275674051508,0.017986217482384312,0.00985911180515881
-1.1540052001953125,6.809109521484374,7.754819177246094,-0.07554211342601411,0.0848683002687319,-0.0006661562030512709
-1.2952630981445312,6.7037646484375,7.524975817871093,-0.0752756509447936,0.022116385941302188,0.026779479362661087
-1.235408056640625,6.739677673339843,7.517793212890624,-0.053159265003491406,0.0021316998497640663,0.02398162330984575
-1.189918225097656,6.854599353027344,7.81467421875,-0.032108728987071254,0.03450689131805583,-0.0057289433462409285
-1.3670891479492187,6.543353137207031,7.606378674316406,-0.033307810152563545,-0.004263399699528133,0.04876263406335302
-1.2593500732421874,6.732495068359374,7.651868505859374,-0.014921898948348467,-0.02118376725703041,0.010924961730040842
-1.1635820068359375,6.83783994140625,7.697358337402343,0.03770444109270193,-0.02971056665608668,-0.017852986241774057
-0.928950244140625,7.173028173828125,7.671022119140624,-0.0018652373685435584,0.02971056665608668,-0.059021439590342596
-1.1827356201171875,6.974309436035155,7.60398447265625,-0.033307810152563545,0.03557274124293786,-0.023448698347404734
-1.2234370483398436,6.833051538085937,7.637503295898437,-0.054225114928373445,0.03863705977697371,-0.018918836166656093
-1.1875240234375,6.87614716796875,7.738059765625,-0.045565084288706925,0.006128637068071691,0.008926493120887028
-1.216254443359375,6.782773303222656,7.56567724609375,-0.02105053601642016,0.05942113331217336,-0.08553445647178318
-1.4700398193359374,6.974309436035155,7.682993127441406,-0.05622358353752725,0.04290045947650184,-0.008793261880276773
-1.1276689819335937,7.041347082519531,7.685387329101562,-0.018385911204215073,0.029843797896696934,0.01052526800821008
-1.3048399047851562,6.926425402832031,7.45075556640625,-0.03703828488965066,0.028644716731204646,0.015588055151399738
-1.0845733520507812,7.180210778808593,7.6279264892578125,-0.021983154700691936,0.04849617158213252,-0.05635681477813751
-1.2856862915039062,6.8976949829101555,7.445967163085937,-0.06088667695888615,0.013189892820415163,-0.006128637068071691
-1.2378022583007813,6.902483386230468,7.678204724121093,-0.07714088831333717,0.02598009191899956,0.021583460978861175
-1.9416975463867185,6.868964562988281,7.663839514160156,-0.011724349173702367,-0.028911179212425153,-0.003464012255866608
-1.1923124267578125,6.957550024414062,7.601590270996093,-0.02598009191899956,0.045165390566876164,-0.01971822361031762
-1.218648645019531,6.89530078125,7.551312036132812,-0.04236753451406082,0.008260336917835759,-0.0057289433462409285
-1.1013327636718748,6.907271789550781,7.726088757324218,-0.019052067407266345,0.0610199081994964,-0.016653905076281773
-1.3407529296874998,6.845022546386718,7.544129431152343,0.0030643185340358454,0.03930321598002497,-0.0029310872934255917
-1.180341418457031,6.964732629394531,7.64229169921875,0.005462480865020421,0.009326186842717792,0.0095926493239383
-1.3215993164062498,7.091625317382812,7.580042456054687,0.015454823910789483,0.041434915829789046,-0.0037304747370871167
-1.2737152832031249,7.034164477539062,7.371746911621093,-0.02438131703167651,0.05156049011616837,-0.010258805526989571
-1.2018892333984375,6.904877587890625,7.472303381347656,-0.04809647786030175,0.01505513018895872,0.023049004625573973
-1.4006079711914061,6.854599353027344,7.678204724121093,-0.0433001531983326,0.004663093421358896,0.027578866806322613
-1.0342951171875,7.024587670898437,7.656656909179687,0.02424808579106626,0.07394333853869106,-0.04369984692016337
-1.3287819213867187,6.871358764648437,7.369352709960937,-0.018785604926045835,0.040502297145517265,-0.0057289433462409285
-1.1947066284179686,6.967126831054687,7.484274389648437,-0.01438897398590745,0.018385911204215073,0.023315467106794475
-1.2282254516601563,6.828263134765624,7.556100439453124,-0.0014655436467127959,0.05156049011616837,0.009725880564548555
-1.1827356201171875,6.988674645996094,7.41244833984375,0.009992343045769061,0.021716692219471426,0.014122511504686942
-1.2042834350585936,6.9719152343749995,7.536946826171874,-0.007194486992953725,0.009326186842717792,0.0073277182335639785
-1.2042834350585936,7.072471704101562,7.532158422851562,0.015987748873230498,0.029444104174866172,-0.01851914244482533
-0.8571241943359375,7.252036828613281,7.37414111328125,-0.004529862180748642,0.04170137831100955,0.027312404325102103
-1.180341418457031,7.132326745605468,7.431601953125,-0.01052526800821008,0.0543583461689837,-0.025447166956558548
-1.1037269653320312,6.924031201171875,7.390900524902343,-0.01185758041431262,0.03170903526524049,-0.036372128686599385
-1.2521674682617188,7.048529687499999,7.448361364746093,-0.025447166956558548,0.03970290970185574,-0.017986217482384312
-1.0941501586914062,6.993463049316406,7.536946826171874,-0.0014655436467127959,0.04862940282274277,-0.02438131703167651
-1.1755530151367186,7.034164477539062,7.46272657470703,0.007993874436615249,0.05728943346240929,0.0013323124061025418
-1.235408056640625,7.098807922363281,7.338228088378906,-0.014122511504686942,0.040901990867348026,0.0075941807147844875
-1.158793603515625,7.149086157226562,7.436390356445312,0.0019984686091538122,0.03530627876171736,-0.004529862180748642
-1.2761094848632812,7.1778165771484375,7.292738256835937,-0.0415681470703993,0.04170137831100955,-0.008793261880276773
-1.24498486328125,7.036558679199218,7.448361364746093,-0.056090352296917,0.020650842294589397,0.004529862180748642
-1.1611878051757811,6.959944226074218,7.568071447753906,-0.037304747370871166,0.06128637068071692,0.014921898948348467
-1.2569558715820313,7.091625317382812,7.398083129882812,-0.005196018383799912,0.041035222107958284,0.0095926493239383
-1.209071838378906,7.194575988769531,7.357381701660156,-0.027845329287543123,0.06408422673353224,-0.007727411955394742
-1.2832920898437499,7.134720947265625,7.280767248535156,-0.04596477801053769,0.03144257278401998,-0.014122511504686942
-1.1659762084960936,7.072471704101562,7.40526573486328,-0.06315160804926047,0.024114854550456002,-0.010392036767599824
-1.1156979736328125,7.055712292480468,7.474697583007812,-0.032508422708902016,0.06674885154573734,-0.028111791768763626
-1.2665326782226562,6.907271789550781,7.4411787597656245,-0.029843797896696934,0.0369050536490404,-0.0031975497746461
-1.2737152832031249,7.070077502441406,7.4411787597656245,-0.0019984686091538122,0.058355283387291325,0.007061255752343471
-1.2497732666015624,7.225700610351562,7.340622290039062,-0.013323124061025418,0.04316692195772235,-0.012390505376753637
-1.3168109130859373,7.094019519042968,7.350199096679687,-0.035972434964768624,0.058754977109122086,-0.0063950995492922
-1.1540052001953125,7.326257080078125,7.4220251464843745,-0.040901990867348026,0.10884992357857766,-0.04876263406335302
-1.3862427612304686,7.199364392089843,7.266402038574219,-0.07860643196004995,0.14322358365602322,-0.0511607963943376
-1.4437036010742186,6.995857250976562,7.165845568847656,-0.07780704451638844,0.0860673814342242,-0.017586523760553547
-1.2665326782226562,7.345410693359375,7.369352709960937,-0.13536294046001823,0.07794027575699868,-0.004130168458917879
-0.86191259765625,7.285555651855469,7.225700610351562,-0.19691577362195564,-0.04636447173236845,-0.002398162330984575
-1.0486603271484374,7.249642626953125,7.067683300781249,-0.4761684539410484,0.02371516082862524,0.05235987755982989
-1.8100164550781248,6.009446166992187,6.811503723144531,-0.2639310876489135,0.05222664631921963,0.0369050536490404
-0.9696516723632812,7.208941198730468,7.994239343261718,-0.25273966343765214,0.23102297121818072,-0.06954670759855268
-1.2473790649414063,6.967126831054687,7.999027746582031,-0.0031975497746461,0.12430474748936714,-0.12230627888021332
-1.5538368774414062,7.4028715332031245,7.639897497558593,0.12816845346706449,0.35999081212890677,-0.2346202147146576
-2.454056701660156,6.016628771972656,6.512228515625,0.20437672309612986,0.16986983177807405,0.09685911192365478
-1.407790576171875,7.041347082519531,7.40526573486328,0.012390505376753637,-0.041967840792230066,0.03170903526524049
-1.3575123413085937,7.208941198730468,7.4603323730468745,-0.05915467083095285,-0.026379785640830326,0.08673353763727547
-1.5275006591796874,7.414842541503906,7.173028173828125,-0.3569264935948709,-0.02464777951289702,0.135762634181849
-1.1372457885742187,6.993463049316406,7.113173132324218,-0.6614931096299119,-0.13882695271588483,0.18159418095177643
-2.0542250244140625,7.101202124023437,8.43956085205078,-0.2066416541865042,-0.3344104139317379,0.11124808590956223
-1.158793603515625,6.399701037597656,7.943961108398437,-0.16880398185319204,0.1119142421126135,-0.03144257278401998
-1.2330138549804688,6.624755993652343,7.747636572265624,0.013323124061025418,0.07047932628282445,-0.04369984692016337
-1.2114660400390624,6.509834313964843,7.951143713378905,0.21716692219471428,0.1365620216255105,-0.12243951012082357
-1.5011644409179687,6.562506750488281,7.3861121215820305,0.44898928085655654,0.0770076570727269,-0.09286217470534716
-1.1061211669921875,6.871358764648437,7.218518005371093,0.20877335403626826,0.07607503838845513,-0.006928024511733216
-1.3862427612304686,7.225700610351562,7.484274389648437,0.032508422708902016,-0.022249617181912446,0.031575804024630234
-1.2617442749023438,7.311891870117187,7.335833886718749,-0.09672588068304452,0.04276722823589159,0.0401026034236865
-1.4053963745117186,7.031770275878906,7.4962453979492185,-0.07913935692249098,0.0035972434964768626,0.009192955602107537
-1.2856862915039062,6.995857250976562,7.481880187988281,-0.03703828488965066,0.03410719759622506,-0.05275957128166065
-1.6208745239257811,6.782773303222656,7.240065820312499,-0.028245023009373885,0.010125574286379316,0.0013323124061025418
-1.3383587280273437,7.062894897460937,7.4603323730468745,-0.08513476274995241,0.0031975497746461,0.03450689131805583
-1.2928688964843749,6.988674645996094,7.575254052734374,-0.025047473234727783,0.026513016881440577,-0.011591117933092112
-1.3742717529296875,6.969521032714844,7.45075556640625,-0.0255803981971688,0.020384379813368887,-0.01985145485092787
-1.448492004394531,6.873752966308594,7.37414111328125,-0.09339509966778817,0.011591117933092112,0.03903675349880447
-1.3407529296874998,7.1035963256835934,7.60398447265625,-0.07154517620770649,0.0063950995492922,0.003863705977697371
-1.388636962890625,6.947973217773437,7.513004809570312,-0.10738437993186485,0.011191424211261349,0.0063950995492922
-1.158793603515625,7.225700610351562,7.5345526245117185,-0.14655436467127958,0.09179632478046512,-0.020384379813368887
-1.6208745239257811,6.698976245117187,7.182604980468749,-0.1648070446348844,-0.011591117933092112,0.040502297145517265
-1.2425906616210938,6.943184814453125,7.81467421875,-0.06301837680865022,0.02531393571594829,-0.011457886692481857
-1.4101847778320311,6.811503723144531,7.390900524902343,-0.023581929588014985,0.05462480865020421,-0.016520673835671518
-1.3527239379882812,7.029376074218749,7.675810522460937,-0.05915467083095285,0.040901990867348026,-0.06515007665841428
-1.0965443603515623,6.809109521484374,7.568071447753906,0.021983154700691936,0.032241960227681506,-0.054091883687763194
-1.3000515014648437,6.955155822753905,7.4579381713867186,0.04369984692016337,0.0302434916185277,-0.037837672333312186
-1.3718775512695311,7.144297753906249,7.3932947265625,-0.013589586542245924,0.03437366007744557,-0.022649310903743208
-1.4508862060546874,7.199364392089843,7.486668591308593,-0.010392036767599824,-0.06808116395183987,-0.016120980113840753
-1.4963760375976562,7.125144140624999,7.053318090820312,-0.5727611033834826,-0.016254211354451008,0.22396171546583724
-0.9097966308593749,6.926425402832031,8.667010009765624,0.1308330782792696,-0.35359571257961453,0.0006661562030512709
-1.4508862060546874,6.490680700683593,7.455543969726562,-0.11098162342834172,0.24101531426394976,-0.0074609494741742334
-1.005564697265625,7.1586629638671875,7.75721337890625,-0.11124808590956223,0.1769310875304175,-0.0575558959436298
-0.9888052856445312,7.0461354858398435,8.020575561523437,0.08300306290018834,0.17306738155272017,-0.2644640126113545
-2.152387292480469,6.119579443359375,6.928819604492187,0.10138897410440342,0.10418683015721876,-0.10818376737552639
-1.3934253662109375,6.8210805297851556,7.7979148071289055,0.15215007677691025,-0.015987748873230498,0.018252679963604822
-1.4987702392578124,6.9144543945312495,7.3861121215820305,0.13669525286612078,0.07540888218540386,0.012257274136143382
-1.5538368774414062,7.326257080078125,7.3669585083007805,0.0671485452675681,0.03317457891195329,0.023315467106794475
-1.6328455322265625,7.096413720703125,7.024587670898437,-0.11231393583444427,0.03370750387439431,0.06288514556803997
-1.2976572998046874,7.206546997070312,7.630320690917968,-0.11790964794007493,-0.036105666205378875,0.03743797861148142
-1.5035586425781249,7.053318090820312,7.230489013671875,-0.3563935686324299,0.040502297145517265,0.11644410429336215
-2.6982652709960937,7.1203557373046875,7.316680273437499,-0.6082006133858102,-0.08926493120887029,0.20717457914894524
-0.97683427734375,6.940790612792968,8.556876733398436,-0.06488361417719378,-0.2847151611841131,0.045298621807486415
-1.216254443359375,6.354211206054687,7.709329345703124,-0.13762787155039255,0.062085758124378436,0.06341807053048099
-1.0199299072265624,7.000645654296875,7.999027746582031,-0.0302434916185277,0.09392802463022919,-0.007993874436615249
-0.49799394531249996,7.129932543945312,8.202534887695313,0.20744104163016572,0.21210413505152462,-0.2602006129118264
-1.8770541015625,6.186617089843749,6.5577183471679685,0.25500459452802643,0.2787197553566517,-0.23568606463953962
-1.7980454467773437,6.7037646484375,7.3932947265625,0.22569372159377055,-0.10805053613491612,0.04663093421358895
-1.2713210815429687,7.3669585083007805,7.474697583007812,0.0941944871114497,0.08380245034384987,-0.010791730489430587
-1.5275006591796874,7.275978845214843,7.192181787109375,0.009059724361497283,0.0074609494741742334,-0.00479632466196915
-1.254561669921875,7.618349682617187,7.264007836914062,-0.3810413481453269,0.02571362943777905,0.15654670771704865
-1.668758557128906,6.751648681640624,7.194575988769531,-0.5321255749973551,-0.14375650861846423,0.08899846872764978
-0.2346317626953125,6.983886242675781,8.647856396484375,-0.14402297109968476,-0.029177641693645662,-0.057422664703019544
-1.5131354492187499,6.203376501464843,7.714117749023437,0.0011990811654922875,0.06515007665841428,-0.0006661562030512709
-1.24498486328125,6.804321118164062,7.685387329101562,0.04743032165725048,0.13802756527222332,-0.012923430339194655
-1.5370774658203123,6.880935571289062,7.4579381713867186,0.27805359915360045,0.10671822372881358,-0.08060490056920376
-1.5801730957031248,6.766013891601562,7.304709265136719,0.21250382877335539,0.12563705989546967,-0.03170903526524049
-1.4221557861328125,7.094019519042968,7.3478048950195305,0.14682082715250008,0.0511607963943376,-0.0035972434964768626
-1.9033903198242186,7.264007836914062,7.321468676757812,0.0656830016208553,0.03903675349880447,0.03064318534035846
-1.4628572143554686,7.292738256835937,7.426813549804687,0.03424042883683532,0.029444104174866172,0.01185758041431262
-1.4317325927734375,7.137115148925781,7.343016491699219,0.02145022973825092,0.07833996947882944,-0.05822205214668107
-1.5682020874023437,7.074865905761718,7.199364392089843,-0.015588055151399738,0.02851148549059439,0.02105053601642016
-1.5825672973632812,7.0269818725585935,7.184999182128906,-0.06741500774878861,0.04543185304809667,0.05382542120654268
-1.3263877197265623,7.201758593749999,7.44357296142578,-0.07021286380160395,0.06554977038024505,0.04343338443894285
-1.6136919189453125,6.885723974609375,7.144297753906249,-0.050894333913117096,0.05329249624410167,0.07354364481686029
-1.2976572998046874,7.41244833984375,7.340622290039062,-0.03503981628049684,0.02424808579106626,0.02131699849764067
-1.6232687255859375,7.3286512817382805,6.725312463378906,-0.5157381324022938,0.1119142421126135,0.21903215956325783
-1.3670891479492187,7.146691955566406,7.711723547363281,-0.42554058250915183,-0.10432006139782901,0.0750091884635731
-0.8044517578125,7.216123803710937,8.104372619628906,-0.13349770309147468,0.17479938768065348,-0.19158652399754547
-1.8363526733398436,6.519411120605469,7.055712292480468,-0.07847320071943971,-0.011324655451871604,-0.0039969372183076245
-1.43652099609375,6.9144543945312495,7.335833886718749,-0.19052067407266346,0.03450689131805583,0.050094946469455566
-1.2617442749023438,7.42441934814453,7.769184387207031,-0.02598009191899956,-0.07913935692249098,-0.0433001531983326
-1.5035586425781249,6.660669018554687,7.417236743164062,-0.1438897398590745,0.0334410413931738,-0.008793261880276773
-1.1851298217773436,6.83783994140625,7.963114721679687,-0.019984686091538122,0.035173047521107094,-0.03384073511500456
-1.1540052001953125,7.024587670898437,7.829039428710937,0.07634150086967564,0.16107656989779728,-0.16427411967244337
-1.618480322265625,7.1395093505859375,7.077260107421875,0.21876569708203733,0.19158652399754547,-0.17506585016187395
-2.1595698974609374,6.866570361328125,7.129932543945312,0.19584992369707363,0.03863705977697371,0.002398162330984575
-1.4125789794921875,7.398083129882812,7.362170104980469,0.020517611053979142,0.06874732015489114,0.026646248122050836
-1.6112977172851561,7.242460021972656,7.029376074218749,-0.16467381339427414,0.0029310872934255917,0.08127105677225505
-1.608903515625,7.220912207031249,7.098807922363281,-0.521067382026704,0.0,0.1554808577921666
-0.9720458740234375,6.2584431396484375,7.378929516601562,-0.2761883617850569,-0.07487595722296284,0.08366921910323963
-0.9576806640625,7.151480358886718,7.941566906738281,-0.21490199110433997,0.20757427287077598,-0.05688973974057853
-1.5107412475585937,6.794744311523437,7.678204724121093,-0.035972434964768624,0.0030643185340358454,0.0019984686091538122
-1.4987702392578124,6.734889270019531,7.580042456054687,-0.049428790266404295,0.058488514627901576,0.019984686091538122
-1.0917559570312498,7.141903552246093,8.147468249511718,0.09526033703633173,0.12164012267716205,-0.07714088831333717
-1.8219874633789062,6.555324145507812,6.919242797851562,0.2777871366723799,0.31282695295287677,-0.17906278738018158
-1.8818425048828125,6.696582043457031,7.062894897460937,0.10591883628515206,0.004130168458917879,0.10032312417952138
-1.5562310791015623,6.974309436035155,7.371746911621093,-0.0026646248122050836,-0.046098009251147945,0.17613170008675602
-1.149216796875,7.498639599609374,7.594407666015624,-0.0604869832370554,0.0863338439154447,0.005196018383799912
-1.5227122558593749,7.094019519042968,7.182604980468749,-0.06728177650817835,0.02997702913730719,-0.03130934154340973
-1.465251416015625,7.070077502441406,7.41244833984375,-0.09579326199877274,-0.010791730489430587,-0.0075941807147844875
-1.369483349609375,7.067683300781249,7.575254052734374,-0.12057427275228003,0.044099540641994124,-0.006928024511733216
-1.4820108276367188,7.275978845214843,7.237671618652343,-0.2928422668613387,0.036372128686599385,0.08180398173469605
-1.5729904907226562,6.888118176269531,7.45075556640625,-0.3487993879176454,-0.11790964794007493,0.09486064331450096
-1.0103531005859374,7.211335400390625,8.303091357421874,-0.09712557440487528,-0.08060490056920376,-0.03450689131805583
-1.5514426757812498,6.564900952148437,7.376535314941406,-0.0961929557206035,0.07367687605747056,-0.028378254249984136
-1.2473790649414063,6.880935571289062,7.8529814453124995,-0.023315467106794475,0.06475038293658353,-0.018252679963604822
-1.1133037719726562,7.369352709960937,8.020575561523437,0.1680045944095305,0.1636079634693921,-0.23648545208320115
-2.1116858642578125,6.4739212890625,6.9910688476562495,0.2819173051312978,0.06808116395183987,-0.20317764193063761
-3.1124621582031247,7.0461354858398435,7.388506323242187,0.09566003075816248,-0.05102756515372735,0.01345635530163567
-1.5610194824218748,7.275978845214843,7.029376074218749,-0.1584119450855922,-0.028245023009373885,0.0668820827863476
-1.4125789794921875,7.448361364746093,7.481880187988281,-0.35999081212890677,-0.0927289434647369,0.06621592658329632
-1.6543933471679686,4.972756848144531,6.114791040039062,-0.5439831554116678,-0.1183093416619057,0.010392036767599824
-0.0526724365234375,7.860164050292968,8.748412866210938,-0.26459724385196476,-0.0031975497746461,0.004130168458917879
-0.39743747558593745,6.268019946289062,7.9655089233398435,-0.036372128686599385,0.020650842294589397,-0.15987748873230498
-0.9696516723632812,6.9719152343749995,8.190563879394531,0.03823736605514295,0.20837366031443752,-0.21690045971349378
-2.2744915771484373,6.423643054199219,7.220912207031249,0.10858346109735714,0.2017120982839248,-0.24701072009141123
-2.020706201171875,6.093243225097656,7.237671618652343,0.33201225160075337,0.04916232778518379,-0.11777641669946469
-1.8411410766601561,6.701370446777343,7.544129431152343,0.26646248122050836,0.12004134778983899,0.02851148549059439
-1.8291700683593748,7.551312036132812,7.0269818725585935,-0.11417917320298782,0.08326952538140886,0.12070750399289026
-1.608903515625,7.271190441894531,7.034164477539062,-0.566632466315411,-0.18798928050106864,0.2220964780972937
-1.6256629272460936,5.104437939453125,6.358999609374999,-0.5639678415032059,0.008526799399056265,0.2186324658414271
-0.8978256225585937,7.584830859375,8.52335791015625,-0.5238652380795193,-0.04583154676992743,0.07167840744831674
-1.0031704956054688,6.830657336425781,7.6470801025390625,-0.36025727461012724,0.010392036767599824,-0.06128637068071692
-0.7996633544921875,6.366182214355469,8.283937744140625,-0.13616232790367974,0.15388208290484356,-0.18998774911022243
0.9552864624023437,5.825092639160156,8.501810095214843,0.3348101076535687,-0.000799387443661525,-0.24381317031676514
-2.442085693359375,5.6766521362304685,7.395688928222656,0.6813445644808398,0.11924196034617748,-0.3080306282909076
-1.8555062866210936,6.7085530517578125,7.3549875,0.505346095634694,-0.029177641693645662,0.02997702913730719
-1.7357962036132812,7.395688928222656,7.101202124023437,0.0671485452675681,0.07460949474174233,0.11271362955627502
-1.608903515625,7.015010864257812,7.182604980468749,-0.3558606436699889,-0.04436600312321464,0.1648070446348844
-1.618480322265625,7.141903552246093,7.570465649414062,-0.609666157032523,-0.09965696797647011,0.26579632501745704
-0.8068459594726562,6.3709706176757805,8.25520732421875,-0.20064624835904277,-0.14122511504686944,0.06954670759855268
-0.5602431884765625,7.144297753906249,8.109161022949218,-0.17826339993652007,0.31669065893057413,-0.08220367545652682
-1.7357962036132812,6.325480786132812,7.64229169921875,0.04836294034152226,-0.03370750387439431,0.037171516130260915
-1.20667763671875,6.904877587890625,8.200140686035155,0.16120980113840752,0.1360290966630695,-0.04703062793541972
-1.649604943847656,6.598419775390624,7.307103466796875,0.17746401249285856,0.15707963267948966,-0.09206278726168562
-1.5251064575195312,6.773196496582031,7.606378674316406,0.2391500768954062,-0.0003996937218307625,-0.029843797896696934
-1.3024457031249999,7.086836914062499,7.690175732421874,0.22889127136841667,0.11790964794007493,-0.07620826962906538
-1.5298948608398437,6.8569935546875,7.189787585449218,0.0866003063966652,0.045032159326265905,-0.03863705977697371
-1.659181750488281,6.983886242675781,7.388506323242187,-0.07807350699760894,-0.11444563568420833,0.07900612568188072
-1.5562310791015623,6.198588098144531,7.395688928222656,-0.24421286403859588,-0.1633415009881716,0.0009326186842717792
-0.5027823486328125,7.702146740722656,7.410054138183593,-0.4223430327345057,0.215967841029222,-0.1552143953109461
-1.9728221679687499,6.5768719604492185,7.6087728759765625,-0.29537366043293345,-0.13336447185086442,0.06421745797414251
-0.8882488159179687,6.5601125488281244,8.43956085205078,-0.09232924974290613,0.13069984703865933,-0.06368453301170149
-1.2904746948242187,6.5026517089843745,7.541735229492187,0.09446094959267021,0.23035681501512945,-0.16414088843183314
-2.0757728393554684,6.222530114746093,6.947973217773437,0.15494793282972558,0.008526799399056265,0.01505513018895872
-1.697488977050781,6.251260534667968,7.941566906738281,0.49575344631075574,-0.0287779479718149,0.007061255752343471
-1.0486603271484374,7.539341027832031,7.644685900878906,0.17186830038722786,0.12350536004570561,-0.0464977029729787
-1.9512743530273435,6.938396411132812,6.5385647338867185,-0.08646707515605495,-0.10098928038257265,0.09366156214900867
-1.6041151123046875,6.931213806152344,7.426813549804687,-0.28524808614655417,-0.2659295562580673,0.20051301711843253
-1.3024457031249999,7.161057165527343,7.467514978027343,-0.6597611035019786,-0.04290045947650184,0.22982389005268844
-1.47482822265625,5.777208605957031,7.089231115722656,-0.27965237404092347,-0.14495558978395653,-0.09219601850229589
-0.3112462158203125,7.220912207031249,8.662221606445312,-0.18639050561374557,0.1590781012886435,-0.006794793271122962
-1.2306196533203124,6.548141540527343,7.850587243652344,0.049828483988235056,0.07887289444127048,-0.0305099540997482
-1.2210428466796874,6.665457421875,7.762001782226562,0.07074578876404496,0.14975191444592567,-0.06834762643306039
-0.7350199096679687,6.667851623535156,7.769184387207031,0.23355436478977554,0.03583920372415837,-0.12523736617363893
-1.426944189453125,7.0102224609374995,7.465120776367187,0.2993705976512411,0.056090352296917,-0.16813782565014074
-1.5394716674804687,6.962338427734375,7.220912207031249,-0.032375191468291764,0.09859111805158809,-0.04743032165725048
-1.5442600708007812,6.931213806152344,7.572859851074218,-0.09645941820182401,-0.14175804000931044,0.0369050536490404
-1.3431471313476562,7.687781530761718,7.3094976684570305,-0.6417748860195943,0.041434915829789046,0.1589448700480332
-2.319981408691406,7.180210778808593,8.358157995605469,0.0006661562030512709,-0.5247978567637911,0.0302434916185277
-1.139639990234375,6.526593725585937,7.845798840332031,-0.30043644757612314,0.0912633998180241,-0.005995405827461438
-1.0941501586914062,6.617573388671874,8.200140686035155,-0.07873966320066021,-0.032375191468291764,-0.0031975497746461
-1.197100830078125,6.5601125488281244,7.931990100097655,0.027312404325102103,0.15801225136376143,-0.05808882090607082
-1.2689268798828124,6.818686328125,7.740453967285156,0.1232388975644851,0.1345635530163567,-0.13669525286612078
-1.848323681640625,6.643909606933593,7.240065820312499,0.28378254249984136,0.13296477812903365,-0.09685911192365478
-1.3072341064453123,7.091625317382812,7.60398447265625,0.09859111805158809,0.010258805526989571,-0.044632465604435144
-1.5586252807617187,6.787561706542968,7.206546997070312,-0.12070750399289026,-0.019318529888486854,0.012523736617363892
-1.3623007446289062,7.031770275878906,7.888894470214844,-0.273124043251021,-0.06435068921475276,0.06115313944010666
-0.9217676391601562,6.282385156249999,7.141903552246093,-0.722912711551239,0.0003996937218307625,0.2211638594130219
-0.9911994873046874,7.137115148925781,9.011775048828124,-0.06515007665841428,-0.4643108735267358,0.0941944871114497
-1.180341418457031,6.275202551269531,8.015787158203125,-0.20730781038955548,0.09286217470534716,0.011191424211261349
-1.0821791503906248,6.339845996093749,8.145074047851562,-0.08247013793774732,0.03410719759622506,0.01958499236970736
-1.0917559570312498,6.663063220214843,7.977479931640625,0.030909647821578966,0.12790199098584398,-0.004130168458917879
-1.2689268798828124,6.555324145507812,8.032546569824218,0.17173506914661762,0.10591883628515206,-0.07607503838845513
-1.4173673828125,6.754042883300781,7.254431030273437,0.20131240456209404,0.13069984703865933,-0.10392036767599824
-1.20667763671875,7.144297753906249,7.639897497558593,0.0031975497746461,0.05675650849996827,-0.0430336907171121
-1.446097802734375,6.864176159667968,7.352593298339843,-0.1743996939588227,-0.04596477801053769,0.06408422673353224
-1.2737152832031249,6.469132885742187,7.237671618652343,-0.12883460967011579,-0.029843797896696934,-0.003464012255866608
-1.4030021728515625,6.871358764648437,7.709329345703124,-0.20650842294589394,-0.01052526800821008,-0.019318529888486854
-1.120486376953125,6.339845996093749,8.12113203125,-0.045032159326265905,0.016254211354451008,-0.00866003063966652
-1.2042834350585936,6.744466076660156,8.12113203125,0.08580091895300368,0.143623277377854,-0.08739969384032674
-1.4413093994140624,6.4667386840820305,7.606378674316406,0.13629555914429,0.144156202340295,-0.11950842282739799
-2.104503259277344,6.172251879882812,7.101202124023437,0.2412817767451703,0.1310995407604901,0.03011026037791744
-1.177947216796875,6.825868933105468,7.960720520019531,0.21170444132969385,0.010924961730040842,0.17306738155272017
-1.2617442749023438,7.4794859863281244,7.659051110839843,0.12630321609852094,0.1630750385069511,0.02624655440022007
-2.042254016113281,6.931213806152344,7.0078282592773435,-0.10445329263843926,-0.0305099540997482,0.15854517632620244
-1.2737152832031249,7.668627917480468,6.986280444335937,-0.6770811647813116,-0.05808882090607082,0.25686983189657003
-1.158793603515625,6.282385156249999,6.921636999511718,-0.5559739670665906,-0.19958039843416073,0.23595252712076012
-0.14125789794921875,7.0652890991210935,8.667010009765624,-0.5704961722931083,0.2659295562580673,-0.057689127184240054
-1.43652099609375,5.738901379394531,8.015787158203125,-0.10511944884149053,-0.03863705977697371,0.01958499236970736
-0.9576806640625,6.318298181152343,8.461108666992187,0.0747427259823526,0.13509647797879773,0.0039969372183076245
-1.1109095703125,6.6151791870117185,7.934384301757812,0.2078407353519965,0.13816079651283356,-0.058355283387291325
-1.1923124267578125,6.545747338867187,7.845798840332031,0.35133078148924024,0.09232924974290613,-0.1398928026407669
-2.157175695800781,6.038176586914062,7.417236743164062,0.41408269581666995,0.01851914244482533,-0.08433537530629089
-1.3359645263671873,7.0652890991210935,7.8912886718749995,0.25513782576863675,-0.024114854550456002,0.057822358424850305
-1.3239935180664062,7.639897497558593,7.484274389648437,0.025447166956558548,0.10938284854101867,-0.005196018383799912
-1.39821376953125,7.216123803710937,7.295132458496093,-0.22596018407499108,0.009326186842717792,0.062085758124378436
-1.4796166259765624,6.256048937988281,7.053318090820312,-0.44925574333777707,-0.05049464019128633,0.16214241982267932
0.35673604736328124,7.151480358886718,8.769960681152343,-0.005196018383799912,-0.09086370609619333,-0.027312404325102103
-1.1444283935546875,6.449979272460937,7.592013464355468,-0.08620061267483445,0.1650735071161049,-0.029177641693645662
-1.0127473022460938,6.53138212890625,7.723694555664062,0.037171516130260915,0.022649310903743208,0.024514548272286763
-1.0223241088867188,7.094019519042968,8.0828248046875,0.11324655451871604,0.1247044412111979,-0.011058192970651094
-0.97683427734375,6.9336080078124995,7.908048083496094,0.191852986478766,0.1903874428320532,-0.16294180726634083
-1.6328455322265625,7.1778165771484375,7.417236743164062,0.2612664628367084,0.12830168470767475,-0.21143797884847337
-1.5729904907226562,6.8210805297851556,7.292738256835937,0.2514073510315496,0.06475038293658353,-0.04036906590490701
-1.4149731811523436,7.029376074218749,7.539341027832031,0.16813782565014074,0.06594946410207582,-0.0018652373685435584
-1.43652099609375,6.9168485961914055,7.264007836914062,0.04343338443894285,0.04383307816077362,-0.0302434916185277
-1.2114660400390624,7.299920861816406,7.3837179199218745,-0.005462480865020421,-0.031975497746460996,0.029843797896696934
-1.4006079711914061,7.012616662597656,7.237671618652343,-0.1414915775280899,0.0005329249624410166,0.05675650849996827
-1.0127473022460938,7.3286512817382805,7.639897497558593,-0.09645941820182401,0.0074609494741742334,0.027712098046932865
-1.0678139404296874,7.292738256835937,7.589619262695312,-0.12243951012082357,0.06648238906451683,-0.04583154676992743
-1.2114660400390624,6.995857250976562,7.618349682617187,-0.09952373673585986,0.03170903526524049,-0.22143032189424242
-1.3144167114257812,6.619967590332031,7.706935144042968,0.022649310903743208,0.09805819308914705,-0.10432006139782901
-1.608903515625,6.842628344726562,7.357381701660156,0.09725880564548554,0.07407656977930133,-0.0073277182335639785
-1.5658078857421873,7.237671618652343,7.062894897460937,-0.14495558978395653,0.015854517632620246,0.06648238906451683
-2.042254016113281,7.551312036132812,7.769184387207031,0.006794793271122962,-0.22689280275926285,0.0063950995492922
-1.4604630126953124,6.804321118164062,7.213729602050781,-0.2188989283226476,0.12523736617363893,0.029310872934255914
-1.2713210815429687,6.959944226074218,7.544129431152343,-0.12750229726401321,-0.017852986241774057,0.07194486992953725
-1.1540052001953125,6.816292126464844,7.728482958984374,-0.0941944871114497,0.07567534466662437,0.05915467083095285
-1.1875240234375,7.0844427124023435,7.644685900878906,0.01732006127933304,0.07367687605747056,-0.05955436455278361
-1.3024457031249999,6.641515405273437,7.491456994628906,0.08033843808798326,0.041434915829789046,-0.10711791745064435
-1.3096283081054687,6.995857250976562,7.651868505859374,0.20317764193063761,0.05129402763494785,-0.08513476274995241
-1.5538368774414062,6.9719152343749995,7.189787585449218,0.1674716694470895,0.05688973974057853,-0.025447166956558548
-1.5203180541992187,7.105990527343749,7.228094812011718,0.016120980113840753,-0.0005329249624410166,0.05329249624410167
-1.3000515014648437,7.338228088378906,7.4603323730468745,-0.03743797861148142,-0.003863705977697371,0.07953905064432175
-1.4772224243164063,7.077260107421875,7.060500695800781,-0.1842588057639815,0.023315467106794475,0.0528928025222709
-1.2689268798828124,7.3286512817382805,7.4220251464843745,-0.17000306301868431,-0.061952526883768184,0.06062021447766565
-1.5490484741210937,6.811503723144531,7.125144140624999,-0.3442695257368968,0.01372281778285618,0.16214241982267932
-0.9169792358398436,6.943184814453125,7.912836486816405,-0.232754977346114,0.045565084288706925,0.14575497722761804
-0.814028564453125,7.271190441894531,8.214505895996094,-0.010658499248820334,0.1970490048625659,0.023315467106794475
-1.5825672973632812,6.782773303222656,7.1035963256835934,-0.004663093421358896,0.12883460967011579,0.028911179212425153
-0.0143652099609375,6.833051538085937,7.376535314941406,0.046231240491758196,0.016520673835671518,-0.09166309353985486
-1.2928688964843749,7.4220251464843745,7.268796240234375,-0.14269065869358222,0.044099540641994124,-0.006928024511733216
-1.2976572998046874,7.096413720703125,7.376535314941406,-0.17013629425929458,-0.026113323159609816,-0.03743797861148142
-1.5322890624999999,6.617573388671874,7.5537062377929685,-0.10245482402928546,-0.044898928085655654,0.002398162330984575
-1.197100830078125,6.940790612792968,7.730877160644531,-0.10378713643538799,0.08926493120887029,-0.0014655436467127959
-1.1348515869140625,7.036558679199218,8.145074047851562,0.07767381327577817,0.06901378263611166,-0.07780704451638844
-0.9457096557617187,7.194575988769531,7.6997525390625,0.22289586554095522,0.2993705976512411,-0.2098392039611503
-2.0302830078125,6.639121203613281,6.746860278320312,0.2823169988531286,0.08540122523117291,-0.0558238898156965
-1.484405029296875,7.343016491699219,7.041347082519531,0.04383307816077362,-0.019318529888486854,-0.009725880564548555
-1.5897499023437498,7.292738256835937,7.0269818725585935,-0.18972128662900192,-0.0912633998180241,0.08513476274995241
-1.3024457031249999,7.146691955566406,7.52737001953125,-0.23701837704564216,-0.05995405827461438,0.048895865303963275
-1.2904746948242187,7.220912207031249,7.4770917846679685,-0.34133843844347117,0.027712098046932865,0.07007963256099368
-1.5873557006835937,6.581660363769531,7.292738256835937,-0.3105620218625025,-0.08739969384032674,0.11391271072176731
-1.3718775512695311,6.928819604492187,7.934384301757812,-0.16440735091305364,-0.04316692195772235,0.03703828488965066
-1.3096283081054687,6.72291826171875,7.620743884277343,-0.09033078113375233,0.04290045947650184,-0.002797856052815337
-1.2378022583007813,7.017405065917968,7.663839514160156,-0.050361408950676076,0.0033307810152563544,0.010658499248820334
-1.1348515869140625,6.9527616210937495,7.620743884277343,-0.0073277182335639785,0.09486064331450096,-0.035173047521107094
-1.426944189453125,6.904877587890625,7.381323718261719,-0.06181929564315793,0.05022817771006582,0.0018652373685435584
-1.197100830078125,7.053318090820312,7.529764221191406,-0.08540122523117291,0.05475803989081446,0.012390505376753637
-1.3575123413085937,6.904877587890625,7.42441934814453,-0.07167840744831674,0.007727411955394742,0.005462480865020421
-1.1563994018554686,6.950367419433594,7.773972790527344,-0.09152986229924462,0.09752526812670605,-0.04716385917602997
-1.4437036010742186,6.7037646484375,7.46272657470703,-0.04756355289786074,0.03823736605514295,0.018918836166656093
-1.2808978881835937,6.959944226074218,7.501033801269531,-0.006528330789902454,0.04756355289786074,0.015188361429568975
-1.2665326782226562,7.259219433593749,7.613561279296874,-0.053159265003491406,0.07434303226052183,-0.018385911204215073
-1.1731588134765625,7.153874560546875,7.580042456054687,-0.056090352296917,0.10845022985674689,-0.07487595722296284
-1.5873557006835937,6.562506750488281,7.37414111328125,0.028911179212425153,0.054225114928373445,-0.10165543658562393
-1.3958195678710936,6.696582043457031,7.613561279296874,0.02424808579106626,0.03770444109270193,-0.04569831552931718
-1.3958195678710936,6.830657336425781,7.467514978027343,0.03810413481453269,0.018119448722994567,0.0010658499248820332
-1.3742717529296875,7.062894897460937,7.268796240234375,-0.02904441045303541,-0.022649310903743208,0.011591117933092112
-1.5418658691406248,7.005434057617187,6.998251452636718,-0.43380091942698756,0.018119448722994567,0.05675650849996827
-0.8307879760742187,7.163451367187499,8.339004382324218,-0.022649310903743208,-0.23954977061723698,-0.014255742745297196
-1.2330138549804688,6.665457421875,7.6470801025390625,-0.11817611042129544,0.16187595734145882,-0.08700000011849597
-1.2282254516601563,6.924031201171875,7.958326318359375,0.04783001537908124,0.11950842282739799,-0.14229096497175145
-1.5298948608398437,6.629544396972656,7.448361364746093,0.09872434929219834,0.20051301711843253,-0.11031546722529045
-1.7286135986328124,6.842628344726562,7.074865905761718,0.14269065869358222,0.1232388975644851,-0.041301684589178794
-1.2665326782226562,7.240065820312499,7.692569934082031,0.11804287918068519,0.08873200624642928,-0.04543185304809667
-1.5873557006835937,7.019799267578125,7.208941198730468,-0.04543185304809667,0.07167840744831674,0.02011791733214838
-1.7453730102539062,6.89530078125,7.338228088378906,-0.15974425749169474,-0.06408422673353224,0.10178866782623419
-1.438915197753906,7.127538342285156,7.208941198730468,-0.47803369130959195,-0.015987748873230498,0.1712021441841766
-1.3455413330078123,7.225700610351562,8.250418920898436,-0.13363093433208492,-0.33161255787892263,0.008526799399056265
-1.3048399047851562,6.593631372070312,7.960720520019531,-0.2644640126113545,0.16533996959732541,-0.01958499236970736
-1.1013327636718748,6.593631372070312,8.054094384765625,-0.13203215944476188,0.1578790201231512,-0.022382848422522698
-1.429338391113281,6.734889270019531,7.6087728759765625,0.05675650849996827,0.175598775124315,-0.09086370609619333
-1.659181750488281,6.593631372070312,7.326257080078125,0.23901684565479597,0.07154517620770649,-0.12763552850462348
-1.43652099609375,7.029376074218749,7.611167077636718,0.20157886704331454,0.06701531402695785,-0.07314395109502954
-1.5921441040039062,6.888118176269531,7.4794859863281244,0.0814042880128653,0.02744563556571236,-0.006928024511733216
-1.7621324218749999,7.012616662597656,6.995857250976562,-0.17773047497407904,-0.050894333913117096,0.12750229726401321
-1.4939818359375,7.242460021972656,7.295132458496093,-0.37384686115237314,-0.041035222107958284,0.17479938768065348
-1.2234370483398436,6.4284314575195305,7.326257080078125,-0.37011638641528605,0.05462480865020421,0.0720781011701475
-0.8475473876953125,7.189787585449218,8.173804467773436,-0.24114854550456005,0.18359264956093024,0.02971056665608668
-1.5801730957031248,6.37815322265625,7.762001782226562,-0.011591117933092112,0.022782542144353463,0.02078407353519965
-1.1061211669921875,6.773196496582031,8.080430603027343,0.06861408891428089,0.1877228180198481,-0.035972434964768624
-1.4125789794921875,6.718129858398437,7.321468676757812,0.23128943369940122,0.3142924965995896,-0.09432771835205994
-1.8100164550781248,6.974309436035155,7.204152795410156,0.2913767232146259,0.12004134778983899,-0.009326186842717792
-1.7477672119140624,7.223306408691406,7.271190441894531,0.11990811654922875,0.07287748861380902,0.0010658499248820332
-1.5705962890624998,7.3094976684570305,6.964732629394531,-0.16494027587549465,0.014655436467127957,0.04263399699528134
-1.5035586425781249,7.199364392089843,7.237671618652343,-0.4600474738272076,-0.09232924974290613,0.19758192982500694
-1.4987702392578124,6.5026517089843745,7.472303381347656,-0.6449724357942405,-0.04743032165725048,0.17986217482384312
0.00239420166015625,7.273584643554687,9.018957653808593,-0.017852986241774057,-0.0770076570727269,-0.06235222060559895
-1.7860744384765623,6.098031628417968,7.388506323242187,0.05329249624410167,0.04396630940138387,-0.027312404325102103
-1.0223241088867188,6.957550024414062,8.250418920898436,0.15628024523582812,0.1833261870797097,-0.11471209816542884
-1.599326708984375,6.809109521484374,7.038952880859375,0.2627320064834212,0.2901776420491336,-0.15241653925813076
-1.8052280517578123,7.050923889160156,7.204152795410156,0.2494088824223958,-0.0305099540997482,-0.06608269534268607
-1.4724340209960938,7.149086157226562,7.584830859375,0.09432771835205994,0.12976722835438756,-0.022516079663132953
-1.5969325073242187,7.067683300781249,7.237671618652343,-0.020917304775809907,0.07407656977930133,0.03477335379927634
-1.4987702392578124,7.050923889160156,7.232883215332031,-0.1232388975644851,0.01705359879811253,0.05129402763494785
-1.6112977172851561,6.945579016113281,7.40526573486328,-0.5241317005607399,-0.017852986241774057,0.16067687617596652
-1.1923124267578125,6.888118176269531,8.0828248046875,-0.40502297145517263,-0.015588055151399738,0.015987748873230498
-1.4628572143554686,6.0884548217773435,7.211335400390625,-0.4080872899892085,0.10432006139782901,0.005462480865020421
-1.4939818359375,6.299144567871093,7.769184387207031,-0.07514241970418334,-0.031042879062189218,0.19518376749402233
-1.5155296508789062,6.296750366210937,7.838616235351562,-0.15494793282972558,0.036505359927209644,0.15334915794240253
-1.0821791503906248,7.077260107421875,8.090007409667969,-0.06674885154573734,0.04436600312321464,0.05675650849996827
-1.1468225952148436,6.6893994384765625,7.730877160644531,-0.01705359879811253,0.05462480865020421,-0.05542419609386573
-1.3000515014648437,6.56968935546875,7.939172705078125,0.08007197560676275,0.04569831552931718,-0.13642879038490024
-1.3024457031249999,6.160280871582031,7.68059892578125,0.25460490080619574,0.08033843808798326,-0.23302143982733453
-1.6256629272460936,6.710947253417968,7.285555651855469,0.017719755001163805,0.05489127113142472,-0.037304747370871166
-1.6208745239257811,6.909665991210937,7.829039428710937,-0.027845329287543123,-0.022382848422522698,-0.03850382853636345
-1.429338391113281,6.969521032714844,7.6087728759765625,-0.1384272589940541,0.05462480865020421,-0.005196018383799912
-1.7477672119140624,6.598419775390624,7.319074475097656,-0.29297549810194895,-0.07274425737319877,0.11977488530861849
-1.2593500732421874,6.9719152343749995,7.5153990112304685,-0.5589050543600161,-0.06834762643306039,0.1769310875304175
-1.4915876342773438,7.110778930664062,8.726865051269531,-0.15241653925813076,-0.09286217470534716,0.049562021507014546
-1.687912170410156,5.999869360351562,7.445967163085937,-0.11484532940603909,0.08793261880276775,0.004396630940138387
-1.199495031738281,6.732495068359374,8.142679846191406,0.049562021507014546,-0.019052067407266345,-0.03490658503988659
-1.2856862915039062,6.694187841796874,7.917624890136718,0.06301837680865022,0.12270597260204408,-0.1685375193719715
-2.0278888061523435,5.999869360351562,7.4770917846679685,0.24061562054211902,-0.03011026037791744,-0.09192955602107537
-1.458068811035156,6.794744311523437,7.783549597167968,0.1313660032417106,-0.07927258816310122,-0.027578866806322613
-1.1755530151367186,7.529764221191406,7.6087728759765625,-0.13149923448232087,0.025047473234727783,-0.06608269534268607
-1.8028338500976562,6.224924316406249,7.338228088378906,-0.25127411979093933,-0.09566003075816248,0.07034609504221419
-1.1851298217773436,6.629544396972656,8.013392956542969,-0.24048238930150875,-0.0479632466196915,0.10312098023233673
-1.24498486328125,6.768408093261718,7.766790185546874,-0.23755130200808316,-0.022915773384963714,0.023315467106794475
-1.429338391113281,6.543353137207031,7.958326318359375,-0.16081010741657678,-0.08899846872764978,0.027845329287543123
-1.37906015625,6.421248852539062,7.982268334960937,-0.13789433403161305,-0.0305099540997482,0.029444104174866172
-1.3407529296874998,6.6271501953125,7.905653881835937,-0.02438131703167651,-0.0075941807147844875,0.0035972434964768626
-1.4245499877929686,6.8210805297851556,7.584830859375,-0.1482863707992129,-0.0816707504940858,0.01345635530163567
-1.3455413330078123,6.593631372070312,7.522581616210937,-0.2440796327979856,-0.19931393595294022,-0.06648238906451683
-1.0821791503906248,6.332663391113281,7.8721350585937495,-0.28911179212425153,-0.3142924965995896,-0.014921898948348467
-1.3096283081054687,6.639121203613281,8.142679846191406,-0.4793660037156945,-0.4372649316828542,-0.09566003075816248
-1.0510545288085937,6.567295153808593,7.6997525390625,-0.6778805522249731,-0.16001071997291527,0.039969372183076245
-1.0749965454101562,6.229712719726562,8.106766821289062,-0.7474272598235259,-0.10005666169830088,0.09872434929219834
-1.9512743530273435,5.698199951171874,8.207323291015625,-0.5982082703400412,-0.1552143953109461,-0.03543951000232761
-0.8595183959960937,6.291961962890625,8.645462194824217,-0.8941148557354156,0.023581929588014985,0.09792496184853682
-0.6081272216796875,6.555324145507812,8.458714465332031,-1.1531163874817496,0.028245023009373885,0.05222664631921963
-0.41419688720703124,6.179434484863281,8.59278975830078,-1.3530964796377414,-0.10978254226284943,-0.07607503838845513
-0.7805097412109374,4.486733911132812,9.069235888671875,-1.2727580415497581,-0.0860673814342242,-0.011324655451871604
-0.8020575561523438,3.909731311035156,9.94072529296875,-0.7687442583211664,-0.12084073523350053,0.03077641658096871
-0.8044517578125,3.2321722412109373,9.469067565917967,-0.25833537554328284,-0.20331087317124785,-0.09139663105863435
-1.1420341918945311,3.6822821533203123,9.567229833984374,-0.2057090355022324,-0.23128943369940122,-0.012390505376753637
-1.0127473022460938,4.153939880371094,9.488221179199218,0.12363859128631587,-0.059021439590342596,0.06608269534268607
-0.6296750366210937,5.616797094726562,9.672574707031249,0.10405359891660851,-0.0514272588755581,-0.04716385917602997
-0.8906430175781249,5.3007624755859375,9.04050546875,-0.01732006127933304,0.05156049011616837,-0.18532465568886355
-1.139639990234375,4.900930798339844,8.508992700195313,0.011724349173702367,-0.15641347647643838,-0.2142358349012887
-1.0390835205078124,4.800374328613281,9.311050256347656,-0.2339540585116063,-0.18359264956093024,-0.14428943358090526
-0.8930372192382812,4.192247106933594,9.603142858886718,-0.10951607978162892,-0.216500765991663,-0.1272358347827927
-0.229843359375,4.211400720214844,10.192116467285155,0.23795099572991393,-0.19291883640364801,-0.13243185316659264
-0.5793968017578125,5.085284326171875,10.029310754394531,0.4320689132990542,-0.11737672297763392,-0.2250275653907193
-0.7326257080078125,4.860229370117187,9.471461767578125,0.4275390511183056,-0.2528728946782624,-0.248476263738124
-0.33518823242187495,5.434837768554687,9.950302099609374,0.12856814718889525,-0.338140888668825,-0.3012358350197846
0.3064578125,5.367800122070312,10.395623608398436,-0.07754058203516792,-0.39782848446221897,-0.3992940281089318
0.718260498046875,4.551377355957031,10.450690246582031,-0.10498621760088028,-0.47110566679785876,-0.37904287953617305
-0.12689268798828124,4.096479040527344,9.70369932861328,-0.08620061267483445,-0.5125405826276478,-0.3072312408472461
-1.3742717529296875,4.6255976074218745,8.856151940917968,-0.058888208349732345,-0.6620260345923529,-0.34413629449628647
-0.7398083129882812,5.092466931152344,9.188945971679686,-0.18292649335787897,-0.702928025459701,-0.3586584997228042
-0.5291185668945312,5.425260961914062,9.435548742675781,-0.2711255746418672,-0.6240551310184306,-0.3730474737087116
-0.30885201416015623,5.705382556152343,9.847351428222655,-0.4564502303307308,-0.7073246563998393,-0.3350765701347892
-0.1149216796875,5.568913061523437,9.710881933593749,-0.44445941867580785,-0.7897947943375867,-0.25047473234727785
0.430956298828125,5.310339282226562,9.830592016601562,-0.44818989341289506,-0.8388238908821603,-0.040901990867348026
0.7445967163085937,4.479551306152343,9.445125549316407,-0.21783307839776556,-0.9034410425781335,0.06355130177109124
1.2808978881835937,3.8762124877929685,9.131485131835937,0.20117917332148377,-0.8573430333269855,0.08806585004337801
1.7310078002929687,3.902548706054687,8.798691101074219,0.21503522234495023,-0.5984747328212617,0.10018989293891113
1.0175357055664063,3.4524387939453125,8.80347950439453,0.18012863730506362,-0.4234088826593877,0.06421745797414251
0.8595183959960937,3.4644098022460934,8.52335791015625,0.29990352261368214,-0.40528943393639316,0.026513016881440577
0.5578489868164063,4.726154077148437,8.410830432128906,0.3476003067521531,-0.790993875503079,-0.11311332327810578
1.7429788085937499,5.600037683105469,9.212887988281249,0.08673353763727547,-0.955134763934912,-0.2656630937768468
2.288856787109375,4.953603234863281,9.943119494628906,0.1020551303074547,-0.46457733600795625,-0.1805283310268944
1.6352397338867186,4.352658618164062,9.624690673828125,0.49109035288939684,-0.26646248122050836,-0.07007963256099368
1.3192051147460937,3.7900212280273435,10.058041174316406,0.935150077843374,-0.2592679942275546,-0.06035375199644513
1.1420341918945311,5.063736511230468,8.757989672851561,1.7062924984955252,-0.112180704593834,-0.22689280275926285
1.8363526733398436,5.4779333984375,8.343792785644531,1.482330783029688,-0.17972894358323288,-0.27592189930383637
1.4053963745117186,6.320692382812499,7.201758593749999,1.9796830042277667,-0.48029862239996624,-0.33680857626272254
2.0757728393554684,7.9295958984374995,6.957550024414062,1.6689877511246538,-0.5510444111640111,-0.29817151648574886
2.0829554443359375,7.704540942382812,7.156268762207031,0.9164977041579384,-0.6760153148564296,-0.0846018377875114
2.123656872558594,7.252036828613281,6.394912634277343,0.9439433397236507,-0.9243583473539434,-0.3348101076535687
2.3367408203125,7.256825231933593,7.247248425292969,1.555208271643497,-1.2687611043314504,-0.4925558965361096
2.384624853515625,7.165845568847656,7.015010864257812,2.1332986246513896,-0.937814702655579,-0.4268728949152543
2.001552587890625,7.410054138183593,5.492298608398437,2.546981626746229,-0.6560306287648915,-0.3647871367908759
1.9033903198242186,8.080430603027343,4.434061474609375,2.8539464051122545,-0.7406324665524029,-0.44032925021689
2.0350714111328125,8.628702783203124,3.921702319335937,2.7646814739033845,-0.630050536845892,-0.5180030634926682
1.7453730102539062,8.825027319335938,3.1675287963867187,2.391767231435283,-0.5880826960536619,-0.65003522293743
1.4221557861328125,8.609549169921875,2.612074011230469,2.681012254800145,-0.7455620224549823,-0.6515007665841428
2.2936451904296873,9.60793126220703,2.128445275878906,2.2333552863496906,-0.5177366010114477,-0.6225895873717178
1.8626888916015625,9.200916979980468,1.4437036010742186,2.2825176141348744,-0.6197917313189023,-0.6889387451956244
1.5897499023437498,9.988609326171874,1.0127473022460938,2.2240290995069727,-0.45218683063120263,-0.39649617205611637
2.1068974609374997,10.632649572753905,0.6272808349609375,1.815275653314713,-0.40582235889883417,-0.4377978566452952
2.2577321655273437,10.544064111328124,0.40222587890625,1.4731378274275804,-0.21410260366067846,-0.5277289440572167
0.9145850341796874,9.054870678710937,-0.6775590698242188,1.4407626359592887,-0.12883460967011579,-0.5249310880044015
1.448492004394531,10.330980163574218,-1.0989385620117187,0.6505681478998712,-0.095926493239383,-0.4988177648447916
1.3814543579101561,10.235212097167969,-1.6160861206054686,-0.7105222061744855,0.21090505388603234,-0.2808514552064158
0.5578489868164063,9.176974963378905,-1.7357962036132812,-1.414249619077848,0.32068759614888176,-0.08593415019361393
0.3902548706054687,8.547299926757812,-1.4604630126953124,-1.1860245039124826,0.008793261880276773,-0.03450689131805583
1.197100830078125,9.588777648925781,-0.2705447875976562,-1.0906309356355406,-0.05235987755982989,0.018119448722994567
1.0941501586914062,9.7683427734375,-0.15322890625,-1.2181332328995538,0.2147687598637297,0.2523399697158214
0.7637503295898437,10.034099157714843,0.17238251953125,-1.3385742744112235,0.17786370621468933,0.2772542117099389
1.2689268798828124,10.24718310546875,0.9576806640625,-1.2567702926765276,0.03557274124293786,0.3264165394951227
1.6232687255859375,10.544064111328124,1.8339584716796873,-1.215068914365518,0.062485451846209204,0.2729908120104108
1.1372457885742187,9.840168823242188,1.9201497314453124,-1.175765698385493,0.21210413505152462,0.23595252712076012
1.2521674682617188,9.60793126220703,2.422932080078125,-0.815641655015976,0.11151454839078273,0.17200153162783813
1.5203180541992187,9.842563024902343,2.6192566162109374,-0.5908805521064773,0.04583154676992743,0.1057856050445418
1.4101847778320311,9.777919580078125,2.9640216552734375,-0.36691883664063996,-0.09672588068304452,-0.16560643207854595
1.2737152832031249,9.792284790039062,2.8850130004882812,0.1397595714001566,-0.07620826962906538,-0.3178897400960664
1.209071838378906,10.462661254882812,2.6001030029296874,0.08033843808798326,-0.036771822408430146,-0.2959065853953745
1.235408056640625,10.103531005859374,2.4253262817382812,0.18132771847055593,-0.13856049023466432,-0.45605053660890005
1.218648645019531,10.058041174316406,2.233790148925781,0.2554042882498572,-0.16227565106328956,-0.1973154673437864
1.0797849487304687,10.04846436767578,1.659181750488281,0.26726186866416984,0.08193721297530632,-0.06834762643306039
0.8858546142578124,9.593566052246093,1.149216796875,0.2544716695655854,-0.09232924974290613,0.3146921903214204
1.5418658691406248,9.710881933593749,1.39821376953125,0.14602143970883857,-0.15361562042362306,-0.13709494658795152
1.1085153686523437,9.787496386718749,1.1037269653320312,-0.06235222060559895,0.1770643187710278,0.17306738155272017
1.1563994018554686,9.787496386718749,1.3455413330078123,-0.2863139360714362,0.019052067407266345,-0.07687442583211665
1.4891934326171874,10.115502014160155,1.66636435546875,-0.5343905060877294,-0.23408728975221654,-0.22596018407499108
1.4772224243164063,9.809044201660155,1.915361328125,-0.8360260348293449,0.11724349173702366,-0.20317764193063761
1.0702081420898437,9.440337145996093,2.059013427734375,-0.9780505373198758,-0.008526799399056265,-0.37997549822044485
0.5434837768554687,9.969455712890625,2.6431986328124997,-1.0819709049958741,0.23675191456442166,0.03543951000232761
1.1013327636718748,9.471461767578125,2.8323405639648436,-1.413716694115407,0.5399862181933601,-0.29031087328974386
0.46208092041015625,8.793902697753905,3.375824340820312,-1.4808652393829749,0.5036140895067608,-0.2756554368226159
0.19632453613281248,8.468291271972657,3.5027170288085934,-1.0108254225099984,0.17160183790600736,-0.5888820834973234
0.24181436767578124,9.18655177001953,3.8666356811523435,-0.9516707516790455,0.2323552836242833,0.07767381327577817
0.6847416748046875,9.179369165039063,4.043806604003906,-1.0963598789817814,0.21183767257030411,0.09699234316426504
-0.0718260498046875,8.702923034667968,3.9935283691406247,-0.9552679951755223,0.17026952549990482,0.049695252747624805
0.1388636962890625,8.99501563720703,4.290409374999999,-0.6369785613576252,0.006528330789902454,0.05156049011616837
0.45489831542968745,9.131485131835937,4.802768530273437,-0.5149387449586323,0.024914241994117528,-0.03903675349880447
0.48123453369140623,8.959102612304687,5.102043737792968,-0.4035574278084598,0.04236753451406082,-0.16533996959732541
0.4955997436523437,8.67658681640625,5.492298608398437,-0.14535528350578727,0.09006431865253181,-0.21143797884847337
0.5410895751953124,8.736441857910156,5.655104321289063,0.05808882090607082,0.2915099544552361,-0.223828484225227
0.4381389038085937,8.877699755859375,5.592855078125,0.3153583465244716,0.28817917343997973,-0.4035574278084598
0.1580173095703125,8.607154968261717,5.506663818359375,0.6004732014304155,0.2737901994540723,-0.43646554423919265
-0.0383072265625,8.343792785644531,5.456385583496093,1.516970905588354,0.0430336907171121,-0.6176600314691383
0.06464344482421874,9.074024291992187,5.111620544433594,1.8339280270001486,0.22569372159377055,-0.7209142429420853
-0.6464344482421874,8.590395556640624,4.094084838867187,2.0227166949448785,0.30736447208785633,-0.7362358356122646
-0.9792284790039062,8.875305554199219,3.3710359375,2.2364196048837264,0.12750229726401321,-0.6515007665841428
-2.1739351074218747,8.123526232910155,2.0661960327148434,2.5126079666687833,-0.4139494645760597,-0.33001378299159956
-2.272097375488281,6.794744311523437,1.0510545288085937,3.64853752411181,-0.6621592658329631,-0.4976186836792993
-0.6943184814453125,7.618349682617187,0.2920926025390625,4.365588061076198,-0.7559540592225821,-0.4962863712731968
-1.0869675537109373,9.514557397460937,-1.2785036865234374,4.365588061076198,-0.3182894338178972,-0.6315160804926048
-1.3120225097656248,8.825027319335938,-2.4851813232421875,4.04649923981464,-0.3114946405467742,-0.8861209812988005
-1.7980454467773437,7.105990527343749,-3.5960908935546874,4.227560495803975,-0.3877029101758396,-1.0186860657060033
-1.9967641845703124,7.398083129882812,-4.479551306152343,4.084603374629173,-0.19878101099049922,-0.9628621758903069
-2.5665841796874997,6.715735656738281,-5.7149593627929685,3.917131705182083,-0.23062327749634998,-0.872797857237775
-2.863465185546875,5.851428857421874,-6.868964562988281,3.953503833868682,-0.5314594187943038,-0.9006431865253182
-3.0621839233398433,5.1690813842773435,-7.216123803710937,3.9692251202606923,-0.7439632475676592,-0.8087136305042427
-2.91134921875,4.836287353515624,-7.747636572265624,3.680246559377051,-0.6315160804926048,-0.8270995417084579
-3.5338416503906247,3.919308117675781,-8.279149340820313,3.508777952711654,-0.45671669281195126,-0.7736738142237459
-3.6631285400390623,4.350264416503906,-8.939948999023438,2.7275099577731234,-0.3230857584798663,-0.8048499245265454
-3.670311145019531,3.3542765258789062,-8.518569506835936,1.5913139378488759,-0.11471209816542884,-0.7378346104995875
-4.2329485351562495,2.01112939453125,-8.415618835449218,1.1961500781988619,0.02398162330984575,-0.5298606439069808
-3.744531396484375,1.9416975463867185,-8.382100012207031,1.01162480995366,0.015588055151399738,-0.38357274171692174
-3.8570588745117185,1.5107412475585937,-8.415618835449218,0.7691439520429973,0.06235222060559895,-0.4412618689011618
-3.2920272827148436,0.9050082275390624,-8.688557824707031,0.6341807053048097,0.1628085760257306,-0.35239663141412225
-3.8187516479492185,0.59376201171875,-9.193734375,0.4877595718741405,0.1310995407604901,-0.26366462516769296
-3.892971899414062,0.7613561279296874,-9.885658654785155,0.010125574286379316,0.08846554376520875,-0.25940122546816485
-4.240131140136718,0.7948749511718749,-10.333374365234375,-0.5040137832285916,0.0816707504940858,-0.03703828488965066
-4.07971962890625,1.6639701538085936,-10.177751257324218,-1.4917902011130157,0.144156202340295,0.1616094948602383
-3.5146880371093747,2.4684219116210935,-10.09395419921875,-2.8069157771768345,0.4503215932626591,0.24168147046700106
-3.208230224609375,4.321533996582031,-10.304643945312499,-4.365721292316808,1.098225116350325,0.8637381328762778
-3.076549133300781,7.596801867675781,-10.982203015136719,-4.365721292316808,1.7453292519943295,1.6887059747349715
-3.258508459472656,6.430825659179687,-10.493785876464843,-4.365721292316808,1.4868606452104365,1.4620796344569291
-2.365471240234375,6.291961962890625,-7.153874560546875,-4.365721292316808,0.8911837684419901,1.076641655371464
-1.3263877197265623,8.142679846191406,-4.73094248046875,-4.365721292316808,1.1062189907869404,1.0486630948433104
-1.4891934326171874,8.022969763183593,-3.1842882080078123,-4.365721292316808,1.398528332685838,0.5878162335724414
-1.3670891479492187,7.3669585083007805,-0.6607996582031249,-4.365721292316808,1.017486984540511,0.40222511540235734
-1.3192051147460937,6.619967590332031,1.9680337646484374,-4.365721292316808,1.157912712143719,0.5538422672168266
-0.97683427734375,7.079654309082031,3.3111808959960936,-4.365721292316808,1.3135268011764958,0.35919142468524523
-2.463633508300781,3.3327287109375,4.139574670410156,-4.365721292316808,0.6090000008294718,-0.22089739693180138
-1.4508862060546874,3.3877953491210935,7.204152795410156,-4.211439515690134,0.09139663105863435,-0.3578591122791427
-0.5243301635742187,4.57771357421875,8.295908752441406,-4.008661567481327,0.5911470145876978,-0.6276523745149074
-2.47081611328125,1.944091748046875,8.908824377441405,-2.955601841697878,-0.07514241970418334,-0.844419602987791
-1.39821376953125,2.549824768066406,10.409988818359375,-2.1001240457394363,-0.1712021441841766,-0.28897856088364127
-1.5873557006835937,2.5857377929687497,10.330980163574218,-1.574793264013204,-0.04343338443894285,-0.4306033696523414
-1.7381904052734374,2.5665841796874997,10.05564697265625,-1.0585222066484692,-0.24034915806089852,-0.012523736617363892
-2.0278888061523435,2.4875755249023435,9.579200842285156,-0.6431071984256967,-0.40235834664296755,0.24554517644469842
-1.4604630126953124,3.0238766967773434,9.119514123535156,-0.5297274126663706,-0.03384073511500456,0.29457427298927197
-1.0031704956054688,3.794809631347656,9.478644372558593,-0.48003215991874576,0.10924961730040841,0.0668820827863476
-1.22583125,4.062960217285156,9.306261853027344,-0.6477702918470557,0.1861240431325251,-0.20650842294589394
-1.89620771484375,3.488351818847656,9.387664709472656,-0.862272589229565,0.03956967846124549,-0.33894027611248656
-1.68551796875,2.8203695556640622,10.230423693847655,-0.9057059736685078,-0.11271362955627502,-0.8698667699443494
-1.7214309936523438,1.9488801513671874,10.886434948730468,-0.8821240440804927,-0.17106891294356635,-0.6415084235383739
-2.1260510742187497,1.2593500732421874,11.257536206054686,-0.6836094955712142,-0.3947641659281831,-0.2590015317463341
-1.47482822265625,0.7158662963867187,11.556811413574218,-0.279385911559703,-0.06634915782390657,-0.31282695295287677
-1.4939818359375,1.3766659545898436,11.494562170410155,0.20331087317124785,-0.04170137831100955,-0.1540153141454538
-1.47482822265625,2.0661960327148434,10.915165368652342,0.041967840792230066,-0.17200153162783813,0.03583920372415837
-1.8914193115234375,2.6695348510742187,10.503362683105468,-0.028111791768763626,-0.2110382851266426,-0.4648437984891768
-1.0606313354492187,2.789244934082031,10.649408984374999,-0.1229724350832646,0.9875099554032039,-1.1617764181214163
-1.608903515625,1.8267758666992187,10.675745202636719,-0.26060030663365713,0.17679785628980726,-0.3080306282909076
-1.16837041015625,2.001552587890625,11.056423266601563,-0.09965696797647011,0.10645176124759308,-0.3717151613026091
-1.3575123413085937,2.3056161987304686,10.93671318359375,0.029310872934255914,0.5166707510865657,-0.6128637068071692
-2.1260510742187497,2.152387292480469,11.145008728027342,0.6249877497027023,0.3344104139317379,-0.16533996959732541
-1.1827356201171875,3.4715924072265625,11.686098303222655,1.1167442587951504,-0.38970137878499345,-0.1775972437334688
-2.370259643554687,1.7310078002929687,10.424354028320312,1.8448529887301894,-0.036105666205378875,-0.3318790203601431
-2.6288334228515624,1.429338391113281,10.089165795898436,2.9298882122600993,-0.1517503830550795,-0.022249617181912446
-1.7669208251953124,2.4061726684570313,9.533711010742186,3.52783002011892,-0.9306202156626253,0.26699540618294937
-0.7015010864257812,5.485116003417969,9.473855969238281,3.555009193203412,-0.26819448734844165,-0.33267840780380464
-2.2481553588867187,4.733336682128906,8.164227661132813,3.8283996989356535,-0.7424977039209464,-0.45844869893988455
-2.262520568847656,4.290409374999999,7.189787585449218,4.365588061076198,-1.4002603388137713,0.037171516130260915
-0.41898529052734373,7.81467421875,6.495469104003906,4.365588061076198,-0.9552679951755223,-0.5363889746968833
-0.4261678955078125,7.747636572265624,5.992686755371094,4.365588061076198,0.2014456358027043,-1.37867687783491
-2.176329309082031,7.728482958984374,4.134786267089844,4.365588061076198,-0.37158193006199886,-1.260234304932394
-1.7741034301757812,8.259995727539062,3.21780703125,4.365588061076198,1.3762787155039256,0.05702297098118878
-1.7860744384765623,8.611943371582031,1.4963760375976562,4.365588061076198,-0.966592650627394,-0.5645007664656468
-0.9744400756835937,9.787496386718749,1.4341267944335936,4.054093420529424,-0.8927825433293132,-0.6530995414714659
-1.1923124267578125,9.445125549316407,0.584185205078125,3.2789540626589653,-0.35745941855731195,-0.7656799397871307
-2.3774422485351563,6.76122548828125,-1.0582371337890624,4.117111797338074,-0.7872634007659919,-0.918895866488923
-2.528276953125,6.828263134765624,-2.8203695556640622,4.365588061076198,-0.9358162340464252,-1.1776309357540364
-1.8028338500976562,7.144297753906249,-3.239354846191406,4.365588061076198,-1.017486984540511,-1.3080643203114755
-2.408566870117187,6.394912634277343,-4.817133740234374,4.365588061076198,-0.8422879031380269,-1.7569203699274216
-4.082113830566406,7.302315063476562,-7.44357296142578,4.365588061076198,-0.6758820836158194,-1.9942052094542841
-3.725377783203125,7.206546997070312,-7.003039855957031,3.8237366055142945,-0.7868637070441611,-1.9069387468545678
-3.6463691284179687,4.3071687866210935,-6.677428430175781,1.6512679961234902,-0.29204287941767715,-1.232388975644851
-5.511452221679687,1.0342951171875,-7.838616235351562,1.3020689144840139,0.01532159267017923,-1.0394701392412031
-5.183446594238281,0.603338818359375,-7.905653881835937,2.1146462509659543,-0.33667534502211227,-0.7245114864385621
-4.75009609375,1.0510545288085937,-7.244854223632812,1.8433874450834766,-0.2282251151653654,-0.8461516091157242
-3.4452561889648434,0.59376201171875,-6.828263134765624,1.3360428808396287,-0.20011332339660176,-0.05622358353752725
-5.109226342773437,-0.22744915771484372,-8.054094384765625,1.4257075057703297,0.2270260339998731,-0.4552511491652385
-5.851428857421874,0.5506663818359374,-8.157045056152343,0.9412787149114457,0.11684379801519292,-0.38970137878499345
-5.7125651611328125,-0.48123453369140623,-7.886500268554687,0.7544885155758693,0.04849617158213252,-0.16600612580037669
-5.370194323730469,-0.5219359619140624,-7.7979148071289055,0.8703996949067905,0.1526830017393513,0.20357733565246838
-5.011064074707031,-0.09337386474609374,-7.582436657714843,0.48589433450559694,0.24208116418883183,0.5010826959351659
-4.987122058105468,-0.055066638183593745,-7.771578588867187,0.14695405839311035,0.479632466196915,0.7350367544467722
-5.128379956054687,0.47884033203125,-8.927977990722656,0.1578790201231512,0.35093108776740944,0.7251776426416133
-4.824316345214844,0.9193734375,-8.530540515136718,-0.04809647786030175,0.028911179212425153,0.6035375199644514
-4.338293408203125,1.6208745239257811,-8.070853796386718,-0.28444869870289263,0.010258805526989571,0.40848698371103925
-4.541800549316406,1.4221557861328125,-8.295908752441406,-0.3377411949469943,0.08926493120887029,0.1540153141454538
-4.735730883789063,1.5227122558593749,-8.547299926757812,-0.512140888905817,0.09352833090839843,0.16600612580037669
-4.479551306152343,2.3343466186523436,-9.119514123535156,-1.255970905232866,0.31242725923104603,0.18345941832031998
-4.838681555175781,2.592920397949219,-9.658209497070311,-1.797422667072939,0.35812557476036316,0.02571362943777905
-5.025429284667968,3.2704794677734372,-9.421183532714844,-2.891650846204956,0.4861607969868174,0.18998774911022243
-4.594472985839843,4.493916516113281,-8.070853796386718,-4.365721292316808,1.0281454837893313,0.6464379794409532
-3.9264907226562498,5.130774157714844,-6.947973217773437,-4.365721292316808,1.9189295585094908,1.5894487004803322
-3.622427111816406,5.6766521362304685,-8.659827404785156,-4.365721292316808,2.520202147383568,1.6645911201845156
-3.327940307617187,6.663063220214843,-9.054870678710937,-4.365721292316808,2.135963249463595,0.6168606440254767
-2.712630480957031,7.429207751464843,-7.137115148925781,-4.365721292316808,1.38906891460251,0.433001531983326
-2.0183119995117185,8.595183959960938,-5.652710119628906,-4.365721292316808,1.350298623584926,0.5910137833470875
-1.4508862060546874,8.619125976562499,-4.5322237426757805,-4.365721292316808,1.566799389576589,0.5711623284961596
-2.4205378784179685,7.618349682617187,-3.2824504760742186,-4.365721292316808,1.0907641668761507,0.5166707510865657
-1.659181750488281,8.566453540039062,-1.0869675537109373,-4.365721292316808,0.8413552844537551,0.5852848400008465
-0.8595183959960937,8.884882360839843,0.239420166015625,-4.365721292316808,1.2666294044816864,0.5158713636429041
-2.5354595581054684,5.604826086425781,0.8212111694335937,-4.365721292316808,0.5353231247720012,0.31709035265240487
-1.908178723144531,3.859453076171875,3.392583752441406,-4.365721292316808,0.4315359883366133,0.28538131738716443
-2.403778466796875,2.1212626708984375,5.5545478515625,-4.365721292316808,0.16494027587549465,0.0035972434964768626
-1.4341267944335936,1.6041151123046875,8.195352282714843,-4.365721292316808,-0.5089433391311708,-0.6933353761357627
-0.7206546997070312,1.4628572143554686,10.1131078125,-3.2379188405510066,-0.2693935685139339,-0.6757488523752091
-1.1013327636718748,1.599326708984375,10.172962854003906,-2.5389877523096134,0.2917764169364566,-0.28538131738716443
-0.6751648681640625,1.22583125,11.073182678222656,-1.7794364495905546,0.23728483952686266,-0.5073445642438479
-1.0989385620117187,0.9504980590820312,11.073182678222656,-1.1282021454876323,0.31962174622399975,-0.35452833126388633
-1.5298948608398437,0.9097966308593749,10.486603271484375,-0.839223584603991,0.3298805517509893,-0.28817917343997973
-1.7429788085937499,0.7805097412109374,10.175357055664062,-0.33787442618760455,0.24634456388835996,-0.2808514552064158
-1.3814543579101561,1.0845733520507812,10.287884533691406,-0.18892189918534041,0.4191454829598596,-0.34573506938360954
-1.7453730102539062,1.2665326782226562,10.220846887207031,0.07061255752343472,0.19345176136608905,-0.28817917343997973
-1.5658078857421873,1.2856862915039062,10.493785876464843,-0.06528330789902453,0.5750260344738569,-0.3153583465244716
-2.511517541503906,0.74699091796875,10.31661495361328,0.014788667707738212,0.5976753453776001,-0.39316539104086007
-2.750937707519531,0.8403647827148437,10.747571252441405,0.10978254226284943,0.7249111801603929,-0.5182695259738888
-2.540247961425781,2.1116858642578125,12.464213842773436,0.5667656975560212,0.8898514560358876,-0.9760520687107219
-2.427720483398437,2.2601263671875,11.903970654296874,0.552509954810724,0.4222098014938955,-0.45818223645866407
-2.616862414550781,2.8227637573242186,11.805808386230469,0.2610000003554879,0.13296477812903365,-0.17200153162783813
-3.071760729980469,2.2266075439453124,11.137826123046874,-0.0039969372183076245,0.05395865244715294,-0.29883767268880007
-3.3973721557617185,2.0446482177734375,10.259154113769531,0.12656967857974144,-0.0035972434964768626,-0.17333384403394067
-2.7940333374023436,2.442085693359375,10.311826550292968,0.02584686067838931,-0.14668759591188982,-0.19904747347171972
-2.6982652709960937,2.1260510742187497,10.59194814453125,0.04876263406335302,-0.20304441069002732,-0.14082542132503867
-2.9951462768554684,2.003946789550781,10.421959826660157,0.2147687598637297,-0.2598009191899956,-0.023182235866184224
-2.664746447753906,2.597708801269531,10.766724865722656,0.3462679943460506,-0.3011026037791744,0.08806585004337801
-2.5234885498046875,2.626439221191406,10.838550915527343,0.7482266472671875,-0.4792327724750842,0.1414915775280899
-2.3918074584960936,2.4971523315429685,10.93671318359375,1.1969494656425235,-0.5499785612391291,0.2199647782475296
-1.120486376953125,2.2457611572265623,11.511321582031249,1.8569770316257226,0.5000168460102838,0.479632466196915
-2.6815058593749996,2.6192566162109374,10.165780249023436,2.657163862730909,0.9940382861931064,0.23568606463953962
-2.461239306640625,3.1364041748046874,9.366116894531249,3.609367539372396,1.0590551316109105,0.13003369083560806
5.3390697021484375,2.109291662597656,13.512874169921874,1.822603371548277,-4.365721292316808,4.283384385619671
-3.708618371582031,5.415684155273437,8.020575561523437,3.6835773403923073,-0.7025283317378702,-0.07074578876404496
-2.920926025390625,4.893748193359374,6.58884296875,4.365588061076198,0.4334012257051568,-0.31242725923104603
-2.365471240234375,6.967126831054687,5.76523759765625,4.365588061076198,0.7162511495207263,-0.6421745797414251
-2.703053674316406,8.145074047851562,4.876988781738281,3.6605283357667333,0.8526799399056267,-0.4628453298800229
-3.134009973144531,6.6510922119140625,3.9983167724609374,3.4528208316553473,0.27592189930383637,-0.8268330792272374
-2.8850130004882812,6.835445739746094,4.062960217285156,4.076076575230116,0.10192189906684443,-0.5651669226686982
-2.750937707519531,8.734047656249999,3.0334535034179684,3.672519147421656,0.2637978564083033,-0.4503215932626591
-4.149151477050781,8.47786807861328,2.080561242675781,3.2461791774688424,0.2884456359212003,-0.6291179181616201
-2.7820623291015623,8.061276989746093,1.6160861206054686,3.807882087881674,0.3639877493472144,-0.7467611036204747
-1.867477294921875,8.281543542480469,0.4165910888671875,3.8550459470577043,0.5934119456780721,-0.8341607974608013
-2.8850130004882812,8.394071020507813,-0.612915625,3.919929561234898,0.5122741201464273,-0.8958468618633489
-7.594407666015624,7.630320690917968,-2.3630770385742186,4.071679944289977,0.44792343093167447,-0.9869770304407628
-4.010287780761718,6.792350109863281,-3.337517114257812,4.101523742186674,0.5607702917285597,-0.9074379797964411
-4.50109912109375,5.832275244140624,-4.685452648925781,4.210107203284031,0.37531240479908595,-0.7818009199009714
-4.388571643066406,5.442020373535156,-5.250484240722656,4.313228183516369,0.02971056665608668,-0.6744165399691066
-4.446032482910156,4.946420629882812,-5.987898352050781,3.828799392657484,-0.09992343045769063,-0.39036753498804466
-4.53940634765625,3.612850305175781,-7.019799267578125,3.8089479378065563,-0.15681317019826913,-0.13096630951987984
-3.9240965209960934,3.986345764160156,-7.3669585083007805,3.9323200666116516,-0.07394333853869106,-0.38876876010072164
-3.9719805541992184,4.347870214843749,-7.936778503417968,3.4939892850039156,-0.04436600312321464,-0.8633384391544471
-5.118803149414062,3.3016040893554686,-7.711723547363281,2.22243032461965,-0.19305206764425828,-0.7897947943375867
-4.84586416015625,1.599326708984375,-7.850587243652344,1.5604042900272967,-0.14522205226517704,-0.2833828487780106
-4.493916516113281,1.7453730102539062,-7.893682873535155,1.1708361424829135,-0.05275957128166065,-0.34826646295520436
-4.704606262207031,1.0989385620117187,-7.754819177246094,1.055191425633213,0.27085911216064673,-0.6379111800418968
-6.1626750732421876,0.22744915771484372,-8.291120349121094,1.0318759585264186,0.3521301689329018,-0.678813170909245
-2.3127988037109373,-0.7589619262695312,-8.564059338378906,0.7502251158763412,0.19664931114073517,-0.5699632473306674
-4.903325,-0.49799394531249996,-9.514557397460937,0.5550413483823189,0.2258269528343808,-0.32428483964535865
-5.0757075195312495,-0.354341845703125,-8.59997236328125,0.2514073510315496,-0.07074578876404496,-0.3156248090056921
-3.143586779785156,-1.1923124267578125,-8.904035974121093,-0.12164012267716205,0.02438131703167651,-0.13696171534734128
-5.461173986816406,-0.8355763793945312,-8.341398583984375,0.04383307816077362,-0.008926493120887028,0.04396630940138387
-5.310339282226562,-0.25139117431640623,-8.473079675292968,0.03490658503988659,0.04343338443894285,0.06035375199644513
-5.312733483886719,-0.04548983154296875,-9.014169250488282,-0.24527871396347792,0.015987748873230498,0.019984686091538122
-5.501875415039062,-0.13646949462890623,-9.79946739501953,-0.6971990821134599,-0.05102756515372735,0.2334211335491653
-5.5258174316406246,0.37828386230468747,-10.81460889892578,-1.485528332804334,-0.10032312417952138,0.39236600359719853
-5.664681127929687,0.93852705078125,-10.800243688964843,-3.0434012292600356,-0.5565068920290317,0.744895866251931
-4.872200378417968,2.4588451049804685,-9.382876306152344,-4.365721292316808,-0.26299846896464174,1.5011163879557337
-5.801150622558594,2.4253262817382812,-9.725247143554688,-4.365721292316808,0.3080306282909076,2.4634456388835995
-6.227318518066406,1.4149731811523436,-9.076418493652342,-4.365721292316808,-0.33041347671343035,2.07574272870776
-4.489128112792969,4.182670300292968,-5.200206005859375,-4.365721292316808,-1.1075513031930428,1.961030630542331
-3.0166940917968748,7.433996154785156,-2.499546533203125,-4.365721292316808,0.9571332325440659,2.010859114530566
-2.6695348510742187,8.657433203124999,-2.0925322509765625,-4.365721292316808,0.6913369075266088,2.066549773105652
-2.731784094238281,7.864952453613281,-1.6112977172851561,-4.365721292316808,0.9752526812670606,1.8644379810998968
-2.269703173828125,8.008604553222655,-0.047884033203124995,-4.365721292316808,0.31629096520874334,1.8487166947078868
-0.7062894897460937,9.782707983398437,1.8028338500976562,-4.365721292316808,0.573427259586534,1.763448700717324
-2.1452046874999997,6.282385156249999,1.2473790649414063,-4.365721292316808,0.25500459452802643,1.529627873446328
-2.829946362304687,4.359841223144531,3.8762124877929685,-4.365721292316808,-0.35133078148924024,0.912633998180241
-1.0127473022460938,4.259284753417968,5.779602807617187,-4.365721292316808,-0.1961163861782941,0.6325819304174867
-0.2657563842773437,3.4907460205078125,7.187393383789062,-4.365721292316808,0.19758192982500694,0.6275191432742971
-0.4525041137695312,0.488417138671875,9.181763366699219,-4.365721292316808,-0.017852986241774057,0.07807350699760894
-0.08379705810546874,0.08379705810546874,11.21683477783203,-2.0272465571256273,0.2231623280221757,-0.05076110267250683
0.2609679809570312,1.7429788085937499,11.384428894042967,-1.4780673833301596,0.7133200622273008,0.007061255752343471
-0.9552864624023437,0.8738836059570312,10.450690246582031,-0.9976355296895832,0.535722818493832,-0.1765313938085868
-0.7565677246093749,1.1348515869140625,11.135431921386719,-0.24887595745995478,0.6549647788400095,-0.29364165430500017
-0.9217676391601562,2.061407629394531,10.58476553955078,-0.1732006127933304,0.7686110270805562,-0.29710566656086673
-2.020706201171875,2.27927998046875,10.046070166015625,-0.17626493132736626,0.6256539059057535,-0.37944257325800385
-1.3407529296874998,2.272097375488281,10.639832177734375,-0.13935987767832586,0.6569632474491632,-0.4575160802556128
-1.7717092285156248,2.6216508178710938,10.733206042480468,-0.04743032165725048,0.6171271065066973,-0.45844869893988455
-1.8339584716796873,2.729389892578125,10.922347973632812,0.26699540618294937,0.5266630941323347,-0.3869035227321781
-2.262520568847656,2.712630480957031,10.383652600097655,0.4592480863835461,0.41461562077911096,-0.33640888254089174
-2.224213342285156,3.3399113159179685,10.450690246582031,0.17413323147760218,0.4705727418354177,-0.23128943369940122
-2.1595698974609374,3.181894006347656,10.275913525390624,0.02584686067838931,0.5117411951839862,-0.32068759614888176
-2.3870190551757813,2.6623522460937497,10.36210478515625,-0.019052067407266345,0.46151301747392043,-0.433001531983326
-2.8706477905273435,2.5258827514648434,10.120290417480469,0.05595712105630675,0.3813078106265474,-0.16867075061258177
-2.461239306640625,2.8012159423828122,10.649408984374999,-0.11750995421824417,0.28817917343997973,-0.13309800936964392
-2.4660277099609376,2.612074011230469,10.481814868164061,-0.013589586542245924,0.36212251197867085,-0.1028545177511162
-2.7150246826171873,2.6862942626953124,10.081983190917969,-0.15654670771704865,0.46457733600795625,-0.020251148572758632
-3.2417490478515623,2.6096798095703124,9.576806640625,0.05275957128166065,0.2789862178378722,0.07727411955394742
-3.0430303100585934,2.89219560546875,9.672574707031249,0.07567534466662437,0.016387442595061263,0.09486064331450096
-2.741360900878906,2.70065947265625,10.160991845703125,0.21277029125457592,-0.0770076570727269,0.07101225124526546
-3.0310593017578125,2.2936451904296873,9.861716638183593,0.5004165397321146,-0.005329249624410167,0.12377182252692612
-2.6695348510742187,2.3367408203125,10.405200415039062,1.1412588070674372,-0.1770643187710278,0.09246248098351639
-2.7078420776367187,2.437297290039062,10.828974108886719,1.5874502318711785,-0.424075038862439,0.10725114869125461
-2.6886884643554687,1.5538368774414062,10.637437976074217,3.215136298406654,-0.3885022976195011,0.12950076587316706
-1.7836802368164062,3.7038299682617186,9.119514123535156,4.365588061076198,0.5052128643940837,0.15561408903277688
-2.418143676757812,6.449979272460937,7.232883215332031,4.365588061076198,0.3846385916418038,0.07114548248587572
-2.839523168945312,6.967126831054687,5.868188269042968,4.365588061076198,-0.09659264944243427,-0.10645176124759308
-2.6958710693359373,7.352593298339843,5.147533569335937,3.862373665291268,-1.218799389102605,-0.7750061266298485
-2.2936451904296873,7.187393383789062,4.491522314453125,4.2077090409530475,0.15121745809263848,-0.23102297121818072
-2.521094348144531,8.825027319335938,4.364629626464843,3.5659341549334527,-0.463378254842464,-0.2621990815209802
-3.1747114013671873,8.075642199707032,3.5338416503906247,2.948540585945535,-0.2839157737404516,-0.593944870640513
-3.2321722412109373,7.110778930664062,3.0358477050781247,3.0298116427177897,-0.669353752825917,-0.783133232307074
-2.961627453613281,7.299920861816406,2.1978771240234374,4.365588061076198,-0.2671286374235596,-1.133264932630822
-3.086125939941406,7.630320690917968,1.4915876342773438,4.365588061076198,-0.10338744271355724,-1.3700168471952434
-3.9791631591796874,5.899312890625,-0.23702596435546874,4.365588061076198,-0.2679280248672211,-1.6033047495037984
-3.047818713378906,6.591237170410156,-1.7357962036132812,4.365588061076198,-0.025180704475338038,-1.7914272612454774
-4.434061474609375,7.077260107421875,-3.459621398925781,4.365588061076198,0.14628790219005908,-2.030577338140884
-4.687846850585937,5.877765075683594,-5.204994409179688,4.365588061076198,0.1028545177511162,-2.0279127133286785
-5.762843395996094,5.6574985229492185,-6.136338854980468,4.365588061076198,0.18625727437313533,-2.188989283226476
-5.173869787597656,5.4515971801757805,-6.9719152343749995,4.227560495803975,0.12377182252692612,-1.6635252702596337
-5.403713146972656,4.829104748535156,-7.697358337402343,2.2313568177405365,0.18479173072642255,-1.0361393582259466
-5.904101293945312,2.808398547363281,-8.173804467773436,0.8282986228739502,0.25580398197168797,-0.5656998476311391
-5.9400143188476555,0.928950244140625,-7.730877160644531,0.18292649335787897,0.03557274124293786,-0.22689280275926285
-5.693411547851563,0.40462008056640625,-7.517793212890624,0.22129709065363215,-0.0074609494741742334,-0.15068453313019745
-5.66946953125,0.9217676391601562,-7.196970190429687,0.25580398197168797,-0.000799387443661525,0.10511944884149053
-5.578489868164062,0.5674257934570313,-6.998251452636718,0.04769678413847099,0.15681317019826913,0.13909341519710536
-5.65031591796875,0.6560112548828124,-7.170633972167968,0.013856049023466432,0.2391500768954062,0.3380076574282148
-6.129156249999999,0.8547299926757812,-7.64229169921875,0.18998774911022243,0.13536294046001823,0.23368759603038583
-5.904101293945312,1.9225439331054686,-7.630320690917968,0.24421286403859588,-0.0073277182335639785,0.036372128686599385
-5.832275244140624,2.0542250244140625,-7.465120776367187,0.08087136305042428,0.12763552850462348,0.06381776425231174
-6.148309863281249,1.915361328125,-8.36294639892578,0.0026646248122050836,0.17053598798112535,0.06648238906451683
-6.361393811035156,2.250549560546875,-8.832209924316405,-0.19345176136608905,-0.05489127113142472,0.049562021507014546
-6.438008264160156,2.2170307373046874,-8.82981572265625,-0.47630168518165866,-0.17533231264309448,-0.07007963256099368
-6.739677673339843,2.528276953125,-9.552864624023437,-0.9479402769419584,-0.1833261870797097,-0.06674885154573734
-6.816292126464844,5.013458276367187,-10.55364091796875,-2.3500658531242733,-0.4563169990901205,-0.506411945559576
-7.204152795410156,2.0566192260742184,-9.076418493652342,-3.982814706802938,-0.5227993881546373,1.3950643204299715
-6.253654736328125,3.0550013183593747,-6.691793640136718,-4.323486989043358,0.3797090357392244,1.4149157752808992
-5.276820458984375,5.623979699707031,-5.908889697265625,-4.365721292316808,0.39782848446221897,2.397096481059693
-5.097255334472656,5.710170959472656,-5.65031591796875,-4.365721292316808,0.6967993883916292,2.1959173077382093
-4.520252734375,5.442020373535156,-4.113238452148437,-4.365721292316808,0.3264165394951227,2.226294030597347
-3.9552211425781247,6.928819604492187,-2.748543505859375,-4.365721292316808,0.13642879038490024,2.216168456310968
-3.0358477050781247,8.40843623046875,-1.5729904907226562,-4.365721292316808,0.02011791733214838,2.2192327748450036
-3.2225954345703123,6.58884296875,-0.6272808349609375,-4.365721292316808,-0.08526799399056267,1.8007534480881953
-2.6216508178710938,6.035782385253906,1.8100164550781248,-4.365721292316808,-0.319222052502169,1.4710061275778161
-2.0254946044921875,6.110002636718749,4.347870214843749,-4.365721292316808,-0.1529494642205718,1.2235957137645743
-2.2649147705078123,4.893748193359374,5.434837768554687,-4.365721292316808,0.23608575836137038,0.8978453304725028
-1.9416975463867185,3.593696691894531,6.993463049316406,-4.365721292316808,-0.1526830017393513,0.5708958660149391
-0.9433154541015625,2.798821740722656,8.82263311767578,-4.2865819353943175,0.215967841029222,0.326016845773292
-1.3766659545898436,1.0630255371093749,9.68454571533203,-2.453719758319051,0.32948085802915855,0.0868667688778857
-0.7398083129882812,2.3678654418945313,10.62307276611328,-0.9579326199877275,0.6344471677860304,-0.1340306280539157
-1.1276689819335937,3.6343981201171873,10.335768566894531,-0.9218269537823486,0.5622358353752726,-0.12283920384265434
-2.1619640991210938,2.8754361938476563,9.888052856445311,-0.7141194496709623,0.4243415013436595,-0.12377182252692612
-2.1404162841796874,3.1579519897460937,9.955090502929687,-0.4186125579974186,0.29750536028269753,-0.18905513042595065
-1.9656395629882812,3.385401147460937,10.225635290527343,-0.6709525277132399,0.3922327723565882,-0.10498621760088028
-2.4205378784179685,2.7078420776367187,9.801861596679688,-0.4232756514187775,0.4206110266065724,-0.20264471696819658
-2.3127988037109373,3.1124621582031247,10.295067138671874,-0.433001531983326,0.44858958713472574,-0.18905513042595065
-2.6192566162109374,2.868253588867187,10.333374365234375,-0.28684686103387724,0.4925558965361096,-0.224361409187668
-2.5761609863281247,3.134009973144531,10.572794531249999,-0.3189555900209484,0.37477947983664495,-0.19691577362195564
-2.7150246826171873,3.009511486816406,10.647014782714843,-0.26206585028036994,0.3012358350197846,-0.16494027587549465
-2.7437551025390623,2.7341782958984373,10.915165368652342,0.017852986241774057,0.23954977061723698,-0.25154058227215986
-2.9281086303710935,2.779668127441406,10.721235034179687,0.18412557452337125,0.1596110262510845,-0.11924196034617748
-2.808398547363281,3.191470812988281,10.663774194335938,0.11417917320298782,0.0039969372183076245,-0.08713323135910622
-2.770091320800781,2.750937707519531,10.407594616699217,0.18212710591421744,0.05249310880044014,-0.0961929557206035
-2.7365724975585937,2.942473840332031,10.280701928710936,0.5314594187943038,-0.1269693723015722,-0.1267029098203517
-2.7940333374023436,3.0214824951171875,10.09395419921875,0.8317626351298169,-0.19518376749402233,-0.1765313938085868
-2.77727392578125,2.712630480957031,10.110713610839843,1.3233859129816545,-0.21436906614189893,-0.16067687617596652
-2.6144682128906247,2.8898014038085935,10.005368737792969,2.212437981573881,-0.20077947959965303,-0.2728575807698005
-2.521094348144531,3.9791631591796874,9.557653027343749,3.1161454866332345,-0.31189433426860497,-0.39436447220635235
-2.4588451049804685,4.855440966796874,8.719682446289061,3.35489586980681,-0.273656968213462,-0.751690659523054
-2.521094348144531,5.348646508789062,7.9295958984374995,3.48572894808608,-0.20970597272054006,-0.3706493113777271
-2.1643583007812497,5.894524487304687,7.192181787109375,3.817341505965002,0.071811638688927,-0.29057733577096434
-2.43250888671875,7.369352709960937,6.89530078125,3.9936064372923687,0.28418223622167216,-0.48176416604667904
-2.9951462768554684,6.813897924804687,5.396530541992187,3.783634002090608,0.24994180738483682,-0.6542986226369583
-2.5953145996093747,7.733271362304687,5.216965417480468,3.8554456407795348,0.17000306301868431,-0.5379877495842063
-2.8131869506835936,8.259995727539062,4.498704919433593,3.0807059766309073,0.30989586565945115,-0.3853047478448551
-3.3782185424804685,7.9104422851562495,3.327940307617187,2.8094471707484296,0.03064318534035846,-0.37411332363359373
-3.402160559082031,8.1594392578125,2.8131869506835936,2.873664628722572,0.5180030634926682,-0.543583461689837
-3.5386300537109374,8.226476904296874,1.8171990600585937,2.5708300188154642,0.6461715169597326,-0.4500551307814386
-3.8235400512695312,7.592013464355468,0.7398083129882812,2.4954211366300605,0.8342940287014116,-0.7400995415899618
-3.7134067749023436,7.149086157226562,-0.016759411621093748,2.9346845369220684,0.6621592658329631,-0.713986218430352
-4.302380383300781,7.520187414550781,-1.0271125122070313,2.955601841697878,0.7162511495207263,-0.4978851461605198
-3.679887951660156,8.080430603027343,-1.8028338500976562,2.9033751953786586,0.8606738143422419,-0.4949540588670942
-3.9145197143554684,7.659051110839843,-2.731784094238281,2.775473204392815,0.8626722829513956,-0.5036140895067608
-4.534617944335937,7.673416320800781,-3.3686417358398435,2.4811653938847633,0.853346096108678,-0.4002266467932035
-4.094084838867187,7.723694555664062,-3.7325603881835936,2.0508284867136424,0.6440398171099686,-0.3301470142322098
-3.854664672851562,7.1203557373046875,-3.928884924316406,1.8224701403076666,0.6385773362449482,-0.43166921957722354
-4.127603662109375,6.775590698242187,-4.3263223999023435,1.7625160820330523,0.7959234314056584,-0.38610413528851656
-4.53940634765625,6.102820031738281,-5.295974072265625,2.0754762662265396,0.7587519152753975,-0.2884456359212003
-4.007893579101562,6.787561706542968,-5.913678100585937,1.7956906609450056,1.1329984701496014,-0.28551454862777464
-2.999934680175781,5.753266589355468,-7.532158422851562,1.3877366021964075,1.0891653919888278,-0.25460490080619574
-3.878606689453125,6.746860278320312,-6.452373474121093,1.0589219003703,1.547480859688102,-0.24887595745995478
-3.806780639648437,6.995857250976562,-6.574477758789062,0.08966462493070106,1.5870505381493476,-0.3011026037791744
-4.407725256347656,5.8226984375,-7.908048083496094,-0.17479938768065348,1.281151609708204,-0.44685758100679246
-3.5529952636718747,5.494692810058593,-7.45075556640625,-0.25846860678389305,0.47150536051968944,-0.15481470158911534
-3.2920272827148436,5.382165332031249,-6.9336080078124995,-0.04689739669480947,0.45192036814998215,-0.07780704451638844
-3.3255461059570313,5.219359619140625,-6.861781958007812,0.09139663105863435,0.3397396635561481,0.07767381327577817
-3.303998291015625,5.552153649902343,-6.993463049316406,0.16267534478512033,0.07860643196004995,0.24434609527920614
-2.5665841796874997,6.562506750488281,-6.196193896484375,-0.3476003067521531,0.009725880564548555,0.584485452557185
-2.1068974609374997,6.720524060058593,-6.797138513183594,-1.3666860661799873,0.23475344595526784,0.9945712111555474
-3.380612744140625,5.200206005859375,-7.6231380859375,-1.167905055189488,-0.5223996944328066,1.7165513040225147
-4.209006518554688,5.7508723876953125,-8.0828248046875,-0.36878407400918356,-0.5266630941323347,1.4728713649463598
-1.9704279663085937,6.236895324707031,-6.469132885742187,-0.8201715171967247,0.0030643185340358454,1.6476707526270133
-1.0319009155273438,7.218518005371093,-6.193799694824218,-1.2851485469265116,0.543050536727396,1.1256707519160374
-1.3718775512695311,7.709329345703124,-6.500257507324219,-1.9680918862946746,0.43593261927675164,1.038404289316321
-3.421314172363281,7.845798840332031,-6.995857250976562,-2.384705975682939,0.2435467078355446,1.0122909661567112
-0.7541735229492187,8.980650427246093,-5.667075329589843,-2.719382852095898,0.3049663097568718,0.7550214405383104
-0.3447650390625,9.473855969238281,-4.747701892089843,-3.5913813218900112,0.846551302837555,0.5972756516557693
-1.4604630126953124,9.576806640625,-4.790797521972656,-4.022517616504794,0.7285084236568697,0.648436448050107
-1.0079588989257813,11.200075366210937,-4.453215087890625,-4.365721292316808,0.7490260347108489,0.7722082705770331
-0.29927520751953124,10.702081420898438,-2.9472622436523435,-4.365721292316808,0.5465145489832626,0.15774578888254095
0.11013327636718749,8.238447912597655,-0.13168109130859373,-4.365721292316808,0.9424777960769379,-0.07634150086967564
-0.13646949462890623,8.231265307617187,2.2074539306640624,-4.365721292316808,1.3746799406166026,-0.231689127421232
-0.6296750366210937,7.244854223632812,3.327940307617187,-4.365721292316808,1.128601839209463,-0.7278422674538185
-1.7429788085937499,3.9719805541992184,5.358223315429687,-4.365721292316808,0.29830474772635907,-1.1731010735732879
-1.8339584716796873,1.9488801513671874,7.275978845214843,-4.365721292316808,-0.4014257279586958,-0.8272327729490682
-1.1468225952148436,1.697488977050781,8.801085302734375,-2.9699908156837855,-0.47190505424152024,-0.7382343042214183
-1.0606313354492187,1.2737152832031249,9.449913952636718,-1.4360995425379295,-0.6120643193635077,-0.48149770356545857
-0.25139117431640623,2.9089550170898435,9.945513696289062,-0.7334379795594491,-0.42767228235891586,-0.13389739681330545
0.18435352783203124,3.294421484375,9.248801013183593,-0.5471807051863139,-0.11764318545885442,-0.05688973974057853
-0.4908113403320312,3.825934252929687,10.108319409179687,-0.20970597272054006,-0.0039969372183076245,-0.07287748861380902
-0.5051765502929687,4.240131140136718,9.200916979980468,0.14375650861846423,-0.024781010753507273,-0.1557473202733871
-1.0007762939453124,4.527435339355469,9.251195214843749,0.1404257276032079,0.02105053601642016,-0.1215068914365518
-1.2306196533203124,4.920084411621094,9.794678991699218,0.01971822361031762,0.08260336917835759,-0.111647779631393
-1.47482822265625,4.690241052246093,9.94072529296875,0.05649004601874777,0.016120980113840753,-0.09286217470534716
-1.1324573852539062,5.058948107910156,10.488997473144531,-0.0075941807147844875,-0.006661562030512709,-0.033041347671343035
-2.001552587890625,4.80755693359375,10.491391674804687,0.09192955602107537,-0.014788667707738212,-0.0464977029729787
-0.9361328491210937,4.7572786987304685,10.824185705566405,0.607001532220318,-0.04862940282274277,-0.2616661565585392
-0.49799394531249996,4.817133740234374,10.867281335449219,1.1656401240991137,0.006128637068071691,-0.4685742732262639
-1.838746875,4.668693237304687,9.955090502929687,1.92905513279587,-0.05675650849996827,-0.7688774895617768
-1.0223241088867188,4.879382983398437,9.708487731933593,2.744163862849405,-0.31602450272752286,-0.6777473209843629
-1.0630255371093749,4.587290380859375,9.208099584960937,3.7176845379885326,-0.1957166924564634,-0.5535758047356061
-0.7278373046875,5.7843912109375,8.097190014648437,4.365588061076198,0.23248851486489353,-0.39849464066527024
-1.0366893188476562,6.7803791015625,6.246472131347656,4.365588061076198,0.4196784079223006,-0.3952970908906241
-1.24498486328125,7.941566906738281,4.319139794921875,4.365588061076198,0.5172036760490066,-0.5355895872532218
-1.5131354492187499,8.508992700195313,2.8323405639648436,4.365588061076198,0.6753491586533784,-0.39862787190588045
-2.2098481323242187,8.394071020507813,0.8283937744140625,4.365588061076198,0.5379877495842063,-0.4845620220994944
-2.0733786376953125,8.492233288574218,-0.30885201416015623,4.365588061076198,0.4681745795044331,-0.3571929560760914
-2.3247698120117186,8.252813122558594,-2.0542250244140625,4.365588061076198,0.3293476267885483,-0.327082695698174
-1.848323681640625,9.222464794921875,-3.6463691284179687,4.365588061076198,0.2380842269705242,-0.5105421140184939
-2.0877438476562498,9.143456140136719,-4.963180041503906,3.4814655483865513,0.16587289455976642,-0.8770612569373032
-3.342305517578125,5.9950809570312495,-5.66946953125,3.29201072423877,-0.27019295595759546,-1.0585222066484692
-3.210624426269531,5.346252307128906,-5.537788439941406,3.976419607253646,-0.6425742734632558,-0.6742833087284963
-2.7174188842773437,4.843469958496094,-6.004657763671875,4.325352226411901,-0.4524532931124231,-0.5827534464292518
-2.319981408691406,5.1690813842773435,-6.423643054199219,4.135764171023509,0.19584992369707363,-0.6789464021498552
-3.5146880371093747,3.4907460205078125,-8.075642199707032,4.195318535576293,0.13696171534734128,-0.6436401233881379
-3.5314474487304683,2.8993782104492185,-8.317456567382813,4.281519148251128,-0.11311332327810578,-0.384771822882414
-3.124433166503906,2.3223756103515623,-8.403647827148436,4.135364477301679,-0.11684379801519292,-0.2162343035104425
-3.2632968627929686,1.0893617553710937,-8.748412866210938,4.231690664262893,-0.19758192982500694,-0.26726186866416984
-3.1699229980468746,0.5243301635742187,-8.923189587402343,4.173468612116212,-0.14722052087433085,-0.28125114892824654
-3.114856359863281,0.36152445068359373,-8.872911352539061,3.0656508464419483,0.18106125598933542,-0.05955436455278361
-3.7325603881835936,-0.28490999755859375,-9.574412438964844,1.7731745812818727,0.15601378275460764,0.1389601839564951
-3.555389465332031,-0.6272808349609375,-9.476250170898437,0.4836294034152226,-0.16547320083793565,0.2034441044118581
-3.725377783203125,-1.8124106567382812,-8.896853369140624,0.39076722870987546,-0.49482082762648394,0.22276263430034499
-3.6918589599609373,-1.9536685546875,-8.403647827148436,0.9125007669396308,-0.5605038292473392,0.16094333865718705
-3.258508459472656,-1.216254443359375,-8.075642199707032,1.0432006139782901,-0.05808882090607082,-0.12683614106096197
-3.660734338378906,-1.946485949707031,-8.298302954101562,0.9999004607799575,0.22689280275926285,-0.295640122914154
-3.921702319335937,-2.4396914916992185,-8.40843623046875,0.7832664635476843,0.17453292519943295,-0.16613935704098695
-3.660734338378906,-2.8802245971679685,-8.451531860351562,0.6690872903446964,0.04836294034152226,-0.09832465557036758
-3.239354846191406,-2.7461493041992187,-8.106766821289062,0.4100857585983623,-0.009459418083328047,-0.3272159269387842
-3.7014357666015623,-3.787627026367187,-7.788338000488281,0.2487427262193445,-0.012656967857974145,-0.439796325254449
-4.058171813964844,-4.0988732421875,-7.800309008789062,0.44832312465350527,-0.004263399699528133,-0.23435375223343707
-3.9600095458984375,-3.447650390625,-8.125920434570313,0.37011638641528605,0.09406125587083944,-0.058355283387291325
-3.842693664550781,-3.172317199707031,-8.391676818847655,0.04663093421358895,0.14002603388137713,-0.031842266505850744
-3.7158009765625,-3.1675287963867187,-8.489839086914062,-0.17919601862079185,0.09885758053280859,-0.03877029101758396
-3.5601778686523438,-3.0262708984374997,-8.544905725097657,-0.40062634051503426,0.10565237380393155,-0.06581623286146555
-3.4332851806640625,-2.8131869506835936,-8.94473740234375,-0.9554012264161326,0.18532465568886355,-0.10685145496942385
-3.342305517578125,-2.5378537597656248,-9.701305126953125,-1.8942817789965938,0.22156355313485268,-0.0656830016208553
-3.5529952636718747,-2.3870190551757813,-9.323021264648437,-2.7678790236780304,0.1458882084682283,0.0575558959436298
-3.3303345092773435,-0.8379705810546875,-9.26316622314453,-3.943378259582303,0.40995252735775206,0.367984686565522
-2.834734765625,0.28730419921875,-9.504980590820312,-4.365721292316808,0.7748728953892382,0.6135298630102205
-3.35188232421875,-0.13646949462890623,-10.105925207519531,-4.365721292316808,0.5626355290971032,0.49308882149855066
-2.940079638671875,1.6160861206054686,-9.275137231445312,-4.365721292316808,0.351730475211071,0.40435681525212136
-2.243366955566406,4.876988781738281,-9.162609753417968,-4.365721292316808,0.899577336600436,0.2649969375737955
-2.5043349365234375,5.528211633300781,-8.820238916015624,-4.365721292316808,0.9022419614126412,-0.07993874436615249
-3.3542765258789062,4.520252734375,-7.398083129882812,-4.365721292316808,0.12537059741424916,-0.22529402787193978
-2.2026655273437497,6.787561706542968,-4.474762902832031,-4.365721292316808,0.15095099561141798,0.03477335379927634
-2.0733786376953125,7.584830859375,-3.3877953491210935,-4.365721292316808,0.623255743574769,0.007860643196004996
-2.750937707519531,7.271190441894531,-2.7653029174804686,-4.365721292316808,0.3670520678812502,0.05489127113142472
-2.8275521606445313,7.896077075195312,-1.0366893188476562,-4.365721292316808,-0.14002603388137713,0.10245482402928546
-1.6136919189453125,9.157821350097656,0.7613561279296874,-4.365721292316808,0.1901209803508327,0.06594946410207582
-1.6543933471679686,9.706093530273437,1.2306196533203124,-4.365721292316808,0.3232189897204766,-0.4335344569457671
-2.597708801269531,9.09796630859375,1.5945383056640625,-4.365721292316808,-0.027978560528153375,-0.7237120989949006
-2.2936451904296873,8.358157995605469,3.0550013183593747,-4.365721292316808,-0.07247779489197827,-0.7249111801603929
-2.346317626953125,7.220912207031249,4.125209460449218,-4.365721292316808,0.11591117933092111,-0.9603307823187119
-3.2321722412109373,4.833893151855468,5.252878442382812,-4.365721292316808,-0.4306033696523414,-1.0054961728855882
-3.2513258544921873,2.6910826660156246,7.0844427124023435,-4.149886682528196,-0.8273660041896783,-0.7219800928669674
-2.214636535644531,3.3494881225585935,8.420407238769531,-3.359026038265728,-0.6063353760172666,-0.30776416580968713
-2.4875755249023435,2.6240450195312497,8.774749084472656,-2.331546710679448,-0.5485130175924164,-0.43939663153261826
-2.327164013671875,3.399766357421875,9.03332286376953,-2.065883616902601,-0.4409954064199413,-0.5635681477813751
-2.3870190551757813,3.210624426269531,9.179369165039063,-1.94997243757168,-0.40968606487653153,-0.6008728951522463
-2.7940333374023436,2.379836450195312,9.282319836425781,-1.691104137065956,-0.44898928085655654,-0.581287902782539
-2.729389892578125,2.1811177124023438,9.521740002441407,-1.3320459436213212,-0.5617029104128316,-0.5518437986076727
-2.2673089721679687,2.2553379638671873,10.271125122070313,-1.1749663109418316,-0.4559173053682897,-0.5739601845489749
-2.5905261962890624,1.6112977172851561,10.505756884765624,-0.9516707516790455,-0.20744104163016572,-0.6429739671850866
-2.664746447753906,1.158793603515625,10.845733520507812,-0.7450290974925413,-0.19331853012547878,-0.6475038293658353
-2.6096798095703124,0.4955997436523437,11.219228979492186,-0.5796891278952159,-0.17186830038722786,-0.5884823897754926
-2.4684219116210935,-0.277727392578125,11.520898388671874,-0.3959632470936754,-0.02571362943777905,-0.3501317003237479
-2.454056701660156,-0.44053310546874996,11.389217297363281,0.03264165394951227,0.18012863730506362,-0.13589586542245924
-2.427720483398437,0.12449848632812499,11.257536206054686,0.2617993877991494,0.2153016848261707,0.05342572748471192
-2.4061726684570313,0.6967126831054687,10.78348427734375,0.42141041405023394,0.1758652376055355,0.10338744271355724
-2.5043349365234375,1.177947216796875,10.218452685546874,0.35079785652679923,0.13069984703865933,0.13030015331682857
-2.288856787109375,1.2569558715820313,10.299855541992187,0.21490199110433997,0.19958039843416073,0.056090352296917
-2.3678654418945313,1.2330138549804688,10.32379755859375,0.3188223587803382,0.19398468632853008,0.03317457891195329
-2.454056701660156,1.218648645019531,10.287884533691406,0.40435681525212136,0.2815176114094671,0.008926493120887028
-2.403778466796875,1.8555062866210936,10.084377392578125,0.3476003067521531,0.27192496208552874,0.03703828488965066
-2.7246014892578123,1.2928688964843749,10.378864196777343,0.7150520683552342,0.191852986478766,-0.00985911180515881
-2.655169641113281,0.4644751220703125,10.857704528808593,1.6736508445460128,0.22889127136841667,0.10924961730040841
-2.6479870361328124,1.218648645019531,10.9941740234375,2.4126845362110925,0.45991424258659735,0.3853047478448551
-3.2130186279296873,1.5801730957031248,10.539275708007812,3.128269529528768,0.5716952534586007,0.6323154679362663
-3.0980969482421874,2.4899697265625,9.648632690429688,4.000401230563492,0.5201347633424322,0.7855313946380585
-2.8131869506835936,3.9552211425781247,9.227253198242186,4.365588061076198,0.6589617160583171,0.9034410425781335
-2.9568390502929685,4.273649963378906,8.346186987304687,4.365588061076198,0.7033277191815317,0.9675252693116657
-2.7054478759765623,5.556942053222656,6.5218053222656245,4.365588061076198,0.6423078109820354,1.0561240443174846
-2.123656872558594,6.873752966308594,4.479551306152343,4.365588061076198,0.6750826961721579,0.9466079645358558
-2.023100402832031,7.999027746582031,2.013523596191406,4.365588061076198,0.7009295568505473,0.7277090362132083
-2.4875755249023435,7.2903440551757805,0.02633621826171875,4.365588061076198,0.5883491585348823,0.6084670758670309
-2.0925322509765625,7.644685900878906,-1.3407529296874998,4.365588061076198,0.2693935685139339,0.7560872904631923
-1.6807295654296874,8.152256652832031,-2.786850732421875,4.365588061076198,0.1825267996360482,0.783133232307074
-1.7501614135742187,7.541735229492187,-4.050989208984375,4.365588061076198,-0.11377947948115706,0.69200306372966
-1.2425906616210938,7.48906279296875,-5.011064074707031,4.365588061076198,-0.21703369095410402,0.5301271063882013
-1.7669208251953124,6.406883642578125,-6.653486413574218,4.365588061076198,-0.4929555902579404,0.407287902545547
-2.001552587890625,5.327098693847656,-7.247248425292969,4.365588061076198,-0.761150077606382,0.46204594243636143
-1.5682020874023437,4.953603234863281,-7.958326318359375,4.365588061076198,-0.7863307820817201,0.48056508488118677
-1.5298948608398437,4.067748620605468,-8.504204296874999,4.365588061076198,-0.9098361421274257,0.3189555900209484
-1.5658078857421873,3.5721488769531247,-8.578424548339843,4.365588061076198,-0.7307733547472441,0.04783001537908124
-1.6017209106445311,2.7269956909179687,-8.635885388183594,4.365588061076198,-0.16787136316892026,0.05529096485325548
-2.1452046874999997,1.6735469604492186,-8.889670764160156,3.589249622040247,0.3464012255866608,0.24754364505385223
-2.0087351928710935,1.1037269653320312,-9.260772021484375,2.5961439545314127,0.5658330788717494,0.28937825460547206
-1.8171990600585937,-0.1197100830078125,-9.674968908691406,1.86603675598722,0.29404134802683096,0.07114548248587572
-1.9776105712890624,-1.0989385620117187,-9.655815295410155,1.3252511503501982,0.04223430327345057,-0.09566003075816248
-1.5777788940429687,-2.2601263671875,-9.409212524414063,1.2902113340697015,-0.04636447173236845,-0.22635987779682182
-1.6328455322265625,-2.4301146850585935,-9.3086560546875,1.0995574287564276,0.09459418083328046,-0.33321133276624565
-2.1499930908203124,-3.0526071166992184,-9.639055883789062,0.535189893531391,0.15161715181446922,-0.2784532928754312
-2.4133552734375,-3.5960908935546874,-9.591171850585937,0.21716692219471428,-0.005995405827461438,-0.03437366007744557
-2.2074539306640624,-3.3111808959960936,-9.5384994140625,0.12843491594828502,-0.02118376725703041,0.07554211342601411
-2.051830822753906,-3.124433166503906,-9.56962403564453,0.0057289433462409285,0.07354364481686029,0.031042879062189218
-2.308010400390625,-3.086125939941406,-9.885658654785155,-0.09645941820182401,0.02571362943777905,0.02531393571594829
-2.2074539306640624,-2.971204260253906,-9.897629663085937,-0.07007963256099368,-0.11857580414312621,0.044632465604435144
-2.0566192260742184,-2.5522189697265625,-9.524134204101562,-0.3421378258871327,-0.0514272588755581,0.06794793271122962
-2.1930887207031247,-2.4061726684570313,-9.83777462158203,-0.7355696794092131,-0.03490658503988659,-0.019984686091538122
-2.1811177124023438,-1.8243816650390623,-9.730035546875,-1.0654502311602025,-0.14801990831799236,-0.0764747321102859
-2.2577321655273437,-1.0031704956054688,-9.909600671386718,-1.9381148571573672,0.10338744271355724,-0.06515007665841428
-3.095702746582031,-1.47482822265625,-9.255983618164063,-2.397762637262744,-0.06594946410207582,0.057689127184240054
-2.7269956909179687,0.023942016601562498,-8.06367119140625,-2.2059096507839784,-0.08420214406568063,0.3130934154340973
-0.9361328491210937,2.4899697265625,-7.845798840332031,-3.1605114897564492,0.7719418080958126,0.19491730501280186
-0.5434837768554687,2.5617957763671875,-9.823409411621093,-4.365721292316808,1.4455589606212575,-0.08566768771239343
-0.8690952026367187,2.877830395507812,-11.767501159667969,-4.365721292316808,1.5818545197655476,-0.17026952549990482
-1.0510545288085937,3.0262708984374997,-11.705251916503906,-4.365721292316808,1.1179433399606427,-0.24634456388835996
-0.5458779785156249,3.909731311035156,-10.180145458984374,-4.365721292316808,0.6661562030512709,-0.16547320083793565
-0.30885201416015623,6.4667386840820305,-8.564059338378906,-4.365721292316808,0.70239510049726,-0.19278560516303778
-0.239420166015625,7.560888842773437,-7.1203557373046875,-4.365721292316808,0.7039938753845829,-0.33880704487187635
-0.7398083129882812,6.919242797851562,-4.932055419921875,-4.365721292316808,0.45871516142110513,-0.48842572807719176
-0.6440402465820312,7.445967163085937,-2.8275521606445313,-4.365721292316808,0.4412618689011618,-0.5239984693201296
-0.6847416748046875,7.331045483398437,-0.33039982910156246,-4.365721292316808,0.7615497713282128,-0.2932419605831694
-1.5035586425781249,6.136338854980468,1.6136919189453125,-4.365721292316808,1.0563905067987052,-0.046764165454199216
-1.5227122558593749,5.9950809570312495,2.741360900878906,-4.365721292316808,0.9787166935229271,0.07114548248587572
-0.9313444458007812,6.256048937988281,3.859453076171875,-4.365721292316808,0.9484732019043993,-0.016787136316892024
-1.1252747802734375,6.5960255737304685,4.560954162597656,-4.365721292316808,0.8135099551662119,-0.24421286403859588
-0.48123453369140623,6.299144567871093,6.035782385253906,-4.365721292316808,0.585551302482067,-0.7195819305359827
-1.01514150390625,4.546588952636719,6.950367419433594,-4.365721292316808,0.4227427264563364,-1.3537626358407926
-1.7310078002929687,2.29843359375,8.59997236328125,-4.365721292316808,-0.1833261870797097,-1.4979188381810875
-1.8243816650390623,0.59376201171875,10.012551342773437,-3.1172113365581167,-0.42620673871220305,-1.4281056681013145
-1.4724340209960938,-0.09576806640624999,12.488155859374999,-1.932652376292347,0.05196018383799912,-0.848683002687319
-2.901772412109375,-0.584185205078125,11.77947216796875,-0.36212251197867085,0.13416385929452596,-0.21703369095410402
-2.5450363647460934,0.5530605834960938,11.698069311523437,0.8092465554666838,-0.04916232778518379,0.28937825460547206
-1.89620771484375,2.6767174560546874,11.176133349609374,1.178830016919529,0.28591424234960544,0.3027013786664975
-2.2385785522460937,3.5027170288085934,10.103531005859374,0.9311531406250664,0.2767212867474979,0.11564471684970061
-2.4756045166015626,3.5673604736328124,10.24718310546875,0.6111317006792358,0.16587289455976642,0.0927289434647369
-2.6791116577148437,3.6750995483398436,10.213664282226562,0.5810214403013184,0.16454058215366388,0.10618529876637257
-2.6599580444335937,3.84987626953125,10.146626635742187,0.565566616390529,-0.0558238898156965,0.09779173060792655
-2.1308394775390624,4.173093493652344,10.237606298828124,0.4543185304809667,0.010258805526989571,0.0019984686091538122
-1.9488801513671874,3.957615344238281,9.9215716796875,0.3480000004739839,0.03703828488965066,-0.07607503838845513
-2.0374656127929685,3.507505432128906,9.41639512939453,0.38663706025095756,0.006928024511733216,-0.05822205214668107
-1.848323681640625,3.4165257690429685,9.397241516113281,0.43899693781078747,0.004529862180748642,0.0037304747370871167
-1.8459294799804686,3.9600095458984375,9.483432775878907,0.14309035241541299,0.1020551303074547,-0.036238897445989134
-2.1595698974609374,3.9528269409179684,9.612719665527344,-0.12430474748936714,0.04569831552931718,-0.09632618696121377
-2.1260510742187497,3.6487633300781246,10.05564697265625,-0.18479173072642255,0.036238897445989134,-0.1421577337311412
-2.01112939453125,3.706224169921875,10.9175595703125,-0.017453292519943295,0.12510413493302866,-0.21170444132969385
-2.4516625,3.8474820678710935,11.394005700683593,0.36731853036247075,0.21077182264542207,-0.3043001535538205
-2.3535002319335936,3.7708676147460936,11.79862578125,1.0380045955944903,0.44752373720984373,-0.2835160800186209
-2.2673089721679687,4.414907861328125,11.535263598632811,1.6781807067267616,0.8504150088152523,-0.36465390555026567
-2.4947581298828125,4.333505004882812,10.007762939453125,1.8327289458346563,1.3500321611037056,-0.3798422669798346
-3.1196447631835937,4.113238452148437,8.815450512695312,1.772241962597601,1.6572634019509516,-0.232222052383673
-4.537012145996093,3.1794998046874996,7.433996154785156,2.574294031071331,1.225594182373728,-0.03503981628049684
-4.465186096191406,3.5984850952148437,6.766013891601562,3.187557431600331,0.648436448050107,0.6744165399691066
-4.309562988281249,4.077325427246094,5.501875415039062,3.790562026602341,0.3340107202099072,1.3580260355403206
-3.153163586425781,4.721365673828124,4.697423657226563,4.365588061076198,0.10152220534501366,1.802218991734908
-2.2936451904296873,5.576095666503906,3.303998291015625,4.365588061076198,-0.039969372183076245,1.9576998495270748
-1.407790576171875,6.548141540527343,1.024718310546875,4.365588061076198,-0.003863705977697371,2.231490048981147
-1.3575123413085937,6.756437084960937,-1.4508862060546874,4.365588061076198,-0.17972894358323288,2.325817767333207
-0.6847416748046875,6.5385647338867185,-3.201047619628906,4.365588061076198,-0.5269295566135552,2.226294030597347
-0.20829554443359374,6.342240197753906,-5.080495922851562,4.365588061076198,-0.7121209810618085,2.1831271086396247
0.38786066894531246,5.777208605957031,-6.701370446777343,4.365588061076198,-0.6505681478998712,2.0373721314120066
0.814028564453125,5.1523219726562495,-8.319850769042969,4.365588061076198,-0.5866171524069491,1.8890857606127938
0.8451531860351562,4.76924970703125,-9.524134204101562,4.365588061076198,-0.5291944877039295,1.7236125597748582
0.5482721801757812,3.411737365722656,-10.141838232421874,4.365588061076198,-0.5979418078588208,1.561603371192789
0.55545478515625,1.9704279663085937,-10.565611926269531,4.365588061076198,-0.7416983164772849,1.3681516098267
1.22583125,1.6208745239257811,-11.003750830078124,3.573261873167017,-0.41901225171924933,0.9761852999513322
1.3239935180664062,1.4413093994140624,-11.104307299804686,1.454618684982755,0.026113323159609816,0.4254073512685415
0.38786066894531246,-0.9744400756835937,-10.479420666503906,0.5672986225184622,-0.199713629674771,-0.09912404301402909
-0.18435352783203124,-2.398990063476562,-9.816226806640625,0.46137978623331016,-0.2651301688144058,-0.09965696797647011
-0.5123591552734374,-2.5139117431640625,-9.610325463867188,0.6622924970735734,-0.14015926512198737,0.15481470158911534
-0.5530605834960938,-1.7932570434570312,-9.583989245605467,0.7492924971920694,-0.15161715181446922,0.21929862204447836
-0.33758243408203126,-1.3718775512695311,-9.483432775878907,0.4740367540912843,-0.053026033762881154,0.018385911204215073
-0.41419688720703124,-2.039859814453125,-9.445125549316407,0.20624196046467347,0.09472741207389071,-0.031842266505850744
-0.5051765502929687,-2.2601263671875,-9.555258825683593,0.16587289455976642,0.16773813192830997,0.04769678413847099
-0.3591302490234375,-2.365471240234375,-9.816226806640625,0.23568606463953962,0.1444226648215155,0.12750229726401321
-0.33758243408203126,-2.042254016113281,-10.103531005859374,0.14855283328043337,0.12790199098584398,0.13856049023466432
-0.062249243164062495,-2.185906115722656,-10.220846887207031,-0.03264165394951227,0.09499387455511121,0.017852986241774057
-0.30885201416015623,-2.85388837890625,-10.601524951171875,-0.07993874436615249,0.012656967857974145,-0.03823736605514295
-0.41419688720703124,-3.1794998046874996,-10.934318981933593,-0.1961163861782941,-0.15454823910789484,0.0764747321102859
-0.5243301635742187,-2.987963671875,-10.560823522949217,-0.40528943393639316,-0.23901684565479597,0.1590781012886435
-0.5482721801757812,-1.8363526733398436,-10.01733974609375,-0.9472741207389072,-0.2019785607651453,0.14855283328043337
-0.3591302490234375,-0.1771709228515625,-9.521740002441407,-1.8732312429801736,0.05275957128166065,-0.004663093421358896
-0.46686932373046874,0.8978256225585937,-9.421183532714844,-3.1727687638925923,0.3693169989716245,-0.36731853036247075
0.258573779296875,2.3511060302734372,-9.117119921875,-4.365721292316808,0.5946110268435644,-0.9114349170147487
0.9145850341796874,4.192247106933594,-9.85692823486328,-4.365721292316808,1.1733675360545084,-1.4475574292304116
0.9241618408203125,4.412513659667969,-11.171344946289063,-4.365721292316808,1.2639647796694813,-1.859241962716097
0.7350199096679687,4.297591979980469,-10.40041201171875,-4.365721292316808,0.48789280311475075,-1.844719757489579
0.7517793212890624,5.063736511230468,-7.8553756469726554,-4.365721292316808,0.03490658503988659,-1.5492128658160356
1.8746598999023436,6.945579016113281,-4.977545251464844,-4.365721292316808,0.9713889752893632,-1.6192924983770292
1.0079588989257813,8.513781103515624,-4.771643908691406,-4.365721292316808,1.8469846885799535,-2.0245819323134224
-0.6009446166992187,8.89924757080078,-4.944026428222656,-4.365721292316808,1.7902281800799853,-2.475702913019743
-1.5634136840820312,7.3861121215820305,-3.153163586425781,-4.365721292316808,1.366019909976936,-2.6930030664550673
-2.0302830078125,4.704606262207031,0.7613561279296874,-4.365721292316808,0.9039739675405745,-2.30636600620411
-4.563348364257812,-0.8738836059570312,4.568136767578125,-4.365721292316808,0.2705926496794262,-1.5213675365284924
-5.0206408813476555,-0.6919242797851562,7.982268334960937,-3.2272603413021868,-0.18066156226750466,-0.23901684565479597
-4.237736938476562,1.7932570434570312,8.911218579101561,-1.6677886699591618,-0.23475344595526784,0.8270995417084579
-2.9855694702148434,3.8570588745117185,9.320627062988281,-1.4106523755813711,-0.14468912730273603,1.083436448642587
-2.300827795410156,4.544194750976562,9.708487731933593,-0.7718085768552023,-0.17280091907149964,0.5266630941323347
-2.3630770385742186,5.734112976074218,9.404424121093749,-0.6356462489515226,-0.07167840744831674,-0.10818376737552639
-3.1771056030273437,4.802768530273437,8.904035974121093,-0.5768912718424006,-0.34720061303032235,-0.33654211378150206
-3.1387983764648437,4.465186096191406,9.622296472167967,-0.46670903585772033,-0.2695267997545442,-0.11124808590956223
-3.208230224609375,4.537012145996093,9.840168823242188,-0.19251914268181727,-0.22089739693180138,0.10485298636027003
-2.8658593872070313,4.853046765136718,10.08677159423828,0.09925727425463936,-0.21490199110433997,0.09392802463022919
-2.6192566162109374,5.214571215820312,10.158597644042969,0.11298009203749554,0.022516079663132953,0.02691271060327134
-2.952050646972656,4.817133740234374,9.835380419921874,0.10005666169830088,0.15641347647643838,0.02624655440022007
-3.0550013183593747,4.929661218261718,9.545682019042967,0.16414088843183314,0.17919601862079185,0.0430336907171121
-2.863465185546875,5.078101721191406,9.53131680908203,0.3583920372415837,0.1529494642205718,-0.07740735079455767
-3.0023288818359375,5.312733483886719,9.375693701171874,0.4559173053682897,0.14015926512198737,-0.08366921910323963
-2.8610709838867185,5.315127685546875,9.555258825683593,0.46750842330138187,0.19078713655388396,-0.15801225136376143
-3.2345664428710936,4.527435339355469,9.30147344970703,1.1572465559406677,-0.02464777951289702,-0.18878866794473015
-3.4093431640625,3.9743747558593747,9.093177905273437,2.290111794849659,-0.22742572772170386,0.18998774911022243
-3.392583752441406,4.879382983398437,8.214505895996094,2.994771826437293,-0.27259111828858,0.8055160807295967
-3.19865341796875,5.3199160888671875,7.144297753906249,3.364088825408918,-0.4720382854821305,1.3447029114792952
-2.454056701660156,5.511452221679687,6.272808349609375,4.023183772707845,-0.7107886686557059,1.8010199105694158
-1.7741034301757812,6.641515405273437,4.742913488769531,4.365588061076198,-1.0042970917200957,2.1294349186736925
-0.6967126831054687,8.068459594726562,3.737348791503906,4.365588061076198,-1.0487963260839208,1.9122679964789782
-0.35673604736328124,8.86812294921875,2.1619640991210938,4.365588061076198,-1.2666294044816864,1.7278759594743862
0.4333505004882812,9.3086560546875,1.01514150390625,4.365588061076198,-1.4626125594193702,1.5453491598383382
1.3766659545898436,9.97184991455078,0.15322890625,4.365588061076198,-1.289145484144819,1.195617153236421
1.3287819213867187,9.562441430664062,-1.5514426757812498,4.365588061076198,-1.155914243534565,0.8749295570875391
1.4030021728515625,9.198522778320312,-2.729389892578125,4.360791736414229,-1.2021454840263233,0.8116447177976683
1.7932570434570312,9.320627062988281,-3.584119885253906,3.5255650890285457,-0.870666157388011,0.6778805522249731
1.6903063720703124,8.86812294921875,-4.180276098632812,2.476768762944625,-0.48123124108423804,0.3849050541230243
1.16837041015625,7.44357296142578,-4.3454760131835934,1.980482391671428,-0.35359571257961453,0.2952404291923232
1.01514150390625,6.186617089843749,-4.764461303710937,2.079872897166678,-0.3526630938953428,0.4496554370596078
0.9241618408203125,5.3390697021484375,-5.279214660644531,2.684476267056011,-0.5406523743964115,0.6440398171099686
0.928950244140625,4.446032482910156,-6.054935998535156,3.5376891319240786,-0.8298973977612731,0.9274226658879792
0.7062894897460937,3.4859576171874997,-7.237671618652343,4.365588061076198,-1.1750995421824417,1.2081408898537846
0.5458779785156249,2.2026655273437497,-8.329427575683594,4.365588061076198,-1.6163614110836035,1.5282955610402256
0.7038952880859375,1.7525556152343749,-9.469067565917967,4.365588061076198,-1.7729081188006521,1.8681684558369838
0.40940848388671874,0.8283937744140625,-11.118672509765624,4.365588061076198,-1.9730214421972538,2.0436339997206887
0.7757213378906249,-0.12449848632812499,-11.710040319824218,4.365588061076198,-2.059621748593919,2.1777978590152145
1.668758557128906,1.0678139404296874,-11.429918725585937,4.365588061076198,-1.4812649331048058,1.732006127933304
1.6927005737304686,1.9704279663085937,-10.364498986816406,2.1996477824752962,-0.6103323132355744,0.5951439518060053
-0.34237083740234375,-1.0079588989257813,-10.242394702148436,0.43806431912651567,-0.22662634027804232,-0.7374349167777569
-1.2641384765625,-3.9264907226562498,-9.430760339355468,0.09033078113375233,-0.26979326223576466,-0.8982450241943336
-1.6256629272460936,-4.697423657226563,-8.920795385742187,0.33560949509723026,-0.23608575836137038,-0.2964395103578155
-1.7717092285156248,-4.134786267089844,-8.901641772460938,0.596476264212108,-0.08979785617131131,0.07780704451638844
-1.39821376953125,-3.488351818847656,-9.17458076171875,0.496419602513807,0.024114854550456002,0.09819142432975732
-1.3646949462890625,-3.2704794677734372,-9.622296472167967,0.050361408950676076,0.09459418083328046,0.005462480865020421
-1.2330138549804688,-3.4739866088867184,-9.066841687011719,-0.27592189930383637,0.15628024523582812,-0.07434303226052183
-1.254561669921875,-3.6391865234374996,-8.8872765625,-0.21556814730739124,0.2833828487780106,-0.1229724350832646
-1.1444283935546875,-3.347093920898437,-9.069235888671875,-0.28831240468059,0.3182894338178972,-0.11577794809031088
-0.5530605834960938,-2.7246014892578123,-9.095572106933593,-0.6155283316193743,0.5249310880044015,-0.2494088824223958
-0.4165910888671875,-2.2290017456054687,-9.6917283203125,-1.1588453308279907,0.6666891280137118,-0.5273292503353859
-0.01915361328125,-1.0941501586914062,-10.421959826660157,-2.043767230961299,0.8095130179479043,-0.9872434929219834
0.03591302490234375,-1.3718775512695311,-10.527304699707031,-3.0013001572271953,0.7117212873399777,-1.40998621937832
0.8044517578125,-1.3096283081054687,-9.433154541015625,-3.465611030753931,0.894781011938467,-1.5039142440085491
1.5729904907226562,1.209071838378906,-9.897629663085937,-4.365721292316808,1.6053032181129525,-1.8769617177172608
1.889025109863281,2.291250988769531,-11.149797131347656,-4.365721292316808,1.87656202399543,-2.664891274686304
1.8531120849609375,2.001552587890625,-11.48498536376953,-4.365721292316808,1.6568637082291209,-3.0218177682811747
1.2042834350585936,2.094926452636719,-10.405200415039062,-4.365721292316808,1.1042205221777865,-2.5822879055079464
2.3367408203125,5.178658190917968,-8.451531860351562,-4.365721292316808,1.0340076583761826,-2.227226649281619
2.5737667846679684,8.039729174804688,-7.568071447753906,-4.365721292316808,1.3904012270086124,-2.7522909685266304
0.928950244140625,6.045359191894531,-6.598419775390624,-4.365721292316808,0.8593415019361393,-3.1972833121648794
-0.36391865234375,6.572083557128906,-4.053383410644531,-4.365721292316808,0.33614242005967127,-2.62105819652553
-0.7350199096679687,7.800309008789062,-2.4061726684570313,-4.365721292316808,0.621124043725005,-2.1552817793520815
-1.1061211669921875,8.17141026611328,-1.7908628417968748,-4.365721292316808,0.915298622992446,-2.043367537239468
-2.1308394775390624,7.003039855957031,-0.5339069702148437,-4.365721292316808,0.6172603377473076,-1.7385344587232066
-2.5330653564453125,6.172251879882812,1.4724340209960938,-4.365721292316808,0.4755022977379971,-1.3240520691847057
-2.849099975585937,5.604826086425781,4.00310517578125,-4.365721292316808,0.3346768764129585,-1.0029647793139933
-2.5474305664062498,6.069301208496094,5.3390697021484375,-4.107385916773525,0.2531393571594829,-0.9374150089337483
-3.0119056884765625,5.157110375976562,6.497863305664062,-2.791993878228486,-0.31109494682494343,-1.0691807058972898
-2.9568390502929685,5.487510205078125,7.517793212890624,-1.8575099565881634,-0.42101072032840314,-0.815108730053535
-3.220201232910156,5.439626171875,7.917624890136718,-1.5141730495355386,-0.5025482395818787,-0.6874732015489115
-3.6559459350585937,5.425260961914062,8.259995727539062,-1.2615666173384965,-0.3822404293108192,-0.4591148551429358
-3.414131567382812,5.049371301269531,8.434772448730468,-0.7833996947882945,-0.3940980097251318,-0.4226094952157262
-3.1100679565429687,5.346252307128906,8.497021691894531,-0.6209908124843947,-0.35159724397046077,-0.27045941843881594
-3.3159692993164063,4.843469958496094,8.528146313476562,-0.4411286376605515,-0.32375191468291764,-0.15481470158911534
-3.277662072753906,4.786009118652344,8.425195642089843,-0.17400000023699194,-0.29031087328974386,-0.045032159326265905
-3.189076611328125,5.504269616699219,8.678981018066406,-0.15921133252925374,-0.22129709065363215,-0.0010658499248820332
-3.4644098022460934,5.233724829101562,8.564059338378906,-0.16387442595061263,-0.21063859140481184,0.0610199081994964
-3.383006945800781,5.298368273925781,8.664615808105468,-0.014788667707738212,-0.2053093417804017,0.23195558990245252
-3.303998291015625,5.865794067382812,8.556876733398436,0.0543583461689837,-0.1692036755750228,0.28378254249984136
-3.1292215698242187,6.210559106445312,8.947131604003905,-0.07247779489197827,-0.032774885190122525,0.18998774911022243
-3.318363500976562,6.505045910644531,9.004592443847656,-0.22622664655621155,0.06515007665841428,0.06275191432742971
-3.414131567382812,6.572083557128906,9.442731347656249,-0.423009188937557,0.06368453301170149,-0.11377947948115706
-3.4763808105468748,6.114791040039062,10.175357055664062,-0.4531194493154744,0.11324655451871604,-0.2632649314458622
-3.35188232421875,5.492298608398437,10.443507641601562,-0.20810719783321702,0.29257580438011815,-0.2777871366723799
-3.5865140869140624,4.99909306640625,10.144232434082031,0.2464777951289702,0.4110183772826341,-0.18292649335787897
-3.1028853515624997,4.944026428222656,9.64623848876953,0.6509678416217018,0.5307932625912526,-0.044632465604435144
-3.380612744140625,4.11802685546875,8.564059338378906,1.3336447185086442,0.6349800927484713,0.06448392045536301
-4.0222587890625,2.080561242675781,7.292738256835937,3.150918840432511,0.04170137831100955,0.06741500774878861
-3.679887951660156,3.1100679565429687,5.944802722167968,4.365588061076198,-0.7217136303857469,0.505346095634694
-2.2601263671875,5.45877978515625,4.836287353515624,4.365588061076198,-0.39063399746926525,0.8717320073128929
-1.848323681640625,6.500257507324219,2.3127988037109373,4.365588061076198,-0.12270597260204408,1.2593016862481223
-1.70467158203125,6.72291826171875,-0.3232172241210937,4.365588061076198,-0.295640122914154,1.76131700086756
-0.6871358764648438,8.243236315917969,-2.3918074584960936,4.365588061076198,-0.2761883617850569,1.8675022996339325
-0.622492431640625,8.559270935058594,-4.458003491210937,4.365588061076198,-0.22995712129329868,1.5825206759685988
-0.9265560424804687,7.668627917480468,-5.7843912109375,4.365588061076198,-0.5401194494339704,1.3395068930954954
-0.7589619262695312,6.351817004394531,-6.648698010253906,4.365588061076198,-0.6388437987261687,1.3541623295626233
-0.5410895751953124,5.391742138671875,-7.551312036132812,4.365588061076198,-0.3525298626547325,1.4925895885566776
-0.47644613037109373,3.8666356811523435,-8.872911352539061,4.365588061076198,-0.4936217464609917,1.6997641677056226
0.06464344482421874,2.5713725830078125,-9.495403784179686,4.365588061076198,-0.5994073515055335,1.7228131723311968
0.20350714111328125,1.2497732666015624,-9.603142858886718,4.365588061076198,-0.5166707510865657,1.8335283332783177
0.967257470703125,0.6081272216796875,-9.540893615722656,4.365588061076198,0.10964931102223918,1.792359879929749
0.9337386474609375,-0.00718260498046875,-9.715670336914062,4.089399699291142,0.9272894346473689,1.5737274140883222
-0.09816226806640624,-0.7445967163085937,-10.797849487304687,2.18072894630864,1.12180704593834,1.0702465558221717
-0.36391865234375,-1.9393033447265624,-10.59194814453125,0.794191425277725,0.6309831555301638,0.47043951059480743
-0.3687070556640625,-3.2130186279296873,-9.366116894531249,0.3707825426183373,0.19851454850927872,0.1023215927886752
-0.3591302490234375,-4.062960217285156,-8.875305554199219,0.6340474740641995,-0.04223430327345057,0.2823169988531286
-0.1292868896484375,-3.507505432128906,-8.518569506835936,0.7222465553481878,-0.005062787143189658,0.4783001537908124
-0.11731588134765625,-2.971204260253906,-8.571241943359375,0.5826202151886415,0.09113016857741385,0.3025681474258872
0.02154781494140625,-2.8610709838867185,-8.540117321777343,0.3493323128800864,0.2503415011066676,-0.018785604926045835
-0.18914193115234373,-3.375824340820312,-8.743624462890624,0.15015160816775644,0.3313460953977021,-0.22156355313485268
-0.17956512451171874,-4.034229797363281,-8.992621435546875,0.09819142432975732,0.2737901994540723,-0.18918836166656092
0.3280056274414062,-4.055777612304687,-9.088389501953124,0.06528330789902453,0.3483996941958146,-0.08007197560676275
0.5195417602539062,-3.9145197143554684,-9.794678991699218,-0.15654670771704865,0.4820306285278995,-0.06754823898939886
0.6057330200195312,-3.526659045410156,-10.309432348632813,-0.5872833086100003,0.5471807051863139,-0.15987748873230498
0.9600748657226562,-2.1930887207031247,-10.977414611816405,-1.4334349177257246,0.5335911186440679,-0.6339142428235893
1.8076222534179687,-0.48123453369140623,-11.61906065673828,-2.973321596699042,0.5271960190947758,-1.702562023758438
2.7581203125,1.2497732666015624,-11.769895361328125,-4.365721292316808,0.7639479336591974,-2.862473204511311
3.35188232421875,2.9089550170898435,-12.105083593749999,-4.365721292316808,1.3850719773842024,-4.064885151018855
3.9719805541992184,3.246537451171875,-12.883199133300781,-4.365721292316808,1.625421135445101,-4.365721292316808
3.3494881225585935,2.099714855957031,-12.246341491699217,-4.365721292316808,0.8582756520112573,-4.365721292316808
2.6503812377929687,2.5354595581054684,-9.821015209960937,-4.365721292316808,0.26966003099515445,-4.365721292316808
1.7621324218749999,2.7174188842773437,-7.548917834472656,-4.365721292316808,0.11204747335322376,-3.650003067758523
0.02633621826171875,4.357447021484375,-5.9783215454101555,-4.365721292316808,0.1377611027910028,-3.1611776459595005
-0.74699091796875,6.227318518066406,-4.070142822265625,-4.365721292316808,0.18239356839543794,-2.849416542931506
-0.9528922607421875,7.371746911621093,-2.013523596191406,-4.365721292316808,0.19345176136608905,-2.8860551340993257
-2.499546533203125,6.124367846679687,1.01514150390625,-4.365721292316808,-0.3261500770139022,-2.7814686102202764
-3.7995980346679685,4.778826513671874,3.2225954345703123,-4.365721292316808,-0.8141761113692632,-2.3857718256078213
-4.127603662109375,5.078101721191406,5.506663818359375,-3.466943343160034,-0.8590750394549188,-1.6263537541293727
-4.613626599121093,4.639962817382812,7.017405065917968,-2.520735072346009,-1.0854349172517408,-1.208274121094395
-4.280832568359375,5.257666845703125,7.821856823730468,-2.106385914048118,-0.9250245035569946,-0.9685911192365477
-4.223371728515625,4.659116430664063,8.372523205566406,-1.59877488732305,-0.8613399705452932,-0.8510811650183037
-3.8857892944335934,5.157110375976562,8.259995727539062,-1.3516309359910283,-0.4003598780338138,-0.8825237378023236
-4.673481640625,4.42448466796875,7.726088757324218,-1.0233491591273622,-0.40275804036479834,-0.910502298330477
-4.778826513671874,4.6351744140625,8.027758166503906,-0.9635283320933581,-0.7197151617765929,-0.5381209808248166
-4.6830584472656245,4.027047192382812,8.458714465332031,-0.9761852999513322,-0.7081240438435009,-0.28031853024397474
-4.072537023925781,3.9145197143554684,9.464279162597656,-0.4643108735267358,-0.4604471675490384,-0.10112251162318292
-4.311957189941406,4.314351391601562,9.667786303710937,0.012523736617363892,-0.1802618685456739,0.10218836154806493
-4.537012145996093,4.580107775878906,9.255983618164063,0.09832465557036758,-0.05688973974057853,0.23941653937662674
-4.347870214843749,4.786009118652344,9.212887988281249,0.21556814730739124,0.0860673814342242,0.30243491618527696
-4.2137949218749995,4.891353991699218,9.275137231445312,0.4274058198776954,0.2856477798683849,0.2580689130620623
-4.515464331054687,4.800374328613281,8.949525805664061,0.7963231251274892,0.3895681475443831,0.2993705976512411
-4.678270043945313,4.8889597900390624,8.597578161621094,1.2028116402293747,0.38450536040119354,0.5149387449586323
-4.1946413085937495,5.935225915527344,8.48505068359375,1.6139632487526188,0.6108652381980153,0.6658897405700503
-4.3430818115234375,6.1267620483398435,7.943961108398437,2.11238131987558,0.6228560498529382,0.6415084235383739
-4.520252734375,6.433219860839843,7.40526573486328,2.6123981658858635,0.6565635537273325,0.7815344574197509
-4.027047192382812,8.434772448730468,6.519411120605469,2.3716493141031343,0.912633998180241,0.9852450243128296
-4.1754876953124995,7.773972790527344,5.482721801757812,1.8440536012865278,0.9035742738187438,0.8793261880276775
-4.110844250488281,6.5026517089843745,5.042188696289062,2.4759693755009637,0.5567733545102521,0.9793828497259783
-3.4356793823242184,6.756437084960937,4.302380383300781,3.200214399458305,0.600739663911636,1.1809617167692927
-3.478775012207031,6.1650692749023435,2.5330653564453125,4.081539056095136,0.4637779485642947,1.5618698336740096
-3.1004911499023438,6.114791040039062,0.7062894897460937,4.365588061076198,0.1842588057639815,1.996603371785269
-1.9488801513671874,6.548141540527343,-0.5626373901367188,4.365588061076198,0.1833261870797097,2.420811641888318
-1.2473790649414063,7.302315063476562,-2.5761609863281247,4.365588061076198,0.15454823910789484,2.5710964812966846
-0.5219359619140624,7.750030773925781,-4.314351391601562,4.365588061076198,-0.1215068914365518,2.5000842300514194
0.23702596435546874,8.386888415527343,-5.571307263183593,4.365588061076198,-0.17133537542478686,2.391767231435283
0.8714894042968749,10.40041201171875,-7.101202124023437,3.655199086142323,0.23848392069235497,2.026180707200745
0.469263525390625,9.406818322753905,-7.812280017089844,1.2734241977528094,0.2908437982521848,1.6065022992784446
0.7206546997070312,7.714117749023437,-7.022193469238281,0.14202450249053092,0.1505513018895872,1.5085773374299078
1.8363526733398436,6.983886242675781,-5.942408520507812,0.42767228235891586,-0.07620826962906538,1.0761087304090229
1.93451494140625,6.0908490234374995,-5.88015927734375,1.097159266425443,-0.25207350723460087,0.9536692202881992
1.4101847778320311,4.984727856445312,-6.449979272460937,1.8199387467360717,-0.497485452438689,1.2160015330497898
1.429338391113281,3.9624037475585934,-6.56968935546875,2.7569540619479893,-0.6884058202331832,1.613430323790178
1.3934253662109375,2.3822306518554686,-7.024587670898437,3.8803598827736523,-0.848683002687319,2.0838698343849855
1.426944189453125,1.4891934326171874,-7.888894470214844,4.365588061076198,-1.0185528344653931,2.597742729418736
1.0319009155273438,-0.0526724365234375,-9.473855969238281,4.365588061076198,-1.3857381335872536,3.0851026075710455
1.9728221679687499,-0.24181436767578124,-9.739612353515625,4.365588061076198,-1.1581791746249395,3.5378223631646892
2.6910826660156246,0.6703764648437499,-10.242394702148436,4.365588061076198,-0.6348468615078611,3.3728820872891943
3.670311145019531,2.901772412109375,-10.40041201171875,2.6311837708119095,0.33241194532258417,2.1090505388603233
3.1172505615234374,1.8363526733398436,-10.759542260742187,0.10218836154806493,0.6449724357942405,-0.009725880564548555
2.1811177124023438,-2.3535002319335936,-10.134655627441406,-0.4657764171734486,0.2908437982521848,-1.071978561950105
0.9983820922851562,-4.019864587402344,-9.586383447265625,0.05915467083095285,-0.08393568158446013,-0.7510245033200027
0.5889736083984375,-3.9528269409179684,-9.624690673828125,0.4459249623225207,-0.21556814730739124,-0.10924961730040841
0.9624690673828125,-3.4907460205078125,-9.375693701171874,0.6380444112825072,-0.2110382851266426,0.2366186833238114
1.4413093994140624,-2.5139117431640625,-9.437942944335937,0.4716385917602997,-0.11977488530861849,0.13056661579804907
1.35990654296875,-2.4947581298828125,-9.53131680908203,-0.045565084288706925,-0.06554977038024505,-0.0814042880128653
1.3479355346679687,-2.925714428710937,-9.222464794921875,-0.07287748861380902,-0.0816707504940858,-0.16600612580037669
1.1444283935546875,-3.2824504760742186,-9.143456140136719,0.08566768771239343,-0.112180704593834,-0.14895252700226413
1.0319009155273438,-2.920926025390625,-9.03332286376953,0.07167840744831674,-0.07234456365136802,-0.10511944884149053
1.0654197387695312,-3.220201232910156,-9.026140258789061,0.1308330782792696,-0.05982082703400412,-0.06115313944010666
1.0989385620117187,-2.6336218261718747,-8.851363537597656,0.022915773384963714,0.04316692195772235,-0.058754977109122086
1.1133037719726562,-2.4205378784179685,-8.566453540039062,-0.4206110266065724,0.08500153150934216,-0.09632618696121377
0.8643067993164062,-2.767697119140625,-7.994239343261718,-0.4596477801053769,0.17906278738018158,-0.09992343045769063
0.9720458740234375,-2.877830395507812,-8.037334973144532,-0.2430137828731036,0.21343644745762716,-0.09526033703633173
0.9241618408203125,-2.9185318237304685,-8.437166650390624,-0.0095926493239383,0.15414854538606407,-0.05196018383799912
1.369483349609375,-2.6623522460937497,-8.95670841064453,-0.10711791745064435,0.27605513054444664,-0.040768759626737774
1.678335363769531,-2.418143676757812,-9.758765966796874,-0.3007029100573437,0.2534058196407034,-0.2162343035104425
2.0063409912109376,-2.059013427734375,-10.488997473144531,-0.5058790205971351,0.010392036767599824,-0.6669555904949324
2.6671406494140624,-1.1611878051757811,-10.874463940429687,-1.445825423102478,-0.0019984686091538122,-1.285281778167122
2.24097275390625,-0.469263525390625,-11.183315954589844,-2.6175941842696635,0.14495558978395653,-1.8821577361010606
3.323151904296875,1.8626888916015625,-10.855310327148437,-4.365721292316808,0.5778238905266723,-2.5411194521593776
4.364629626464843,4.319139794921875,-11.204863769531249,-4.365721292316808,1.595577337548404,-3.8169418122431713
3.603273498535156,1.9201497314453124,-12.00213292236328,-4.365721292316808,1.1880229725216362,-4.365721292316808
2.080561242675781,2.480392919921875,-10.50815108642578,-4.365721292316808,0.4668422670983306,-4.308032165132569
2.6791116577148437,5.193023400878906,-9.440337145996093,-4.365721292316808,0.6517672290653633,-3.9814823943968354
1.4125789794921875,4.7189714721679685,-8.801085302734375,-4.365721292316808,0.14282388993419246,-3.99973507436044
0.8044517578125,5.238513232421875,-6.924031201171875,-4.365721292316808,-0.3694502302122348,-3.437499238985168
-0.6703764648437499,6.605602380371093,-5.892130285644531,-4.365721292316808,-0.424075038862439,-2.8442205245477057
-0.07900865478515624,9.085995300292968,-4.685452648925781,-4.365721292316808,-0.3677182240843015,-3.002099544670857
-0.5410895751953124,6.986280444335937,-3.0214824951171875,-4.365721292316808,-0.6732174588036143,-3.8289326238980945
-2.0063409912109376,3.0262708984374997,1.3144167114257812,-4.365721292316808,-1.3352434933959674,-3.5945788716646576
-3.9552211425781247,-1.2425906616210938,6.327874987792969,-4.365721292316808,-1.6723185321399103,-2.5949448733659204
-4.412513659667969,0.23702596435546874,9.576806640625,-2.1688713658943275,-1.2699601854969427,-1.2351868316976664
-4.089296435546875,2.731784094238281,9.794678991699218,-0.7061255752343472,-0.6648238906451683,-0.47070597307602796
-4.067748620605468,3.912125512695312,8.896853369140624,-0.25633690693412897,-0.5122741201464273,-0.14428943358090526
-3.749319799804687,4.855440966796874,8.497021691894531,-0.22049770320997064,-0.3345436451723482,-0.15161715181446922
-3.8187516479492185,5.116408947753906,8.353369592285155,-0.3490658503988659,-0.4011592654774753,-0.24554517644469842
-3.9624037475585934,4.383783239746093,8.307879760742187,-0.31868912753972795,-0.4591148551429358,-0.0057289433462409285
-3.900154504394531,4.496310717773437,7.9846625366210935,-0.16294180726634083,-0.4336676881863773,0.2960398166359847
-3.5290532470703124,5.015852478027344,8.044517578125,0.10978254226284943,-0.35745941855731195,0.31709035265240487
-3.1962592163085937,5.664681127929687,8.037334973144532,0.09752526812670605,-0.3109617155843332,0.15987748873230498
-3.5122938354492184,5.410895751953125,7.654262707519531,-0.05062787143189658,-0.3446692194587275,0.13669525286612078
-3.5673604736328124,5.128379956054687,7.862558251953125,-0.12563705989546967,-0.4304701384117312,0.21316998497640668
-3.361459130859375,5.248090039062499,8.384494213867187,-0.10618529876637257,-0.42141041405023394,0.19771516106561718
-3.2513258544921873,5.1882349975585935,8.765172277832031,-0.006528330789902454,-0.37531240479908595,0.13962634015954636
-3.2034418212890623,5.329492895507812,9.047688073730468,0.03770444109270193,-0.31589127148691265,0.2135696786982374
-3.0119056884765625,5.7077767578125,9.157821350097656,0.0610199081994964,-0.2058422667428427,0.2220964780972937
-2.978386865234375,5.827486840820312,9.193734375,0.13909341519710536,-0.10032312417952138,0.1494854519647052
-3.1028853515624997,5.983109948730468,9.10993731689453,0.049828483988235056,-0.03983614094246599,0.0929954059459574
-3.0142998901367184,5.904101293945312,9.085995300292968,0.08593415019361393,-0.009192955602107537,0.07141194496709623
-2.9759926635742184,6.179434484863281,8.949525805664061,0.048895865303963275,0.05129402763494785,0.028644716731204646
-2.96881005859375,6.086060620117187,8.8872765625,-0.11031546722529045,0.08979785617131131,-0.06315160804926047
-3.0933085449218747,5.935225915527344,8.8872765625,-0.21383614117945793,0.08060490056920376,-0.11977488530861849
-3.0621839233398433,5.985504150390625,8.872911352539061,-0.25327258840009315,0.12283920384265434,-0.2014456358027043
-2.978386865234375,6.227318518066406,9.160215551757812,-0.3422710571277429,0.22009800948813987,-0.36092343081317857
-3.404554760742187,5.389347937011719,8.951920007324219,-0.25367228212192394,0.18319295583909948,-0.42967075096806967
-3.284844677734375,5.343858105468749,9.323021264648437,-0.08273660041896783,0.21556814730739124,-0.3682511490467425
-3.402160559082031,5.504269616699219,9.294290844726563,0.004529862180748642,0.41474885201972117,-0.43433384438942857
-3.785232824707031,4.917690209960937,9.255983618164063,0.29337519182377964,0.33321133276624565,-0.33147932663831237
-3.6487633300781246,3.9145197143554684,9.519345800781249,1.101289434884361,0.3333445640068559,-0.09073047485558308
-3.4093431640625,3.450044592285156,9.267954626464844,2.7313736637508206,0.5811546715419287,0.32801531438244574
-3.430890979003906,3.921702319335937,8.135497241210937,4.184793267568083,0.8818575815992723,0.7519571220042746
-3.440467785644531,3.23696064453125,6.349422802734375,4.365588061076198,0.8137764176474324,1.4463583480649191
-2.7365724975585937,4.647145422363281,2.655169641113281,4.365588061076198,0.8143093426098735,2.1899219019107474
-2.9735984619140625,5.5545478515625,-1.0558429321289062,4.365588061076198,0.46697549833894086,2.8316967879303423
-1.867477294921875,7.297526660156249,-3.497928625488281,4.365588061076198,-0.06901378263611166,2.6903384416428624
-0.6871358764648438,8.80347950439453,-4.57771357421875,4.365588061076198,-0.46777488578260235,2.0332419629530887
-0.6727706665039062,8.568847741699217,-5.91846650390625,4.365588061076198,-0.5401194494339704,1.5833200634122606
-0.9744400756835937,6.471527087402343,-6.9719152343749995,4.365588061076198,-0.784199082231956,1.5133736620918772
-0.7278373046875,2.8323405639648436,-7.726088757324218,4.365588061076198,-1.3044670768149986,1.6851087312384947
0.2920926025390625,0.9959878906249999,-8.793902697753905,4.365588061076198,-1.3292480875685058,2.01299081438033
0.3806780639648437,-0.565031591796875,-10.778695874023438,4.365588061076198,-1.3255176128314188,2.2353537549588443
0.5027823486328125,0.19632453613281248,-11.805808386230469,4.365588061076198,-0.7468943348610848,2.2364196048837264
1.0342951171875,2.6671406494140624,-10.836156713867187,4.365588061076198,0.2093062789987093,1.779036755868724
-0.6679822631835937,0.201112939453125,-10.395623608398436,1.4157151627245608,0.38144104186715766,0.07780704451638844
-1.3623007446289062,-3.5122938354492184,-8.487444885253906,0.7799356825324278,-0.5337243498846782,-1.0238820840898033
-1.1324573852539062,-5.9950809570312495,-7.244854223632812,1.2301240445544765,-0.6393767236886096,-0.7560872904631923
-1.7812860351562498,-5.966350537109375,-6.816292126464844,1.5913139378488759,-0.49615314003258654,-0.10591883628515206
-1.6424223388671875,-4.991910461425781,-7.335833886718749,1.514306280776149,-0.3617228182568401,-0.027845329287543123
-1.7357962036132812,-4.685452648925781,-7.977479931640625,1.2068085774476822,-0.14002603388137713,-0.11364624824054681
-2.2960393920898436,-4.515464331054687,-8.494627490234375,0.5505114862015702,-0.112180704593834,-0.1397595714001566
-2.3295582153320313,-4.903325,-8.224082702636718,0.35532771870754787,-0.2053093417804017,-0.0941944871114497
-2.094926452636719,-4.996698864746094,-7.841010437011718,0.1573460951607102,-0.06141960192132717,-0.007860643196004996
-1.9105729248046874,-5.358223315429687,-8.030152368164062,0.3551944874669376,0.1517503830550795,-0.02105053601642016
-2.042254016113281,-5.078101721191406,-9.0021982421875,0.14309035241541299,0.1822603371548277,-0.08393568158446013
-2.0302830078125,-5.691017346191406,-9.18655177001953,-0.1787963248989611,0.01692036755750228,-0.13043338455743883
-1.4221557861328125,-6.004657763671875,-8.892064965820312,-0.3755788672803065,0.06341807053048099,-0.14375650861846423
-1.2785036865234374,-6.299144567871093,-9.10993731689453,-0.5208009195454836,0.1409586525656489,-0.11271362955627502
-1.1156979736328125,-5.473144995117187,-9.785102185058593,-1.099290966275207,0.08100459429103453,-0.20437672309612986
-0.7661445312499999,-4.434061474609375,-9.93354268798828,-2.153949466945979,0.026779479362661087,-0.6517672290653633
-1.209071838378906,-3.871424084472656,-10.749965454101561,-3.898079637774816,0.06035375199644513,-1.2543721303455428
-1.8770541015625,-3.603273498535156,-10.409988818359375,-4.365721292316808,-0.0430336907171121,-1.4267733556952118
-1.924938134765625,-3.296815686035156,-8.892064965820312,-4.365721292316808,-0.021849923460081685,-1.220264932749318
-1.3072341064453123,-1.8507178833007811,-7.218518005371093,-4.365721292316808,0.566632466315411,-1.1369954073679092
-1.7405846069335937,-0.59376201171875,-6.7085530517578125,-4.365721292316808,1.1088836155991453,-0.5651669226686982
-2.061407629394531,2.0446482177734375,-6.79953271484375,-4.365721292316808,1.2283920384265434,0.3194885149833895
-0.6081272216796875,4.467580297851562,-5.667075329589843,-4.365721292316808,1.067715162250577,0.5824869839480312
1.4820108276367188,7.448361364746093,-4.747701892089843,-4.365721292316808,1.3965298640766841,0.4090199086734803
1.675941162109375,9.842563024902343,-5.6407391113281244,-4.365721292316808,2.361390508576145,-0.26579632501745704
0.9935936889648437,9.794678991699218,-5.961562133789062,-4.365721292316808,2.21217151909266,-1.123938745788104
1.7190367919921874,9.828197814941406,-4.189852905273438,-4.365721292316808,1.602372130819527,-1.8914839229437783
1.1851298217773436,9.667786303710937,-2.418143676757812,-4.365721292316808,1.6901715183816843,-2.2771883645104642
-0.2753331909179687,8.650250598144531,-1.1420341918945311,-4.365721292316808,1.5302940296493792,-2.475303219297912
-1.1109095703125,7.690175732421874,0.5147533569335937,-4.365721292316808,1.065716693641423,-2.52659724693286
-1.8650830932617186,6.098031628417968,2.6048914062499997,-4.365721292316808,0.23608575836137038,-2.3679188393660473
-2.3678654418945313,5.013458276367187,5.370194323730469,-4.365721292316808,0.10018989293891113,-1.7976891295541595
-2.7940333374023436,3.900154504394531,7.620743884277343,-4.292044416259338,0.03370750387439431,-1.3518973984722489
-3.450044592285156,3.3207577026367185,8.801085302734375,-2.656764169009078,-0.28418223622167216,-0.9302205219407945
-3.3207577026367185,4.211400720214844,9.193734375,-1.8619065875283018,-0.2849816236653337,-0.3911669224317062
-3.0741549316406247,4.177881896972656,9.464279162597656,-1.271159266662435,-0.08420214406568063,-0.2668621749423391
-3.294421484375,4.220977526855468,9.222464794921875,-0.8517473212213549,-0.037304747370871166,-0.29457427298927197
-3.5697546752929687,4.321533996582031,8.939948999023438,-0.5354563560126115,-0.14082542132503867,-0.2093062789987093
-3.3111808959960936,4.364629626464843,9.076418493652342,-0.42620673871220305,-0.1786630936583508,-0.22609341531560131
-3.447650390625,4.017470385742187,8.992621435546875,-0.36265543694111185,-0.1628085760257306,-0.23115620245879098
-3.6583401367187496,3.7708676147460936,9.03332286376953,-0.08966462493070106,-0.2996370601324616,0.016787136316892024
-3.380612744140625,4.187458703613281,9.114725720214842,0.24394640155737538,-0.4516539056687616,-0.0030643185340358454
-3.4332851806640625,3.8091748413085935,9.13627353515625,0.7554211342601411,-0.8075145493387506,-0.07287748861380902
-2.214636535644531,5.257666845703125,10.177751257324218,1.151650843835037,-0.7731408892613049,0.13123277200110037
-1.8100164550781248,6.323086584472656,10.69968721923828,0.7141194496709623,-0.20037978587782226,0.009192955602107537
-2.9281086303710935,4.975151049804687,10.448296044921875,1.223462482523964,-0.24141500798578053,-0.13522970921940797
-3.191470812988281,5.849034655761718,10.62307276611328,1.9052067407266347,-0.329214395547938,0.06768147023000912
-2.4301146850585935,5.973533142089844,10.50815108642578,2.2332220551090805,-0.08993108741192156,0.14175804000931044
-2.760514514160156,5.030217687988281,9.445125549316407,3.3250520719101133,-0.13882695271588483,0.3052327722380923
-2.7724855224609373,4.386177441406249,7.390900524902343,4.365588061076198,-0.6111317006792358,0.964061257055799
-1.838746875,5.374982727050781,5.394136340332031,4.365588061076198,-0.599140889024313,1.6230229731141161
-1.4413093994140624,6.313509777832031,2.9664158569335934,4.365588061076198,-0.7620826962906538,1.994071978213674
-0.8092401611328125,7.252036828613281,0.74699091796875,4.365588061076198,-1.0606539064982334,1.9214609520810855
0.09337386474609374,7.922413293457031,-0.9074024291992187,4.365588061076198,-1.224528332448846,1.7928928048921904
0.296881005859375,7.615955480957031,-2.8371289672851563,4.365588061076198,-1.3586921917433719,1.6272863728136444
0.354341845703125,6.902483386230468,-4.7189714721679685,4.365588061076198,-1.5707963267948966,1.4670091903595086
0.9840168823242187,7.345410693359375,-6.555324145507812,4.365588061076198,-1.4371653924628118,1.3289816250872855
0.8451531860351562,5.8610056640625,-8.113949426269532,4.365588061076198,-1.3913338456928843,1.25810260508263
0.9552864624023437,4.656722229003906,-9.181763366699219,4.365588061076198,-1.0670490060475255,1.3084640140333061
1.005564697265625,3.2345664428710936,-9.306261853027344,4.0888667743287,-1.0910306293573713,1.2607672298948351
0.07422025146484375,1.0821791503906248,-9.49300958251953,4.005330786466071,-1.531093417093041,0.9877764178844244
-0.6919242797851562,-0.17956512451171874,-9.586383447265625,4.365588061076198,-2.228425730447111,0.7877963257284328
-1.0079588989257813,-0.9840168823242187,-9.124302526855468,4.365588061076198,-2.6474379821663607,0.685075039217927
-1.177947216796875,-0.6344634399414062,-8.315062365722655,4.365588061076198,-2.356194490192345,0.38677029149156783
-0.9361328491210937,0.13407529296874998,-7.541735229492187,3.081372132833958,-1.5584058214181429,-0.34293721333079424
-1.5634136840820312,-1.8722656982421875,-7.165845568847656,1.8228698340294973,-0.9871102616813732,-1.0108254225099984
-2.844311572265625,-4.328716601562499,-7.6231380859375,1.4580826972386216,-0.910502298330477,-1.165773355339724
-2.906560815429687,-4.867411975097656,-7.225700610351562,1.394797857948751,-0.9795160809665886,-0.7554211342601411
-2.578555187988281,-5.2073886108398435,-7.390900524902343,1.0774410428151253,-0.135762634181849,-0.41488208326033144
-3.392583752441406,-5.104437939453125,-8.59997236328125,0.8939816244948054,0.17173506914661762,-0.24634456388835996
-3.4668040039062498,-5.2456958374023435,-9.10993731689453,0.4990842273260121,0.1217733539177723,-0.14069219008442838
-3.4452561889648434,-5.341463903808593,-9.306261853027344,0.23608575836137038,0.003863705977697371,-0.06488361417719378
-3.2920272827148436,-5.437231970214843,-9.0788126953125,0.13149923448232087,-0.12923430339194653,0.0019984686091538122
-3.1747114013671873,-4.771643908691406,-8.671798413085938,0.11684379801519292,-0.24114854550456005,-0.024914241994117528
-2.9951462768554684,-4.728548278808593,-8.049305981445311,-0.17333384403394067,-0.20371056689307862,-0.06634915782390657
-2.9472622436523435,-5.061342309570312,-7.769184387207031,-0.25940122546816485,0.015454823910789483,-0.01692036755750228
-2.868253588867187,-4.876988781738281,-7.841010437011718,-0.0558238898156965,0.025180704475338038,0.06554977038024505
-2.703053674316406,-4.216189123535156,-7.740453967285156,-0.2976385915233078,0.02464777951289702,0.017852986241774057
-2.4516625,-4.431667272949219,-7.182604980468749,-0.5129402763494786,0.03703828488965066,-0.03397396635561481
-2.501940734863281,-4.599261389160156,-6.945579016113281,-0.6010061263928564,0.18639050561374557,-0.13722817782856178
-2.729389892578125,-5.054159704589844,-7.074865905761718,-0.3940980097251318,0.09166309353985486,-0.14975191444592567
-2.3822306518554686,-4.5585599609375,-7.017405065917968,-0.34027258851858916,0.11724349173702366,-0.10525268008210079
-2.482787121582031,-4.216189123535156,-7.232883215332031,-0.7313062797096851,0.3914333849129268,-0.08993108741192156
-2.868253588867187,-3.69664736328125,-7.326257080078125,-0.8991776428786054,0.3665191429188092,-0.12896784091072602
-2.5617957763671875,-3.8857892944335934,-7.036558679199218,-0.6042036761675026,0.20797396659260675,-0.27192496208552874
-2.3511060302734372,-4.034229797363281,-6.83783994140625,-0.22689280275926285,0.1697366005374638,-0.29057733577096434
-2.5617957763671875,-4.5322237426757805,-7.381323718261719,-0.02398162330984575,0.20704134790833498,-0.2616661565585392
-2.27927998046875,-4.3071687866210935,-8.614337573242187,-0.41474885201972117,0.5494456362766882,-0.13469678425696696
-2.645592834472656,-4.359841223144531,-10.01015714111328,-0.6413751922977635,0.3605237370913478,-0.27418989317590303
-2.602497204589844,-3.782838623046875,-10.675745202636719,-0.752756509447936,0.027578866806322613,-0.3377411949469943
-1.7645266235351562,-2.5546131713867184,-10.658985791015624,-1.6003736622103728,0.27165849960430827,-0.37398009239298347
-1.5179238525390624,-1.915361328125,-10.611101757812499,-2.538055133625342,0.6634915782390657,-0.6428407359444763
-0.5315127685546874,-0.05027823486328125,-10.27830772705078,-3.5121087337269103,1.0490627885651413,-1.097159266425443
-0.00718260498046875,1.1252747802734375,-10.352527978515624,-4.365721292316808,1.4319693740790116,-1.4952542133688824
0.4644751220703125,1.0366893188476562,-10.615890161132812,-4.365721292316808,1.949039818887408,-2.0220505387418273
-0.7972691528320313,-1.5849614990234373,-10.512939489746094,-4.365721292316808,1.5763920389005273,-1.9636952553545362
-0.9888052856445312,0.6727706665039062,-9.430760339355468,-4.365721292316808,1.2782205224147785,-0.9526033703633173
-0.03591302490234375,4.857835168457031,-9.023746057128905,-4.365721292316808,1.4984517631435286,-0.33560949509723026
0.82360537109375,6.543353137207031,-9.100360510253905,-4.365721292316808,1.9815482415963102,-1.054125575708331
-0.076614453125,5.303156677246093,-7.6279264892578125,-4.365721292316808,1.405323125956961,-1.2724915790685376
0.11731588134765625,7.1203557373046875,-4.656722229003906,-4.365721292316808,1.2537059741424916,-0.9308866781438458
0.6392518432617187,8.429984045410155,-2.6982652709960937,-4.365721292316808,1.4498223603207858,-0.8211041358809964
0.46686932373046874,8.997409838867187,-1.5346832641601562,-4.365721292316808,1.6773813192831,-1.1098162342834172
0.6416460449218749,10.189722265624999,-0.5578489868164063,-4.365721292316808,2.099457889536385,-1.4555513036670267
-0.6584054565429687,7.967903124999999,0.33039982910156246,-4.365721292316808,2.1001240457394363,-1.8656370622653888
-2.5953145996093747,4.50109912109375,3.4715924072265625,-4.365721292316808,1.4093200631752687,-1.7400000023699194
-2.710236279296875,2.8754361938476563,6.720524060058593,-3.8766294080365653,0.01945176112909711,-1.4783338458113804
-2.4061726684570313,3.9815573608398434,8.846575134277343,-2.025114857275863,0.021983154700691936,-0.6147289441757127
-2.4109610717773435,5.671863732910156,8.75320126953125,-1.261300154857276,-0.05529096485325548,-0.19584992369707363
-2.583343591308594,6.040570788574218,8.418013037109375,-0.8786600318246262,-0.06848085767367064,0.17160183790600736
-2.0374656127929685,6.358999609374999,7.982268334960937,-0.8358928035887346,0.2923093418988976,0.3106952531031127
-2.521094348144531,7.0461354858398435,7.2903440551757805,-0.5168039823271758,0.059021439590342596,0.2727243495291903
-1.908178723144531,7.388506323242187,7.726088757324218,-0.6115313944010665,-0.0831362941407986,0.17160183790600736
-1.68551796875,6.883329772949218,8.322244970703125,-0.3694502302122348,0.06235222060559895,0.08993108741192156
-2.114080065917969,6.76122548828125,8.2360537109375,0.17400000023699194,-0.11950842282739799,0.2078407353519965
-1.4125789794921875,7.204152795410156,8.456320263671875,0.26619601873928783,0.06062021447766565,0.2735237369728518
-2.109291662597656,6.89530078125,7.781155395507812,0.6829433393681628,-0.009059724361497283,0.19331853012547878
-2.070984436035156,7.003039855957031,7.216123803710937,1.2735574289934195,-0.18119448722994566,0.2680612561078314
-1.7884686401367187,7.587225061035156,6.698976245117187,1.392133233136546,-0.2255604903531603,0.31975497746460996
-1.7262193969726563,7.6614453125,6.382941625976562,1.5809219010812758,-0.45831546769927434,0.3485329254364249
-1.7645266235351562,6.648698010253906,6.308721374511719,2.453719758319051,-0.783133232307074,0.5337243498846782
-1.1061211669921875,7.572859851074218,6.189011291503906,3.4813323171459416,-0.9571332325440659,0.7715421143739819
-0.3758896606445312,8.645462194824217,5.123591552734375,3.9421791784168105,-0.9601975510781018,0.7630153149749256
-0.4333505004882812,8.94473740234375,3.7421371948242186,3.9331194540553134,-0.8959800931039592,0.7739402767049663
-0.258573779296875,8.765172277832031,2.760514514160156,4.248344569339174,-1.0663828498444743,0.9035742738187438
0.28490999755859375,9.773131176757811,1.656787548828125,3.9832144005247687,-1.0142894347658649,0.8833231252459851
0.6392518432617187,8.98304462890625,0.19632453613281248,3.446958657068496,-1.0733108743562076,0.4206110266065724
0.38307226562499996,7.37414111328125,-0.1580173095703125,4.365588061076198,-1.5181699867538463,0.33694180750333275
0.9433154541015625,7.831433630371094,-1.5945383056640625,4.365588061076198,-1.3344441059523056,0.5126738138682579
0.10295067138671875,8.250418920898436,-3.6200329101562496,4.365588061076198,-1.1837595728221082,0.6292511494022305
-0.30406361083984373,7.740453967285156,-5.391742138671875,4.365588061076198,-1.6224900481516753,0.6710857589538503
-0.055066638183593745,7.869740856933594,-6.074089611816406,4.365588061076198,-1.8234027589919384,0.7472940285829156
0.3711012573242187,7.905653881835937,-6.624755993652343,4.365588061076198,-1.4659433404346265,0.7174502306862187
0.4860229370117187,7.948749511718749,-8.334215979003906,3.6941026084005175,-1.1015558973655815,0.5602373667661188
0.59376201171875,6.9336080078124995,-8.365340600585936,1.9816814728369205,-0.9005099552847079,0.4274058198776954
0.948103857421875,6.153098266601562,-7.575254052734374,0.7374349167777569,-0.3935650847626908,0.4080872899892085
0.7900865478515624,5.2265422241210935,-7.558494641113281,-0.40062634051503426,-0.004529862180748642,0.5359892809750525
0.0,3.6559459350585937,-7.9463553100585935,0.1842588057639815,0.0255803981971688,0.4203445641253519
-0.8188169677734375,3.5146880371093747,-8.564059338378906,1.2710260354218248,-0.2824502300937389,0.35239663141412225
-1.1324573852539062,3.5817256835937497,-9.234435803222656,2.3563277214329554,-0.8227029107683194,0.39489739716879335
-1.3311761230468748,2.990357873535156,-9.114725720214842,3.2925436492012112,-1.3437702927950235,0.35133078148924024
-1.5897499023437498,1.5035586425781249,-9.119514123535156,4.365588061076198,-1.7409326210541913,0.27019295595759546
-1.7980454467773437,0.584185205078125,-9.296685046386719,4.365588061076198,-2.0740107225798265,0.34093874472164043
-1.62805712890625,0.1149216796875,-8.79150849609375,4.365588061076198,-1.8599081189191482,0.3490658503988659
-0.9792284790039062,0.16041151123046873,-7.484274389648437,4.365588061076198,-1.256503830195307,0.10498621760088028
-0.2346317626953125,-0.16041151123046873,-7.098807922363281,4.011592654774753,0.10058958666074189,-0.3863705977697371
-1.3263877197265623,-2.360682836914062,-8.501810095214843,1.772241962597601,0.981781012056963,-0.6880061265113525
-2.7581203125,-5.025429284667968,-9.90241806640625,0.42514088878732104,0.5154716699210734,-0.5096094953342222
-2.626439221191406,-6.430825659179687,-9.0021982421875,0.18372588080154048,-0.2619326190397597,-0.2695267997545442
-2.090138049316406,-6.356605407714843,-7.8912886718749995,0.10671822372881358,-0.12004134778983899,0.03757120985209167
-2.770091320800781,-6.086060620117187,-8.252813122558594,0.34160490092469165,0.10591883628515206,0.30150229750100516
-2.597708801269531,-5.044582897949218,-8.480262280273436,0.328148545623056,0.05462480865020421,0.3951638596500139
-2.319981408691406,-4.314351391601562,-8.250418920898436,-0.07141194496709623,0.08540122523117291,0.2596676879493854
-2.233790148925781,-4.84586416015625,-8.173804467773436,-0.2250275653907193,0.1057856050445418,0.1450888210245668
-2.233790148925781,-4.76924970703125,-8.097190014648437,-0.016254211354451008,0.032108728987071254,0.13816079651283356
-2.1643583007812497,-4.369418029785156,-7.809885815429687,-0.12577029113607993,-0.009459418083328047,0.12483767245180814
-1.9728221679687499,-4.034229797363281,-7.639897497558593,-0.23435375223343707,0.11124808590956223,0.02531393571594829
-1.5801730957031248,-3.593696691894531,-7.445967163085937,-0.5410520681182421,0.4304701384117312,-0.1508177643708077
-1.4915876342773438,-3.296815686035156,-8.051700183105469,-0.6557641662836711,0.7568866779068539,-0.4282052073213569
-1.5083470458984374,-2.214636535644531,-9.387664709472656,-1.4319693740790116,1.1138131715017248,-0.7047932628282445
-1.5610194824218748,-1.5107412475585937,-10.565611926269531,-2.566566619115936,1.0817044425146536,-1.0252143964959057
-0.7685387329101562,-1.484405029296875,-10.982203015136719,-3.787764170549526,1.0437335389407312,-1.3861378273090843
0.04548983154296875,-1.6807295654296874,-11.444283935546874,-4.365721292316808,1.12180704593834,-1.7454624832349397
0.1149216796875,-1.879448303222656,-12.243947290039062,-4.365721292316808,1.0537258819865003,-1.8764287927548198
0.9074024291992187,-0.5410895751953124,-12.016498132324218,-4.365721292316808,1.0483966323620901,-1.8319295583909947
1.4149731811523436,0.7062894897460937,-11.473014355468749,-4.365721292316808,1.2931424213631268,-1.9343843824202802
0.7709329345703124,1.618480322265625,-10.620678564453124,-4.365721292316808,1.2752894351213528,-1.9093369091855523
0.26336218261718747,3.227383837890625,-9.727641345214844,-4.365721292316808,1.3876033709557973,-1.8862879045599783
0.8020575561523438,6.404489440917969,-7.934384301757812,-4.365721292316808,1.6252879042044905,-1.852447169444974
1.6639701538085936,9.782707983398437,-7.3478048950195305,-4.365721292316808,2.4253415040690665,-2.3476676907932887
1.898601916503906,10.366893188476562,-7.6231380859375,-4.365721292316808,2.9770520714361295,-3.1906217501343668
-0.8978256225585937,4.146757275390625,-5.046977099609375,-4.365721292316808,2.145422667546923,-3.870101077246663
-3.9695863525390624,-0.7422025146484375,1.3168109130859373,-4.365721292316808,0.6933353761357627,-2.9629295599314425
-5.125985754394531,-0.5315127685546874,6.363788012695312,-2.167006128525784,-0.5864839211663389,-0.7961898938868789
-3.4955344238281247,4.070142822265625,7.070077502441406,0.21050536016420157,-0.6885390514737936,0.7760719765547306
-2.578555187988281,7.821856823730468,6.351817004394531,0.520001532101822,-0.6084670758670309,1.2798192973021016
-0.9624690673828125,9.95987890625,6.141127258300781,-0.6387105674855584,-0.40715467130493677,0.8316294038892065
-1.0773907470703123,9.052476477050782,5.7843912109375,-0.9231592661884511,-0.4066217463424957,-0.2334211335491653
-1.426944189453125,8.36294639892578,5.686228942871093,-1.1708361424829135,-0.39023430374743445,-0.4873598781523097
-1.838746875,7.685387329101562,5.741295581054687,-1.1688376738737598,-0.376378254723968,-0.3857044415666858
-2.0566192260742184,7.558494641113281,5.9400143188476555,-1.0843690673268587,-0.3901010725068242,-0.25633690693412897
-1.707065783691406,7.364564306640625,6.6319385986328125,-0.8413552844537551,-0.4452588061194694,-0.14735375211494112
-1.6232687255859375,7.4794859863281244,6.725312463378906,-0.7440964788082695,-0.30603215968175385,-0.01958499236970736
-2.0063409912109376,7.369352709960937,6.4739212890625,-0.7015957130535985,-0.40195865292113686,0.019984686091538122
-1.8124106567382812,7.074865905761718,7.036558679199218,-0.7310398172284646,-0.4680413482638229,0.09539356827694198
-1.5777788940429687,6.519411120605469,7.6231380859375,-0.54518223657716,-0.4549846866840179,0.17000306301868431
-1.7932570434570312,6.605602380371093,7.580042456054687,-0.21796630963837582,-0.3573261873167016,0.3940980097251318
-1.5107412475585937,7.541735229492187,7.790732202148437,-0.1950505362534121,-0.28125114892824654,0.44858958713472574
-0.9097966308593749,7.558494641113281,8.295908752441406,-0.08273660041896783,-0.18385911204215075,0.2923093418988976
-1.01514150390625,7.532158422851562,7.982268334960937,0.1450888210245668,-0.06488361417719378,0.31189433426860497
-0.814028564453125,8.058882788085937,7.764395983886718,0.1601439512135255,-0.016387442595061263,0.29790505400452827
-0.7852981445312499,8.348581188964843,7.4770917846679685,0.0688805513955014,0.023448698347404734,0.12870137842950552
-0.82360537109375,7.8529814453124995,7.64229169921875,0.22196324685668345,-0.016120980113840753,0.03757120985209167
-0.7805097412109374,8.123526232910155,7.481880187988281,0.2651301688144058,0.11564471684970061,0.0003996937218307625
-1.0917559570312498,8.2360537109375,7.275978845214843,0.23035681501512945,0.0863338439154447,0.009992343045769061
-0.9050082275390624,8.501810095214843,7.182604980468749,0.032375191468291764,0.12164012267716205,-0.050894333913117096
-0.86191259765625,8.348581188964843,6.981492041015625,-0.06275191432742971,0.13123277200110037,-0.19278560516303778
-1.3215993164062498,7.71890615234375,6.4667386840820305,0.11790964794007493,-0.033307810152563545,-0.28125114892824654
-1.3335703247070312,7.721300354003906,6.246472131347656,0.21183767257030411,-0.16494027587549465,-0.17519908140248425
-1.0678139404296874,8.382100012207031,6.4739212890625,0.2295574275714679,-0.2772542117099389,-0.2752557431007851
-1.3048399047851562,7.994239343261718,6.8785413696289055,0.31389280287775884,-0.43433384438942857,-0.4119509959669059
-1.5538368774414062,6.449979272460937,6.8976949829101555,1.4359663112973193,-0.7955237376838277,-0.32908116430732776
-1.4317325927734375,6.672640026855468,6.979097839355468,3.1550490088914285,-1.2231960200427434,-0.03530627876171736
-0.689530078125,7.951143713378905,6.241683728027343,4.365588061076198,-1.300470139596691,0.04569831552931718
-0.584185205078125,9.165003955078124,4.469974499511719,4.365588061076198,-1.2402496188408558,-0.0941944871114497
-0.9002198242187499,8.968679418945312,2.7150246826171873,4.365588061076198,-1.2538392053831018,0.012923430339194655
-1.1252747802734375,7.975085729980468,0.9959878906249999,4.365588061076198,-1.4872603389322672,0.11684379801519292
-0.4644751220703125,8.695740429687499,-0.4908113403320312,4.365588061076198,-1.280618684745763,0.07993874436615249
-0.7038952880859375,8.303091357421874,-2.1715409057617188,4.365588061076198,-0.9683246567553273,-0.07007963256099368
-1.2832920898437499,7.050923889160156,-3.2154128295898436,4.365588061076198,-0.9515375204384352,0.16174272610084856
-1.1348515869140625,6.009446166992187,-4.395754248046875,4.365588061076198,-1.063584993791659,0.48003215991874576
-0.6560112548828124,5.820304235839844,-5.576095666503906,4.365588061076198,-1.2098728959817182,0.5650336914280879
-0.737414111328125,4.908113403320312,-7.1586629638671875,4.365588061076198,-1.3368422682832903,0.45338591179669496
-0.4836287353515625,3.9647979492187497,-8.240842114257813,4.365588061076198,-1.3187228195602958,0.35133078148924024
-1.0079588989257813,1.944091748046875,-9.215282189941405,4.365588061076198,-1.363355285164731,0.09059724361497283
-0.9864110839843749,1.1635820068359375,-9.373299499511718,4.365588061076198,-1.1597779495122624,-0.06808116395183987
-1.1875240234375,0.4070142822265625,-9.804255798339844,4.365588061076198,-0.7947243502401661,-0.2679280248672211
-1.458068811035156,0.1292868896484375,-10.196904870605469,3.9569678461245488,-0.29830474772635907,-0.36878407400918356
-1.89620771484375,-1.3335703247070312,-10.304643945312499,1.227059726020441,0.0764747321102859,-0.36385451810660413
-2.499546533203125,-3.5601778686523438,-9.756371765136718,-0.272058193326139,0.017719755001163805,-0.2996370601324616
-2.863465185546875,-4.905719201660156,-9.088389501953124,-0.058888208349732345,-0.26672894370172884,-0.0834027566220191
-2.674323254394531,-4.261678955078125,-8.525752111816406,0.32868147058549707,-0.1955834612158531,0.04343338443894285
-2.70065947265625,-3.6367923217773437,-8.518569506835936,0.2757886680632261,-0.0334410413931738,0.03410719759622506
-2.703053674316406,-3.6679169433593746,-8.846575134277343,-0.006928024511733216,0.032508422708902016,0.036238897445989134
